level,species,v_gene,j_gene,junction,purity,n,locus,alphabet
V+J,human,TRAV21,TRAJ6,C/F,1.0,30967,TRA,"C/C,C/F,C/L,C/W"
V+J,human,TRAV1-2,TRAJ33,C/W,1.0,27447,TRA,"C/C,C/F,C/L,C/W"
V+J,human,TRAV29/DV5,TRAJ40,C/F,1.0,5841,TRA,"C/C,C/F,C/L,C/W"
V+J,human,TRAV29/DV5,TRAJ49,C/F,1.0,5742,TRA,"C/C,C/F,C/L,C/W"
V+J,human,TRAV9-2,TRAJ49,C/F,1.0,5266,TRA,"C/C,C/F,C/L,C/W"
V+J,human,TRAV13-1,TRAJ49,C/F,1.0,4990,TRA,"C/C,C/F,C/L,C/W"
V+J,human,TRAV1-2,TRAJ20,C/F,1.0,4785,TRA,"C/C,C/F,C/L,C/W"
V+J,human,TRAV17,TRAJ54,C/F,1.0,4733,TRA,"C/C,C/F,C/L,C/W"
V+J,human,TRAV29/DV5,TRAJ52,C/F,1.0,4704,TRA,"C/C,C/F,C/L,C/W"
V+J,human,TRAV29/DV5,TRAJ54,C/F,1.0,4669,TRA,"C/C,C/F,C/L,C/W"
V+J,human,TRAV29/DV5,TRAJ53,C/F,1.0,4665,TRA,"C/C,C/F,C/L,C/W"
V+J,human,TRAV29/DV5,TRAJ42,C/F,1.0,4582,TRA,"C/C,C/F,C/L,C/W"
V+J,human,TRAV9-2,TRAJ52,C/F,1.0,4431,TRA,"C/C,C/F,C/L,C/W"
V+J,human,TRAV13-1,TRAJ45,C/F,1.0,4260,TRA,"C/C,C/F,C/L,C/W"
V+J,human,TRAV41,TRAJ49,C/F,1.0,4197,TRA,"C/C,C/F,C/L,C/W"
V+J,human,TRAV29/DV5,TRAJ48,C/F,1.0,4128,TRA,"C/C,C/F,C/L,C/W"
V+J,human,TRAV29/DV5,TRAJ37,C/F,1.0,3914,TRA,"C/C,C/F,C/L,C/W"
V+J,human,TRAV9-2,TRAJ54,C/F,1.0,3903,TRA,"C/C,C/F,C/L,C/W"
V+J,human,TRAV9-2,TRAJ53,C/F,1.0,3899,TRA,"C/C,C/F,C/L,C/W"
V+J,human,TRAV12-1,TRAJ9,C/F,1.0,3764,TRA,"C/C,C/F,C/L,C/W"
V+J,human,TRAV29/DV5,TRAJ45,C/F,1.0,3735,TRA,"C/C,C/F,C/L,C/W"
V+J,human,TRAV13-1,TRAJ48,C/F,1.0,3563,TRA,"C/C,C/F,C/L,C/W"
V+J,human,TRAV13-1,TRAJ6,C/F,1.0,3444,TRA,"C/C,C/F,C/L,C/W"
V+J,human,TRAV14/DV4,TRAJ49,C/F,1.0,3366,TRA,"C/C,C/F,C/L,C/W"
V+J,human,TRAV13-1,TRAJ20,C/F,1.0,3307,TRA,"C/C,C/F,C/L,C/W"
V+J,human,TRAV29/DV5,TRAJ43,C/F,1.0,3302,TRA,"C/C,C/F,C/L,C/W"
V+J,human,TRAV13-1,TRAJ52,C/F,1.0,3295,TRA,"C/C,C/F,C/L,C/W"
V+J,human,TRAV13-1,TRAJ43,C/F,1.0,3278,TRA,"C/C,C/F,C/L,C/W"
V+J,human,TRAV38-2/DV8,TRAJ57,C/F,1.0,3227,TRA,"C/C,C/F,C/L,C/W"
V+J,human,TRAV38-2/DV8,TRAJ54,C/F,1.0,3181,TRA,"C/C,C/F,C/L,C/W"
V+J,human,TRAV38-2/DV8,TRAJ49,C/F,1.0,3171,TRA,"C/C,C/F,C/L,C/W"
V+J,human,TRAV41,TRAJ45,C/F,1.0,3159,TRA,"C/C,C/F,C/L,C/W"
V+J,human,TRAV17,TRAJ53,C/F,1.0,3148,TRA,"C/C,C/F,C/L,C/W"
V+J,human,TRAV13-1,TRAJ40,C/F,1.0,3125,TRA,"C/C,C/F,C/L,C/W"
V+J,human,TRAV26-1,TRAJ52,C/F,1.0,3099,TRA,"C/C,C/F,C/L,C/W"
V+J,human,TRAV13-1,TRAJ42,C/F,1.0,3056,TRA,"C/C,C/F,C/L,C/W"
V+J,human,TRAV9-2,TRAJ9,C/F,1.0,3048,TRA,"C/C,C/F,C/L,C/W"
V+J,human,TRAV26-1,TRAJ37,C/F,1.0,3034,TRA,"C/C,C/F,C/L,C/W"
V+J,human,TRAV12-1,TRAJ6,C/F,1.0,3023,TRA,"C/C,C/F,C/L,C/W"
V+J,human,TRAV17,TRAJ52,C/F,1.0,3017,TRA,"C/C,C/F,C/L,C/W"
V+J,human,TRAV38-2/DV8,TRAJ42,C/F,1.0,3017,TRA,"C/C,C/F,C/L,C/W"
V+J,human,TRAV41,TRAJ42,C/F,1.0,2993,TRA,"C/C,C/F,C/L,C/W"
V+J,human,TRAV9-2,TRAJ37,C/F,1.0,2981,TRA,"C/C,C/F,C/L,C/W"
V+J,human,TRAV26-1,TRAJ49,C/F,1.0,2897,TRA,"C/C,C/F,C/L,C/W"
V+J,human,TRAV17,TRAJ58,C/F,1.0,2874,TRA,"C/C,C/F,C/L,C/W"
V+J,human,TRAV12-1,TRAJ49,C/F,1.0,2844,TRA,"C/C,C/F,C/L,C/W"
V+J,human,TRAV38-2/DV8,TRAJ43,C/F,1.0,2844,TRA,"C/C,C/F,C/L,C/W"
V+J,human,TRAV9-2,TRAJ42,C/F,1.0,2820,TRA,"C/C,C/F,C/L,C/W"
V+J,human,TRAV1-2,TRAJ12,C/F,1.0,2795,TRA,"C/C,C/F,C/L,C/W"
V+J,human,TRAV21,TRAJ49,C/F,1.0,2775,TRA,"C/C,C/F,C/L,C/W"
V+J,human,TRAV38-2/DV8,TRAJ40,C/F,1.0,2760,TRA,"C/C,C/F,C/L,C/W"
V+J,human,TRAV21,TRAJ20,C/F,1.0,2731,TRA,"C/C,C/F,C/L,C/W"
V+J,human,TRAV29/DV5,TRAJ39,C/F,1.0,2723,TRA,"C/C,C/F,C/L,C/W"
V+J,human,TRAV38-2/DV8,TRAJ48,C/F,1.0,2718,TRA,"C/C,C/F,C/L,C/W"
V+J,human,TRAV9-2,TRAJ23,C/F,1.0,2706,TRA,"C/C,C/F,C/L,C/W"
V+J,human,TRAV29/DV5,TRAJ28,C/F,1.0,2696,TRA,"C/C,C/F,C/L,C/W"
V+J,human,TRAV13-1,TRAJ13,C/F,1.0,2695,TRA,"C/C,C/F,C/L,C/W"
V+J,human,TRAV38-2/DV8,TRAJ45,C/F,1.0,2695,TRA,"C/C,C/F,C/L,C/W"
V+J,human,TRAV26-1,TRAJ53,C/F,1.0,2689,TRA,"C/C,C/F,C/L,C/W"
V+J,human,TRAV26-1,TRAJ39,C/F,1.0,2676,TRA,"C/C,C/F,C/L,C/W"
V+J,human,TRAV17,TRAJ20,C/F,1.0,2672,TRA,"C/C,C/F,C/L,C/W"
V+J,human,TRAV29/DV5,TRAJ44,C/F,1.0,2670,TRA,"C/C,C/F,C/L,C/W"
V+J,human,TRAV12-1,TRAJ42,C/F,1.0,2644,TRA,"C/C,C/F,C/L,C/W"
V+J,human,TRAV9-2,TRAJ45,C/F,1.0,2641,TRA,"C/C,C/F,C/L,C/W"
V+J,human,TRAV13-1,TRAJ53,C/F,1.0,2640,TRA,"C/C,C/F,C/L,C/W"
V+J,human,TRAV29/DV5,TRAJ57,C/F,1.0,2639,TRA,"C/C,C/F,C/L,C/W"
V+J,human,TRAV8-3,TRAJ47,C/F,1.0,2638,TRA,"C/C,C/F,C/L,C/W"
V+J,human,TRAV8-3,TRAJ10,C/F,1.0,2638,TRA,"C/C,C/F,C/L,C/W"
V+J,human,TRAV41,TRAJ34,C/F,1.0,2635,TRA,"C/C,C/F,C/L,C/W"
V+J,human,TRAV13-1,TRAJ10,C/F,1.0,2629,TRA,"C/C,C/F,C/L,C/W"
V+J,human,TRAV21,TRAJ37,C/F,1.0,2625,TRA,"C/C,C/F,C/L,C/W"
V+J,human,TRAV13-1,TRAJ9,C/F,1.0,2616,TRA,"C/C,C/F,C/L,C/W"
V+J,human,TRAV8-3,TRAJ40,C/F,1.0,2607,TRA,"C/C,C/F,C/L,C/W"
V+J,human,TRAV13-1,TRAJ4,C/F,1.0,2603,TRA,"C/C,C/F,C/L,C/W"
V+J,human,TRAV26-1,TRAJ48,C/F,1.0,2600,TRA,"C/C,C/F,C/L,C/W"
V+J,human,TRAV12-3,TRAJ49,C/F,1.0,2591,TRA,"C/C,C/F,C/L,C/W"
V+J,human,TRAV21,TRAJ57,C/F,1.0,2585,TRA,"C/C,C/F,C/L,C/W"
V+J,human,TRAV13-1,TRAJ22,C/F,1.0,2584,TRA,"C/C,C/F,C/L,C/W"
V+J,human,TRAV21,TRAJ40,C/F,1.0,2577,TRA,"C/C,C/F,C/L,C/W"
V+J,human,TRAV27,TRAJ40,C/F,1.0,2568,TRA,"C/C,C/F,C/L,C/W"
V+J,human,TRAV8-3,TRAJ48,C/F,1.0,2566,TRA,"C/C,C/F,C/L,C/W"
V+J,human,TRAV29/DV5,TRAJ29,C/F,1.0,2564,TRA,"C/C,C/F,C/L,C/W"
V+J,human,TRAV9-2,TRAJ6,C/F,1.0,2564,TRA,"C/C,C/F,C/L,C/W"
V+J,human,TRAV8-3,TRAJ43,C/F,1.0,2550,TRA,"C/C,C/F,C/L,C/W"
V+J,human,TRAV12-1,TRAJ37,C/F,1.0,2544,TRA,"C/C,C/F,C/L,C/W"
V+J,human,TRAV13-1,TRAJ11,C/F,1.0,2524,TRA,"C/C,C/F,C/L,C/W"
V+J,human,TRAV13-1,TRAJ37,C/F,1.0,2523,TRA,"C/C,C/F,C/L,C/W"
V+J,human,TRAV9-2,TRAJ20,C/F,1.0,2516,TRA,"C/C,C/F,C/L,C/W"
V+J,human,TRAV12-1,TRAJ43,C/F,1.0,2516,TRA,"C/C,C/F,C/L,C/W"
V+J,human,TRAV9-2,TRAJ15,C/F,1.0,2512,TRA,"C/C,C/F,C/L,C/W"
V+J,human,TRAV19,TRAJ49,C/F,1.0,2509,TRA,"C/C,C/F,C/L,C/W"
V+J,human,TRAV12-3,TRAJ52,C/F,1.0,2493,TRA,"C/C,C/F,C/L,C/W"
V+J,human,TRAV9-2,TRAJ22,C/F,1.0,2456,TRA,"C/C,C/F,C/L,C/W"
V+J,human,TRAV26-1,TRAJ42,C/F,1.0,2450,TRA,"C/C,C/F,C/L,C/W"
V+J,human,TRAV29/DV5,TRAJ22,C/F,1.0,2447,TRA,"C/C,C/F,C/L,C/W"
V+J,human,TRAV26-1,TRAJ23,C/F,1.0,2442,TRA,"C/C,C/F,C/L,C/W"
V+J,human,TRAV12-1,TRAJ40,C/F,1.0,2440,TRA,"C/C,C/F,C/L,C/W"
V+J,human,TRAV8-3,TRAJ45,C/F,1.0,2432,TRA,"C/C,C/F,C/L,C/W"
V+J,human,TRAV3,TRAJ9,C/F,1.0,2424,TRA,"C/C,C/F,C/L,C/W"
V+J,human,TRAV27,TRAJ52,C/F,1.0,2419,TRA,"C/C,C/F,C/L,C/W"
V+J,human,TRAV8-3,TRAJ20,C/F,1.0,2417,TRA,"C/C,C/F,C/L,C/W"
V+J,human,TRAV13-1,TRAJ44,C/F,1.0,2417,TRA,"C/C,C/F,C/L,C/W"
V+J,human,TRAV17,TRAJ29,C/F,1.0,2412,TRA,"C/C,C/F,C/L,C/W"
V+J,human,TRAV13-2,TRAJ52,C/F,1.0,2410,TRA,"C/C,C/F,C/L,C/W"
V+J,human,TRAV12-3,TRAJ54,C/F,1.0,2397,TRA,"C/C,C/F,C/L,C/W"
V+J,human,TRAV21,TRAJ58,C/F,1.0,2392,TRA,"C/C,C/F,C/L,C/W"
V+J,human,TRAV9-2,TRAJ48,C/F,1.0,2388,TRA,"C/C,C/F,C/L,C/W"
V+J,human,TRAV21,TRAJ45,C/F,1.0,2387,TRA,"C/C,C/F,C/L,C/W"
V+J,human,TRAV9-2,TRAJ13,C/F,1.0,2378,TRA,"C/C,C/F,C/L,C/W"
V+J,human,TRAV26-1,TRAJ44,C/F,1.0,2378,TRA,"C/C,C/F,C/L,C/W"
V+J,human,TRAV38-2/DV8,TRAJ52,C/F,1.0,2370,TRA,"C/C,C/F,C/L,C/W"
V+J,human,TRAV9-2,TRAJ57,C/F,1.0,2360,TRA,"C/C,C/F,C/L,C/W"
V+J,human,TRAV8-3,TRAJ42,C/F,1.0,2352,TRA,"C/C,C/F,C/L,C/W"
V+J,human,TRAV17,TRAJ37,C/F,1.0,2346,TRA,"C/C,C/F,C/L,C/W"
V+J,human,TRAV27,TRAJ53,C/F,1.0,2343,TRA,"C/C,C/F,C/L,C/W"
V+J,human,TRAV12-1,TRAJ4,C/F,1.0,2340,TRA,"C/C,C/F,C/L,C/W"
V+J,human,TRAV17,TRAJ49,C/F,1.0,2328,TRA,"C/C,C/F,C/L,C/W"
V+J,human,TRAV41,TRAJ58,C/F,1.0,2321,TRA,"C/C,C/F,C/L,C/W"
V+J,human,TRAV12-1,TRAJ20,C/F,1.0,2304,TRA,"C/C,C/F,C/L,C/W"
V+J,human,TRAV13-2,TRAJ49,C/F,1.0,2302,TRA,"C/C,C/F,C/L,C/W"
V+J,human,TRAV29/DV5,TRAJ34,C/F,1.0,2293,TRA,"C/C,C/F,C/L,C/W"
V+J,human,TRAV17,TRAJ40,C/F,1.0,2277,TRA,"C/C,C/F,C/L,C/W"
V+J,human,TRAV13-1,TRAJ15,C/F,1.0,2277,TRA,"C/C,C/F,C/L,C/W"
V+J,human,TRAV21,TRAJ52,C/F,1.0,2271,TRA,"C/C,C/F,C/L,C/W"
V+J,human,TRAV13-1,TRAJ8,C/F,1.0,2258,TRA,"C/C,C/F,C/L,C/W"
V+J,human,TRAV13-1,TRAJ39,C/F,1.0,2252,TRA,"C/C,C/F,C/L,C/W"
V+J,human,TRAV12-1,TRAJ23,C/F,1.0,2240,TRA,"C/C,C/F,C/L,C/W"
V+J,human,TRAV21,TRAJ26,C/F,1.0,2232,TRA,"C/C,C/F,C/L,C/W"
V+J,human,TRAV9-2,TRAJ29,C/F,1.0,2205,TRA,"C/C,C/F,C/L,C/W"
V+J,human,TRAV21,TRAJ39,C/F,1.0,2198,TRA,"C/C,C/F,C/L,C/W"
V+J,human,TRAV13-1,TRAJ33,C/W,1.0,2191,TRA,"C/C,C/F,C/L,C/W"
V+J,human,TRAV3,TRAJ37,C/F,1.0,2171,TRA,"C/C,C/F,C/L,C/W"
V+J,human,TRAV17,TRAJ56,C/F,1.0,2169,TRA,"C/C,C/F,C/L,C/W"
V+J,human,TRAV29/DV5,TRAJ30,C/F,1.0,2165,TRA,"C/C,C/F,C/L,C/W"
V+J,human,TRAV26-1,TRAJ45,C/F,1.0,2129,TRA,"C/C,C/F,C/L,C/W"
V+J,human,TRAV21,TRAJ42,C/F,1.0,2122,TRA,"C/C,C/F,C/L,C/W"
V+J,human,TRAV21,TRAJ34,C/F,1.0,2121,TRA,"C/C,C/F,C/L,C/W"
V+J,human,TRAV12-1,TRAJ13,C/F,1.0,2114,TRA,"C/C,C/F,C/L,C/W"
V+J,human,TRAV12-3,TRAJ53,C/F,1.0,2108,TRA,"C/C,C/F,C/L,C/W"
V+J,human,TRAV29/DV5,TRAJ23,C/F,1.0,2107,TRA,"C/C,C/F,C/L,C/W"
V+J,human,TRAV41,TRAJ54,C/F,1.0,2104,TRA,"C/C,C/F,C/L,C/W"
V+J,human,TRAV17,TRAJ23,C/F,1.0,2104,TRA,"C/C,C/F,C/L,C/W"
V+J,human,TRAV13-1,TRAJ26,C/F,1.0,2100,TRA,"C/C,C/F,C/L,C/W"
V+J,human,TRAV14/DV4,TRAJ52,C/F,1.0,2098,TRA,"C/C,C/F,C/L,C/W"
V+J,human,TRAV8-3,TRAJ4,C/F,1.0,2097,TRA,"C/C,C/F,C/L,C/W"
V+J,human,TRAV17,TRAJ9,C/F,1.0,2090,TRA,"C/C,C/F,C/L,C/W"
V+J,human,TRAV17,TRAJ45,C/F,1.0,2088,TRA,"C/C,C/F,C/L,C/W"
V+J,human,TRAV29/DV5,TRAJ36,C/F,1.0,2086,TRA,"C/C,C/F,C/L,C/W"
V+J,human,TRAV17,TRAJ57,C/F,1.0,2086,TRA,"C/C,C/F,C/L,C/W"
V+J,human,TRAV21,TRAJ33,C/W,1.0,2082,TRA,"C/C,C/F,C/L,C/W"
V+J,human,TRAV38-2/DV8,TRAJ58,C/F,1.0,2077,TRA,"C/C,C/F,C/L,C/W"
V+J,human,TRAV27,TRAJ37,C/F,1.0,2075,TRA,"C/C,C/F,C/L,C/W"
V+J,human,TRAV26-1,TRAJ54,C/F,1.0,2072,TRA,"C/C,C/F,C/L,C/W"
V+J,human,TRAV8-6,TRAJ54,C/F,1.0,2069,TRA,"C/C,C/F,C/L,C/W"
V+J,human,TRAV12-1,TRAJ5,C/F,1.0,2065,TRA,"C/C,C/F,C/L,C/W"
V+J,human,TRAV38-2/DV8,TRAJ53,C/F,1.0,2062,TRA,"C/C,C/F,C/L,C/W"
V+J,human,TRAV19,TRAJ40,C/F,1.0,2061,TRA,"C/C,C/F,C/L,C/W"
V+J,human,TRAV9-2,TRAJ4,C/F,1.0,2055,TRA,"C/C,C/F,C/L,C/W"
V+J,human,TRAV2,TRAJ37,C/F,1.0,2052,TRA,"C/C,C/F,C/L,C/W"
V+J,human,TRAV9-2,TRAJ39,C/F,1.0,2051,TRA,"C/C,C/F,C/L,C/W"
V+J,human,TRAV19,TRAJ54,C/F,1.0,2045,TRA,"C/C,C/F,C/L,C/W"
V+J,human,TRAV13-2,TRAJ53,C/F,1.0,2045,TRA,"C/C,C/F,C/L,C/W"
V+J,human,TRAV9-2,TRAJ28,C/F,1.0,2045,TRA,"C/C,C/F,C/L,C/W"
V+J,human,TRAV13-1,TRAJ29,C/F,1.0,2043,TRA,"C/C,C/F,C/L,C/W"
V+J,human,TRAV23/DV6,TRAJ49,C/F,1.0,2039,TRA,"C/C,C/F,C/L,C/W"
V+J,human,TRAV12-2,TRAJ49,C/F,1.0,2033,TRA,"C/C,C/F,C/L,C/W"
V+J,human,TRAV17,TRAJ28,C/F,1.0,2033,TRA,"C/C,C/F,C/L,C/W"
V+J,human,TRAV17,TRAJ43,C/F,1.0,2030,TRA,"C/C,C/F,C/L,C/W"
V+J,human,TRAV38-1,TRAJ54,C/F,1.0,2021,TRA,"C/C,C/F,C/L,C/W"
V+J,human,TRAV27,TRAJ49,C/F,1.0,2016,TRA,"C/C,C/F,C/L,C/W"
V+J,human,TRAV8-3,TRAJ6,C/F,1.0,2014,TRA,"C/C,C/F,C/L,C/W"
V+J,human,TRAV13-1,TRAJ23,C/F,1.0,2012,TRA,"C/C,C/F,C/L,C/W"
V+J,human,TRAV1-2,TRAJ6,C/F,1.0,1998,TRA,"C/C,C/F,C/L,C/W"
V+J,human,TRAV21,TRAJ53,C/F,1.0,1998,TRA,"C/C,C/F,C/L,C/W"
V+J,human,TRAV38-2/DV8,TRAJ44,C/F,1.0,1996,TRA,"C/C,C/F,C/L,C/W"
V+J,human,TRAV23/DV6,TRAJ58,C/F,1.0,1993,TRA,"C/C,C/F,C/L,C/W"
V+J,human,TRAV14/DV4,TRAJ9,C/F,1.0,1993,TRA,"C/C,C/F,C/L,C/W"
V+J,human,TRAV9-2,TRAJ10,C/F,1.0,1991,TRA,"C/C,C/F,C/L,C/W"
V+J,human,TRAV19,TRAJ37,C/F,1.0,1991,TRA,"C/C,C/F,C/L,C/W"
V+J,human,TRAV38-2/DV8,TRAJ30,C/F,1.0,1983,TRA,"C/C,C/F,C/L,C/W"
V+J,human,TRAV9-2,TRAJ27,C/F,1.0,1980,TRA,"C/C,C/F,C/L,C/W"
V+J,human,TRAV14/DV4,TRAJ48,C/F,1.0,1979,TRA,"C/C,C/F,C/L,C/W"
V+J,human,TRAV9-2,TRAJ40,C/F,1.0,1975,TRA,"C/C,C/F,C/L,C/W"
V+J,human,TRAV26-1,TRAJ40,C/F,1.0,1968,TRA,"C/C,C/F,C/L,C/W"
V+J,human,TRAV8-3,TRAJ37,C/F,1.0,1967,TRA,"C/C,C/F,C/L,C/W"
V+J,human,TRAV8-3,TRAJ44,C/F,1.0,1954,TRA,"C/C,C/F,C/L,C/W"
V+J,human,TRAV21,TRAJ29,C/F,1.0,1952,TRA,"C/C,C/F,C/L,C/W"
V+J,human,TRAV23/DV6,TRAJ40,C/F,1.0,1947,TRA,"C/C,C/F,C/L,C/W"
V+J,human,TRAV8-1,TRAJ37,C/F,1.0,1942,TRA,"C/C,C/F,C/L,C/W"
V+J,human,TRAV26-1,TRAJ20,C/F,1.0,1941,TRA,"C/C,C/F,C/L,C/W"
V+J,human,TRAV12-1,TRAJ26,C/F,1.0,1938,TRA,"C/C,C/F,C/L,C/W"
V+J,human,TRAV8-3,TRAJ49,C/F,1.0,1928,TRA,"C/C,C/F,C/L,C/W"
V+J,human,TRAV29/DV5,TRAJ26,C/F,1.0,1924,TRA,"C/C,C/F,C/L,C/W"
V+J,human,TRAV9-2,TRAJ30,C/F,1.0,1923,TRA,"C/C,C/F,C/L,C/W"
V+J,human,TRAV8-4,TRAJ49,C/F,1.0,1920,TRA,"C/C,C/F,C/L,C/W"
V+J,human,TRAV21,TRAJ43,C/F,1.0,1912,TRA,"C/C,C/F,C/L,C/W"
V+J,human,TRAV13-1,TRAJ47,C/F,1.0,1907,TRA,"C/C,C/F,C/L,C/W"
V+J,human,TRAV13-1,TRAJ17,C/F,1.0,1906,TRA,"C/C,C/F,C/L,C/W"
V+J,human,TRAV5,TRAJ37,C/F,1.0,1906,TRA,"C/C,C/F,C/L,C/W"
V+J,human,TRAV8-3,TRAJ34,C/F,1.0,1902,TRA,"C/C,C/F,C/L,C/W"
V+J,human,TRAV12-2,TRAJ9,C/F,1.0,1901,TRA,"C/C,C/F,C/L,C/W"
V+J,human,TRAV3,TRAJ29,C/F,1.0,1898,TRA,"C/C,C/F,C/L,C/W"
V+J,human,TRAV13-1,TRAJ5,C/F,1.0,1897,TRA,"C/C,C/F,C/L,C/W"
V+J,human,TRAV19,TRAJ39,C/F,1.0,1895,TRA,"C/C,C/F,C/L,C/W"
V+J,human,TRAV3,TRAJ6,C/F,1.0,1894,TRA,"C/C,C/F,C/L,C/W"
V+J,human,TRAV23/DV6,TRAJ22,C/F,1.0,1893,TRA,"C/C,C/F,C/L,C/W"
V+J,human,TRAV8-3,TRAJ13,C/F,1.0,1890,TRA,"C/C,C/F,C/L,C/W"
V+J,human,TRAV12-1,TRAJ39,C/F,1.0,1886,TRA,"C/C,C/F,C/L,C/W"
V+J,human,TRAV9-2,TRAJ5,C/F,1.0,1884,TRA,"C/C,C/F,C/L,C/W"
V+J,human,TRAV13-1,TRAJ34,C/F,1.0,1882,TRA,"C/C,C/F,C/L,C/W"
V+J,human,TRAV8-3,TRAJ39,C/F,1.0,1880,TRA,"C/C,C/F,C/L,C/W"
V+J,human,TRAV19,TRAJ23,C/F,1.0,1878,TRA,"C/C,C/F,C/L,C/W"
V+J,human,TRAV12-1,TRAJ15,C/F,1.0,1877,TRA,"C/C,C/F,C/L,C/W"
V+J,human,TRAV12-1,TRAJ22,C/F,1.0,1876,TRA,"C/C,C/F,C/L,C/W"
V+J,human,TRAV41,TRAJ48,C/F,1.0,1873,TRA,"C/C,C/F,C/L,C/W"
V+J,human,TRAV5,TRAJ4,C/F,1.0,1869,TRA,"C/C,C/F,C/L,C/W"
V+J,human,TRAV26-2,TRAJ52,C/F,1.0,1866,TRA,"C/C,C/F,C/L,C/W"
V+J,human,TRAV27,TRAJ42,C/F,1.0,1864,TRA,"C/C,C/F,C/L,C/W"
V+J,human,TRAV29/DV5,TRAJ58,C/F,1.0,1861,TRA,"C/C,C/F,C/L,C/W"
V+J,human,TRAV17,TRAJ22,C/F,1.0,1860,TRA,"C/C,C/F,C/L,C/W"
V+J,human,TRAV12-1,TRAJ8,C/F,1.0,1857,TRA,"C/C,C/F,C/L,C/W"
V+J,human,TRAV13-1,TRAJ3,C/F,1.0,1854,TRA,"C/C,C/F,C/L,C/W"
V+J,human,TRAV17,TRAJ34,C/F,1.0,1851,TRA,"C/C,C/F,C/L,C/W"
V+J,human,TRAV19,TRAJ52,C/F,1.0,1846,TRA,"C/C,C/F,C/L,C/W"
V+J,human,TRAV17,TRAJ11,C/F,1.0,1842,TRA,"C/C,C/F,C/L,C/W"
V+J,human,TRAV9-2,TRAJ43,C/F,1.0,1841,TRA,"C/C,C/F,C/L,C/W"
V+J,human,TRAV21,TRAJ15,C/F,1.0,1839,TRA,"C/C,C/F,C/L,C/W"
V+J,human,TRAV29/DV5,TRAJ47,C/F,1.0,1836,TRA,"C/C,C/F,C/L,C/W"
V+J,human,TRAV9-2,TRAJ8,C/F,1.0,1836,TRA,"C/C,C/F,C/L,C/W"
V+J,human,TRAV13-2,TRAJ39,C/F,1.0,1828,TRA,"C/C,C/F,C/L,C/W"
V+J,human,TRAV12-2,TRAJ45,C/F,1.0,1826,TRA,"C/C,C/F,C/L,C/W"
V+J,human,TRAV17,TRAJ48,C/F,1.0,1825,TRA,"C/C,C/F,C/L,C/W"
V+J,human,TRAV13-1,TRAJ30,C/F,1.0,1823,TRA,"C/C,C/F,C/L,C/W"
V+J,human,TRAV17,TRAJ15,C/F,1.0,1823,TRA,"C/C,C/F,C/L,C/W"
V+J,human,TRAV12-2,TRAJ6,C/F,1.0,1822,TRA,"C/C,C/F,C/L,C/W"
V+J,human,TRAV12-2,TRAJ52,C/F,1.0,1821,TRA,"C/C,C/F,C/L,C/W"
V+J,human,TRAV19,TRAJ30,C/F,1.0,1819,TRA,"C/C,C/F,C/L,C/W"
V+J,human,TRAV12-1,TRAJ3,C/F,1.0,1816,TRA,"C/C,C/F,C/L,C/W"
V+J,human,TRAV13-2,TRAJ23,C/F,1.0,1816,TRA,"C/C,C/F,C/L,C/W"
V+J,human,TRAV12-3,TRAJ9,C/F,1.0,1810,TRA,"C/C,C/F,C/L,C/W"
V+J,human,TRAV26-1,TRAJ22,C/F,1.0,1808,TRA,"C/C,C/F,C/L,C/W"
V+J,human,TRAV21,TRAJ54,C/F,1.0,1805,TRA,"C/C,C/F,C/L,C/W"
V+J,human,TRAV9-2,TRAJ17,C/F,1.0,1804,TRA,"C/C,C/F,C/L,C/W"
V+J,human,TRAV23/DV6,TRAJ37,C/F,1.0,1804,TRA,"C/C,C/F,C/L,C/W"
V+J,human,TRAV14/DV4,TRAJ54,C/F,1.0,1801,TRA,"C/C,C/F,C/L,C/W"
V+J,human,TRAV8-6,TRAJ52,C/F,1.0,1800,TRA,"C/C,C/F,C/L,C/W"
V+J,human,TRAV8-4,TRAJ48,C/F,1.0,1790,TRA,"C/C,C/F,C/L,C/W"
V+J,human,TRAV3,TRAJ40,C/F,1.0,1784,TRA,"C/C,C/F,C/L,C/W"
V+J,human,TRAV10,TRAJ18,C/F,1.0,1784,TRA,"C/C,C/F,C/L,C/W"
V+J,human,TRAV29/DV5,TRAJ20,C/F,1.0,1780,TRA,"C/C,C/F,C/L,C/W"
V+J,human,TRAV29/DV5,TRAJ32,C/F,1.0,1780,TRA,"C/C,C/F,C/L,C/W"
V+J,human,TRAV19,TRAJ42,C/F,1.0,1779,TRA,"C/C,C/F,C/L,C/W"
V+J,human,TRAV12-1,TRAJ45,C/F,1.0,1776,TRA,"C/C,C/F,C/L,C/W"
V+J,human,TRAV26-1,TRAJ43,C/F,1.0,1775,TRA,"C/C,C/F,C/L,C/W"
V+J,human,TRAV29/DV5,TRAJ33,C/W,1.0,1774,TRA,"C/C,C/F,C/L,C/W"
V+J,human,TRAV20,TRAJ42,C/F,1.0,1774,TRA,"C/C,C/F,C/L,C/W"
V+J,human,TRAV12-1,TRAJ10,C/F,1.0,1771,TRA,"C/C,C/F,C/L,C/W"
V+J,human,TRAV26-1,TRAJ34,C/F,1.0,1768,TRA,"C/C,C/F,C/L,C/W"
V+J,human,TRAV25,TRAJ40,C/F,1.0,1766,TRA,"C/C,C/F,C/L,C/W"
V+J,human,TRAV13-2,TRAJ20,C/F,1.0,1763,TRA,"C/C,C/F,C/L,C/W"
V+J,human,TRAV13-2,TRAJ45,C/F,1.0,1756,TRA,"C/C,C/F,C/L,C/W"
V+J,human,TRAV26-1,TRAJ26,C/F,1.0,1754,TRA,"C/C,C/F,C/L,C/W"
V+J,human,TRAV21,TRAJ22,C/F,1.0,1752,TRA,"C/C,C/F,C/L,C/W"
V+J,human,TRAV9-2,TRAJ34,C/F,1.0,1751,TRA,"C/C,C/F,C/L,C/W"
V+J,human,TRAV19,TRAJ34,C/F,1.0,1748,TRA,"C/C,C/F,C/L,C/W"
V+J,human,TRAV3,TRAJ13,C/F,1.0,1747,TRA,"C/C,C/F,C/L,C/W"
V+J,human,TRAV21,TRAJ28,C/F,1.0,1742,TRA,"C/C,C/F,C/L,C/W"
V+J,human,TRAV26-1,TRAJ29,C/F,1.0,1737,TRA,"C/C,C/F,C/L,C/W"
V+J,human,TRAV14/DV4,TRAJ23,C/F,1.0,1734,TRA,"C/C,C/F,C/L,C/W"
V+J,human,TRAV13-1,TRAJ54,C/F,1.0,1734,TRA,"C/C,C/F,C/L,C/W"
V+J,human,TRAV38-2/DV8,TRAJ32,C/F,1.0,1734,TRA,"C/C,C/F,C/L,C/W"
V+J,human,TRAV17,TRAJ39,C/F,1.0,1723,TRA,"C/C,C/F,C/L,C/W"
V+J,human,TRAV21,TRAJ36,C/F,1.0,1718,TRA,"C/C,C/F,C/L,C/W"
V+J,human,TRAV8-3,TRAJ17,C/F,1.0,1716,TRA,"C/C,C/F,C/L,C/W"
V+J,human,TRAV3,TRAJ20,C/F,1.0,1715,TRA,"C/C,C/F,C/L,C/W"
V+J,human,TRAV21,TRAJ23,C/F,1.0,1714,TRA,"C/C,C/F,C/L,C/W"
V+J,human,TRAV13-1,TRAJ28,C/F,1.0,1704,TRA,"C/C,C/F,C/L,C/W"
V+J,human,TRAV20,TRAJ37,C/F,1.0,1704,TRA,"C/C,C/F,C/L,C/W"
V+J,human,TRAV3,TRAJ34,C/F,1.0,1701,TRA,"C/C,C/F,C/L,C/W"
V+J,human,TRAV13-2,TRAJ40,C/F,1.0,1700,TRA,"C/C,C/F,C/L,C/W"
V+J,human,TRAV9-2,TRAJ11,C/F,1.0,1692,TRA,"C/C,C/F,C/L,C/W"
V+J,human,TRAV3,TRAJ4,C/F,1.0,1689,TRA,"C/C,C/F,C/L,C/W"
V+J,human,TRAV5,TRAJ6,C/F,1.0,1688,TRA,"C/C,C/F,C/L,C/W"
V+J,human,TRAV19,TRAJ48,C/F,1.0,1679,TRA,"C/C,C/F,C/L,C/W"
V+J,human,TRAV8-6,TRAJ9,C/F,1.0,1677,TRA,"C/C,C/F,C/L,C/W"
V+J,human,TRAV8-3,TRAJ7,C/F,1.0,1676,TRA,"C/C,C/F,C/L,C/W"
V+J,human,TRAV38-1,TRAJ43,C/F,1.0,1673,TRA,"C/C,C/F,C/L,C/W"
V+J,human,TRAV12-1,TRAJ29,C/F,1.0,1673,TRA,"C/C,C/F,C/L,C/W"
V+J,human,TRAV3,TRAJ8,C/F,1.0,1654,TRA,"C/C,C/F,C/L,C/W"
V+J,human,TRAV13-1,TRAJ21,C/F,1.0,1649,TRA,"C/C,C/F,C/L,C/W"
V+J,human,TRAV17,TRAJ10,C/F,1.0,1639,TRA,"C/C,C/F,C/L,C/W"
V+J,human,TRAV8-6,TRAJ13,C/F,1.0,1638,TRA,"C/C,C/F,C/L,C/W"
V+J,human,TRAV25,TRAJ52,C/F,1.0,1637,TRA,"C/C,C/F,C/L,C/W"
V+J,human,TRAV13-1,TRAJ27,C/F,1.0,1634,TRA,"C/C,C/F,C/L,C/W"
V+J,human,TRAV26-1,TRAJ30,C/F,1.0,1633,TRA,"C/C,C/F,C/L,C/W"
V+J,human,TRAV26-2,TRAJ53,C/F,1.0,1631,TRA,"C/C,C/F,C/L,C/W"
V+J,human,TRAV12-1,TRAJ34,C/F,1.0,1631,TRA,"C/C,C/F,C/L,C/W"
V+J,human,TRAV38-2/DV8,TRAJ56,C/F,1.0,1630,TRA,"C/C,C/F,C/L,C/W"
V+J,human,TRAV38-1,TRAJ40,C/F,1.0,1627,TRA,"C/C,C/F,C/L,C/W"
V+J,human,TRAV12-1,TRAJ12,C/F,1.0,1627,TRA,"C/C,C/F,C/L,C/W"
V+J,human,TRAV12-2,TRAJ42,C/F,1.0,1624,TRA,"C/C,C/F,C/L,C/W"
V+J,human,TRAV12-1,TRAJ21,C/F,1.0,1622,TRA,"C/C,C/F,C/L,C/W"
V+J,human,TRAV12-1,TRAJ33,C/W,1.0,1620,TRA,"C/C,C/F,C/L,C/W"
V+J,human,TRAV12-3,TRAJ10,C/F,1.0,1614,TRA,"C/C,C/F,C/L,C/W"
V+J,human,TRAV9-2,TRAJ32,C/F,1.0,1605,TRA,"C/C,C/F,C/L,C/W"
V+J,human,TRAV9-2,TRAJ3,C/F,1.0,1603,TRA,"C/C,C/F,C/L,C/W"
V+J,human,TRAV8-6,TRAJ53,C/F,1.0,1601,TRA,"C/C,C/F,C/L,C/W"
V+J,human,TRAV13-1,TRAJ50,C/F,1.0,1595,TRA,"C/C,C/F,C/L,C/W"
V+J,human,TRAV8-3,TRAJ9,C/F,1.0,1594,TRA,"C/C,C/F,C/L,C/W"
V+J,human,TRAV8-1,TRAJ40,C/F,1.0,1593,TRA,"C/C,C/F,C/L,C/W"
V+J,human,TRAV8-3,TRAJ15,C/F,1.0,1590,TRA,"C/C,C/F,C/L,C/W"
V+J,human,TRAV14/DV4,TRAJ22,C/F,1.0,1590,TRA,"C/C,C/F,C/L,C/W"
V+J,human,TRAV13-1,TRAJ41,C/F,1.0,1583,TRA,"C/C,C/F,C/L,C/W"
V+J,human,TRAV5,TRAJ13,C/F,1.0,1582,TRA,"C/C,C/F,C/L,C/W"
V+J,human,TRAV17,TRAJ6,C/F,1.0,1582,TRA,"C/C,C/F,C/L,C/W"
V+J,human,TRAV3,TRAJ28,C/F,1.0,1578,TRA,"C/C,C/F,C/L,C/W"
V+J,human,TRAV38-1,TRAJ49,C/F,1.0,1573,TRA,"C/C,C/F,C/L,C/W"
V+J,human,TRAV3,TRAJ5,C/F,1.0,1572,TRA,"C/C,C/F,C/L,C/W"
V+J,human,TRAV38-2/DV8,TRAJ47,C/F,1.0,1572,TRA,"C/C,C/F,C/L,C/W"
V+J,human,TRAV9-2,TRAJ33,C/W,1.0,1572,TRA,"C/C,C/F,C/L,C/W"
V+J,human,TRAV8-1,TRAJ39,C/F,1.0,1568,TRA,"C/C,C/F,C/L,C/W"
V+J,human,TRAV29/DV5,TRAJ27,C/F,1.0,1567,TRA,"C/C,C/F,C/L,C/W"
V+J,human,TRAV26-2,TRAJ42,C/F,1.0,1560,TRA,"C/C,C/F,C/L,C/W"
V+J,human,TRAV29/DV5,TRAJ41,C/F,1.0,1556,TRA,"C/C,C/F,C/L,C/W"
V+J,human,TRAV19,TRAJ45,C/F,1.0,1556,TRA,"C/C,C/F,C/L,C/W"
V+J,human,TRAV2,TRAJ20,C/F,1.0,1555,TRA,"C/C,C/F,C/L,C/W"
V+J,human,TRAV17,TRAJ30,C/F,1.0,1552,TRA,"C/C,C/F,C/L,C/W"
V+J,human,TRAV21,TRAJ48,C/F,1.0,1551,TRA,"C/C,C/F,C/L,C/W"
V+J,human,TRAV14/DV4,TRAJ53,C/F,1.0,1547,TRA,"C/C,C/F,C/L,C/W"
V+J,human,TRAV12-1,TRAJ27,C/F,1.0,1547,TRA,"C/C,C/F,C/L,C/W"
V+J,human,TRAV12-2,TRAJ40,C/F,1.0,1545,TRA,"C/C,C/F,C/L,C/W"
V+J,human,TRAV20,TRAJ20,C/F,1.0,1539,TRA,"C/C,C/F,C/L,C/W"
V+J,human,TRAV12-3,TRAJ48,C/F,1.0,1534,TRA,"C/C,C/F,C/L,C/W"
V+J,human,TRAV12-2,TRAJ22,C/F,1.0,1533,TRA,"C/C,C/F,C/L,C/W"
V+J,human,TRAV9-2,TRAJ26,C/F,1.0,1532,TRA,"C/C,C/F,C/L,C/W"
V+J,human,TRAV23/DV6,TRAJ53,C/F,1.0,1529,TRA,"C/C,C/F,C/L,C/W"
V+J,human,TRAV41,TRAJ53,C/F,1.0,1528,TRA,"C/C,C/F,C/L,C/W"
V+J,human,TRAV8-1,TRAJ34,C/F,1.0,1526,TRA,"C/C,C/F,C/L,C/W"
V+J,human,TRAV2,TRAJ9,C/F,1.0,1525,TRA,"C/C,C/F,C/L,C/W"
V+J,human,TRAV38-2/DV8,TRAJ39,C/F,1.0,1523,TRA,"C/C,C/F,C/L,C/W"
V+J,human,TRAV38-1,TRAJ42,C/F,1.0,1522,TRA,"C/C,C/F,C/L,C/W"
V+J,human,TRAV25,TRAJ53,C/F,1.0,1522,TRA,"C/C,C/F,C/L,C/W"
V+J,human,TRAV19,TRAJ20,C/F,1.0,1516,TRA,"C/C,C/F,C/L,C/W"
V+J,human,TRAV9-2,TRAJ21,C/F,1.0,1511,TRA,"C/C,C/F,C/L,C/W"
V+J,human,TRAV8-4,TRAJ52,C/F,1.0,1509,TRA,"C/C,C/F,C/L,C/W"
V+J,human,TRAV3,TRAJ33,C/W,1.0,1504,TRA,"C/C,C/F,C/L,C/W"
V+J,human,TRAV17,TRAJ17,C/F,1.0,1503,TRA,"C/C,C/F,C/L,C/W"
V+J,human,TRAV8-1,TRAJ42,C/F,1.0,1503,TRA,"C/C,C/F,C/L,C/W"
V+J,human,TRAV41,TRAJ33,C/W,1.0,1503,TRA,"C/C,C/F,C/L,C/W"
V+J,human,TRAV19,TRAJ26,C/F,1.0,1499,TRA,"C/C,C/F,C/L,C/W"
V+J,human,TRAV21,TRAJ24,C/F,1.0,1498,TRA,"C/C,C/F,C/L,C/W"
V+J,human,TRAV12-3,TRAJ20,C/F,1.0,1498,TRA,"C/C,C/F,C/L,C/W"
V+J,human,TRAV12-2,TRAJ48,C/F,1.0,1496,TRA,"C/C,C/F,C/L,C/W"
V+J,human,TRAV21,TRAJ17,C/F,1.0,1496,TRA,"C/C,C/F,C/L,C/W"
V+J,human,TRAV13-2,TRAJ42,C/F,1.0,1496,TRA,"C/C,C/F,C/L,C/W"
V+J,human,TRAV25,TRAJ37,C/F,1.0,1494,TRA,"C/C,C/F,C/L,C/W"
V+J,human,TRAV23/DV6,TRAJ54,C/F,1.0,1493,TRA,"C/C,C/F,C/L,C/W"
V+J,human,TRAV12-2,TRAJ4,C/F,1.0,1493,TRA,"C/C,C/F,C/L,C/W"
V+J,human,TRAV3,TRAJ39,C/F,1.0,1489,TRA,"C/C,C/F,C/L,C/W"
V+J,human,TRAV13-2,TRAJ6,C/F,1.0,1488,TRA,"C/C,C/F,C/L,C/W"
V+J,human,TRAV13-1,TRAJ24,C/F,1.0,1488,TRA,"C/C,C/F,C/L,C/W"
V+J,human,TRAV12-2,TRAJ37,C/F,1.0,1484,TRA,"C/C,C/F,C/L,C/W"
V+J,human,TRAV1-2,TRAJ4,C/F,1.0,1483,TRA,"C/C,C/F,C/L,C/W"
V+J,human,TRAV12-2,TRAJ13,C/F,1.0,1483,TRA,"C/C,C/F,C/L,C/W"
V+J,human,TRAV12-3,TRAJ13,C/F,1.0,1483,TRA,"C/C,C/F,C/L,C/W"
V+J,human,TRAV4,TRAJ23,C/F,1.0,1482,TRA,"C/C,C/F,C/L,C/W"
V+J,human,TRAV8-4,TRAJ13,C/F,1.0,1482,TRA,"C/C,C/F,C/L,C/W"
V+J,human,TRAV1-2,TRAJ34,C/F,1.0,1478,TRA,"C/C,C/F,C/L,C/W"
V+J,human,TRAV2,TRAJ34,C/F,1.0,1476,TRA,"C/C,C/F,C/L,C/W"
V+J,human,TRAV38-1,TRAJ52,C/F,1.0,1473,TRA,"C/C,C/F,C/L,C/W"
V+J,human,TRAV27,TRAJ20,C/F,1.0,1467,TRA,"C/C,C/F,C/L,C/W"
V+J,human,TRAV8-3,TRAJ23,C/F,1.0,1457,TRA,"C/C,C/F,C/L,C/W"
V+J,human,TRAV8-6,TRAJ23,C/F,1.0,1455,TRA,"C/C,C/F,C/L,C/W"
V+J,human,TRAV3,TRAJ22,C/F,1.0,1455,TRA,"C/C,C/F,C/L,C/W"
V+J,human,TRAV17,TRAJ33,C/W,1.0,1453,TRA,"C/C,C/F,C/L,C/W"
V+J,human,TRAV8-6,TRAJ42,C/F,1.0,1452,TRA,"C/C,C/F,C/L,C/W"
V+J,human,TRAV13-2,TRAJ11,C/F,1.0,1452,TRA,"C/C,C/F,C/L,C/W"
V+J,human,TRAV3,TRAJ21,C/F,1.0,1452,TRA,"C/C,C/F,C/L,C/W"
V+J,human,TRAV12-3,TRAJ6,C/F,1.0,1451,TRA,"C/C,C/F,C/L,C/W"
V+J,human,TRAV13-1,TRAJ16,C/F,1.0,1450,TRA,"C/C,C/F,C/L,C/W"
V+J,human,TRAV38-1,TRAJ57,C/F,1.0,1450,TRA,"C/C,C/F,C/L,C/W"
V+J,human,TRAV17,TRAJ36,C/F,1.0,1448,TRA,"C/C,C/F,C/L,C/W"
V+J,human,TRAV12-2,TRAJ20,C/F,1.0,1447,TRA,"C/C,C/F,C/L,C/W"
V+J,human,TRAV5,TRAJ23,C/F,1.0,1445,TRA,"C/C,C/F,C/L,C/W"
V+J,human,TRAV23/DV6,TRAJ52,C/F,1.0,1444,TRA,"C/C,C/F,C/L,C/W"
V+J,human,TRAV13-2,TRAJ15,C/F,1.0,1444,TRA,"C/C,C/F,C/L,C/W"
V+J,human,TRAV21,TRAJ56,C/F,1.0,1443,TRA,"C/C,C/F,C/L,C/W"
V+J,human,TRAV23/DV6,TRAJ48,C/F,1.0,1439,TRA,"C/C,C/F,C/L,C/W"
V+J,human,TRAV5,TRAJ42,C/F,1.0,1433,TRA,"C/C,C/F,C/L,C/W"
V+J,human,TRAV38-1,TRAJ48,C/F,1.0,1433,TRA,"C/C,C/F,C/L,C/W"
V+J,human,TRAV4,TRAJ9,C/F,1.0,1432,TRA,"C/C,C/F,C/L,C/W"
V+J,human,TRAV8-4,TRAJ37,C/F,1.0,1428,TRA,"C/C,C/F,C/L,C/W"
V+J,human,TRAV12-3,TRAJ37,C/F,1.0,1426,TRA,"C/C,C/F,C/L,C/W"
V+J,human,TRAV3,TRAJ30,C/F,1.0,1424,TRA,"C/C,C/F,C/L,C/W"
V+J,human,TRAV38-2/DV8,TRAJ29,C/F,1.0,1423,TRA,"C/C,C/F,C/L,C/W"
V+J,human,TRAV20,TRAJ53,C/F,1.0,1420,TRA,"C/C,C/F,C/L,C/W"
V+J,human,TRAV8-6,TRAJ8,C/F,1.0,1419,TRA,"C/C,C/F,C/L,C/W"
V+J,human,TRAV8-2,TRAJ40,C/F,1.0,1418,TRA,"C/C,C/F,C/L,C/W"
V+J,human,TRAV9-2,TRAJ44,C/F,1.0,1418,TRA,"C/C,C/F,C/L,C/W"
V+J,human,TRAV3,TRAJ10,C/F,1.0,1416,TRA,"C/C,C/F,C/L,C/W"
V+J,human,TRAV20,TRAJ40,C/F,1.0,1413,TRA,"C/C,C/F,C/L,C/W"
V+J,human,TRAV17,TRAJ47,C/F,1.0,1411,TRA,"C/C,C/F,C/L,C/W"
V+J,human,TRAV12-2,TRAJ53,C/F,1.0,1409,TRA,"C/C,C/F,C/L,C/W"
V+J,human,TRAV13-2,TRAJ54,C/F,1.0,1407,TRA,"C/C,C/F,C/L,C/W"
V+J,human,TRAV3,TRAJ3,C/F,1.0,1407,TRA,"C/C,C/F,C/L,C/W"
V+J,human,TRAV14/DV4,TRAJ20,C/F,1.0,1406,TRA,"C/C,C/F,C/L,C/W"
V+J,human,TRAV16,TRAJ54,C/F,1.0,1405,TRA,"C/C,C/F,C/L,C/W"
V+J,human,TRAV3,TRAJ26,C/F,1.0,1403,TRA,"C/C,C/F,C/L,C/W"
V+J,human,TRAV17,TRAJ26,C/F,1.0,1402,TRA,"C/C,C/F,C/L,C/W"
V+J,human,TRAV12-1,TRAJ28,C/F,1.0,1397,TRA,"C/C,C/F,C/L,C/W"
V+J,human,TRAV19,TRAJ9,C/F,1.0,1396,TRA,"C/C,C/F,C/L,C/W"
V+J,human,TRAV38-2/DV8,TRAJ33,C/W,1.0,1395,TRA,"C/C,C/F,C/L,C/W"
V+J,human,TRAV17,TRAJ5,C/F,1.0,1391,TRA,"C/C,C/F,C/L,C/W"
V+J,human,TRAV12-2,TRAJ43,C/F,1.0,1391,TRA,"C/C,C/F,C/L,C/W"
V+J,human,TRAV19,TRAJ57,C/F,1.0,1390,TRA,"C/C,C/F,C/L,C/W"
V+J,human,TRAV8-1,TRAJ9,C/F,1.0,1388,TRA,"C/C,C/F,C/L,C/W"
V+J,human,TRAV13-2,TRAJ26,C/F,1.0,1387,TRA,"C/C,C/F,C/L,C/W"
V+J,human,TRAV8-6,TRAJ37,C/F,1.0,1386,TRA,"C/C,C/F,C/L,C/W"
V+J,human,TRAV21,TRAJ9,C/F,1.0,1384,TRA,"C/C,C/F,C/L,C/W"
V+J,human,TRAV12-1,TRAJ24,C/F,1.0,1383,TRA,"C/C,C/F,C/L,C/W"
V+J,human,TRAV27,TRAJ54,C/F,1.0,1382,TRA,"C/C,C/F,C/L,C/W"
V+J,human,TRAV10,TRAJ6,C/F,1.0,1381,TRA,"C/C,C/F,C/L,C/W"
V+J,human,TRAV12-2,TRAJ3,C/F,1.0,1375,TRA,"C/C,C/F,C/L,C/W"
V+J,human,TRAV17,TRAJ13,C/F,1.0,1372,TRA,"C/C,C/F,C/L,C/W"
V+J,human,TRAV16,TRAJ37,C/F,1.0,1371,TRA,"C/C,C/F,C/L,C/W"
V+J,human,TRAV13-1,TRAJ36,C/F,1.0,1369,TRA,"C/C,C/F,C/L,C/W"
V+J,human,TRAV26-2,TRAJ48,C/F,1.0,1369,TRA,"C/C,C/F,C/L,C/W"
V+J,human,TRAV21,TRAJ30,C/F,1.0,1366,TRA,"C/C,C/F,C/L,C/W"
V+J,human,TRAV25,TRAJ42,C/F,1.0,1364,TRA,"C/C,C/F,C/L,C/W"
V+J,human,TRAV1-2,TRAJ9,C/F,1.0,1361,TRA,"C/C,C/F,C/L,C/W"
V+J,human,TRAV16,TRAJ52,C/F,1.0,1360,TRA,"C/C,C/F,C/L,C/W"
V+J,human,TRAV39,TRAJ49,C/F,1.0,1359,TRA,"C/C,C/F,C/L,C/W"
V+J,human,TRAV19,TRAJ43,C/F,1.0,1356,TRA,"C/C,C/F,C/L,C/W"
V+J,human,TRAV17,TRAJ44,C/F,1.0,1356,TRA,"C/C,C/F,C/L,C/W"
V+J,human,TRAV19,TRAJ29,C/F,1.0,1353,TRA,"C/C,C/F,C/L,C/W"
V+J,human,TRAV8-3,TRAJ27,C/F,1.0,1353,TRA,"C/C,C/F,C/L,C/W"
V+J,human,TRAV8-6,TRAJ4,C/F,1.0,1353,TRA,"C/C,C/F,C/L,C/W"
V+J,human,TRAV14/DV4,TRAJ42,C/F,1.0,1351,TRA,"C/C,C/F,C/L,C/W"
V+J,human,TRAV19,TRAJ58,C/F,1.0,1349,TRA,"C/C,C/F,C/L,C/W"
V+J,human,TRAV13-2,TRAJ37,C/F,1.0,1349,TRA,"C/C,C/F,C/L,C/W"
V+J,human,TRAV26-2,TRAJ54,C/F,1.0,1347,TRA,"C/C,C/F,C/L,C/W"
V+J,human,TRAV19,TRAJ33,C/W,1.0,1346,TRA,"C/C,C/F,C/L,C/W"
V+J,human,TRAV9-2,TRAJ56,C/F,1.0,1346,TRA,"C/C,C/F,C/L,C/W"
V+J,human,TRAV14/DV4,TRAJ34,C/F,1.0,1345,TRA,"C/C,C/F,C/L,C/W"
V+J,human,TRAV13-2,TRAJ9,C/F,1.0,1344,TRA,"C/C,C/F,C/L,C/W"
V+J,human,TRAV20,TRAJ49,C/F,1.0,1344,TRA,"C/C,C/F,C/L,C/W"
V+J,human,TRAV8-6,TRAJ49,C/F,1.0,1343,TRA,"C/C,C/F,C/L,C/W"
V+J,human,TRAV29/DV5,TRAJ21,C/F,1.0,1343,TRA,"C/C,C/F,C/L,C/W"
V+J,human,TRAV38-1,TRAJ39,C/F,1.0,1343,TRA,"C/C,C/F,C/L,C/W"
V+J,human,TRAV12-1,TRAJ52,C/F,1.0,1342,TRA,"C/C,C/F,C/L,C/W"
V+J,human,TRAV39,TRAJ45,C/F,1.0,1338,TRA,"C/C,C/F,C/L,C/W"
V+J,human,TRAV21,TRAJ32,C/F,1.0,1337,TRA,"C/C,C/F,C/L,C/W"
V+J,human,TRAV8-4,TRAJ9,C/F,1.0,1337,TRA,"C/C,C/F,C/L,C/W"
V+J,human,TRAV8-3,TRAJ8,C/F,1.0,1334,TRA,"C/C,C/F,C/L,C/W"
V+J,human,TRAV8-6,TRAJ20,C/F,1.0,1333,TRA,"C/C,C/F,C/L,C/W"
V+J,human,TRAV12-1,TRAJ11,C/F,1.0,1333,TRA,"C/C,C/F,C/L,C/W"
V+J,human,TRAV19,TRAJ56,C/F,1.0,1330,TRA,"C/C,C/F,C/L,C/W"
V+J,human,TRAV5,TRAJ20,C/F,1.0,1330,TRA,"C/C,C/F,C/L,C/W"
V+J,human,TRAV1-2,TRAJ10,C/F,1.0,1330,TRA,"C/C,C/F,C/L,C/W"
V+J,human,TRAV27,TRAJ39,C/F,1.0,1329,TRA,"C/C,C/F,C/L,C/W"
V+J,human,TRAV8-4,TRAJ42,C/F,1.0,1327,TRA,"C/C,C/F,C/L,C/W"
V+J,human,TRAV1-2,TRAJ28,C/F,1.0,1326,TRA,"C/C,C/F,C/L,C/W"
V+J,human,TRAV8-6,TRAJ6,C/F,1.0,1326,TRA,"C/C,C/F,C/L,C/W"
V+J,human,TRAV3,TRAJ42,C/F,1.0,1326,TRA,"C/C,C/F,C/L,C/W"
V+J,human,TRAV2,TRAJ6,C/F,1.0,1326,TRA,"C/C,C/F,C/L,C/W"
V+J,human,TRAV3,TRAJ36,C/F,1.0,1325,TRA,"C/C,C/F,C/L,C/W"
V+J,human,TRAV20,TRAJ54,C/F,1.0,1324,TRA,"C/C,C/F,C/L,C/W"
V+J,human,TRAV12-2,TRAJ33,C/W,1.0,1324,TRA,"C/C,C/F,C/L,C/W"
V+J,human,TRAV21,TRAJ44,C/F,1.0,1321,TRA,"C/C,C/F,C/L,C/W"
V+J,human,TRAV1-2,TRAJ26,C/F,1.0,1321,TRA,"C/C,C/F,C/L,C/W"
V+J,human,TRAV16,TRAJ53,C/F,1.0,1321,TRA,"C/C,C/F,C/L,C/W"
V+J,human,TRAV12-2,TRAJ10,C/F,1.0,1321,TRA,"C/C,C/F,C/L,C/W"
V+J,human,TRAV8-6,TRAJ40,C/F,1.0,1319,TRA,"C/C,C/F,C/L,C/W"
V+J,human,TRAV17,TRAJ12,C/F,1.0,1318,TRA,"C/C,C/F,C/L,C/W"
V+J,human,TRAV5,TRAJ3,C/F,1.0,1317,TRA,"C/C,C/F,C/L,C/W"
V+J,human,TRAV12-3,TRAJ23,C/F,1.0,1314,TRA,"C/C,C/F,C/L,C/W"
V+J,human,TRAV26-2,TRAJ49,C/F,1.0,1313,TRA,"C/C,C/F,C/L,C/W"
V+J,human,TRAV12-3,TRAJ40,C/F,1.0,1311,TRA,"C/C,C/F,C/L,C/W"
V+J,human,TRAV39,TRAJ40,C/F,1.0,1311,TRA,"C/C,C/F,C/L,C/W"
V+J,human,TRAV12-2,TRAJ23,C/F,1.0,1310,TRA,"C/C,C/F,C/L,C/W"
V+J,human,TRAV20,TRAJ6,C/F,1.0,1309,TRA,"C/C,C/F,C/L,C/W"
V+J,human,TRAV13-1,TRAJ32,C/F,1.0,1307,TRA,"C/C,C/F,C/L,C/W"
V+J,human,TRAV17,TRAJ42,C/F,1.0,1306,TRA,"C/C,C/F,C/L,C/W"
V+J,human,TRAV2,TRAJ15,C/F,1.0,1304,TRA,"C/C,C/F,C/L,C/W"
V+J,human,TRAV1-2,TRAJ15,C/F,1.0,1300,TRA,"C/C,C/F,C/L,C/W"
V+J,human,TRAV27,TRAJ33,C/W,1.0,1297,TRA,"C/C,C/F,C/L,C/W"
V+J,human,TRAV14/DV4,TRAJ45,C/F,1.0,1296,TRA,"C/C,C/F,C/L,C/W"
V+J,human,TRAV27,TRAJ48,C/F,1.0,1296,TRA,"C/C,C/F,C/L,C/W"
V+J,human,TRAV2,TRAJ29,C/F,1.0,1295,TRA,"C/C,C/F,C/L,C/W"
V+J,human,TRAV26-1,TRAJ28,C/F,1.0,1295,TRA,"C/C,C/F,C/L,C/W"
V+J,human,TRAV20,TRAJ52,C/F,1.0,1295,TRA,"C/C,C/F,C/L,C/W"
V+J,human,TRAV8-4,TRAJ23,C/F,1.0,1295,TRA,"C/C,C/F,C/L,C/W"
V+J,human,TRAV12-3,TRAJ17,C/F,1.0,1290,TRA,"C/C,C/F,C/L,C/W"
V+J,human,TRAV26-1,TRAJ36,C/F,1.0,1287,TRA,"C/C,C/F,C/L,C/W"
V+J,human,TRAV21,TRAJ47,C/F,1.0,1286,TRA,"C/C,C/F,C/L,C/W"
V+J,human,TRAV19,TRAJ53,C/F,1.0,1286,TRA,"C/C,C/F,C/L,C/W"
V+J,human,TRAV17,TRAJ24,C/F,1.0,1284,TRA,"C/C,C/F,C/L,C/W"
V+J,human,TRAV25,TRAJ49,C/F,1.0,1284,TRA,"C/C,C/F,C/L,C/W"
V+J,human,TRAV38-1,TRAJ45,C/F,1.0,1283,TRA,"C/C,C/F,C/L,C/W"
V+J,human,TRAV19,TRAJ13,C/F,1.0,1282,TRA,"C/C,C/F,C/L,C/W"
V+J,human,TRAV23/DV6,TRAJ28,C/F,1.0,1281,TRA,"C/C,C/F,C/L,C/W"
V+J,human,TRAV8-1,TRAJ13,C/F,1.0,1280,TRA,"C/C,C/F,C/L,C/W"
V+J,human,TRAV26-1,TRAJ27,C/F,1.0,1279,TRA,"C/C,C/F,C/L,C/W"
V+J,human,TRAV23/DV6,TRAJ42,C/F,1.0,1279,TRA,"C/C,C/F,C/L,C/W"
V+J,human,TRAV19,TRAJ22,C/F,1.0,1277,TRA,"C/C,C/F,C/L,C/W"
V+J,human,TRAV9-2,TRAJ58,C/F,1.0,1275,TRA,"C/C,C/F,C/L,C/W"
V+J,human,TRAV12-3,TRAJ39,C/F,1.0,1274,TRA,"C/C,C/F,C/L,C/W"
V+J,human,TRAV12-1,TRAJ30,C/F,1.0,1273,TRA,"C/C,C/F,C/L,C/W"
V+J,human,TRAV5,TRAJ34,C/F,1.0,1272,TRA,"C/C,C/F,C/L,C/W"
V+J,human,TRAV6,TRAJ37,C/F,1.0,1268,TRA,"C/C,C/F,C/L,C/W"
V+J,human,TRAV38-2/DV8,TRAJ34,C/F,1.0,1268,TRA,"C/C,C/F,C/L,C/W"
V+J,human,TRAV12-3,TRAJ45,C/F,1.0,1263,TRA,"C/C,C/F,C/L,C/W"
V+J,human,TRAV8-3,TRAJ29,C/F,1.0,1263,TRA,"C/C,C/F,C/L,C/W"
V+J,human,TRAV8-6,TRAJ34,C/F,1.0,1260,TRA,"C/C,C/F,C/L,C/W"
V+J,human,TRAV13-2,TRAJ13,C/F,1.0,1259,TRA,"C/C,C/F,C/L,C/W"
V+J,human,TRAV8-6,TRAJ48,C/F,1.0,1255,TRA,"C/C,C/F,C/L,C/W"
V+J,human,TRAV4,TRAJ5,C/F,1.0,1254,TRA,"C/C,C/F,C/L,C/W"
V+J,human,TRAV25,TRAJ20,C/F,1.0,1253,TRA,"C/C,C/F,C/L,C/W"
V+J,human,TRAV21,TRAJ27,C/F,1.0,1249,TRA,"C/C,C/F,C/L,C/W"
V+J,human,TRAV2,TRAJ23,C/F,1.0,1247,TRA,"C/C,C/F,C/L,C/W"
V+J,human,TRAV39,TRAJ42,C/F,1.0,1246,TRA,"C/C,C/F,C/L,C/W"
V+J,human,TRAV9-2,TRAJ36,C/F,1.0,1246,TRA,"C/C,C/F,C/L,C/W"
V+J,human,TRAV23/DV6,TRAJ45,C/F,1.0,1245,TRA,"C/C,C/F,C/L,C/W"
V+J,human,TRAV2,TRAJ26,C/F,1.0,1244,TRA,"C/C,C/F,C/L,C/W"
V+J,human,TRAV12-1,TRAJ48,C/F,1.0,1239,TRA,"C/C,C/F,C/L,C/W"
V+J,human,TRAV26-1,TRAJ47,C/F,1.0,1238,TRA,"C/C,C/F,C/L,C/W"
V+J,human,TRAV12-3,TRAJ29,C/F,1.0,1237,TRA,"C/C,C/F,C/L,C/W"
V+J,human,TRAV8-2,TRAJ4,C/F,1.0,1235,TRA,"C/C,C/F,C/L,C/W"
V+J,human,TRAV23/DV6,TRAJ29,C/F,1.0,1235,TRA,"C/C,C/F,C/L,C/W"
V+J,human,TRAV5,TRAJ40,C/F,1.0,1234,TRA,"C/C,C/F,C/L,C/W"
V+J,human,TRAV24,TRAJ49,C/F,1.0,1233,TRA,"C/C,C/F,C/L,C/W"
V+J,human,TRAV14/DV4,TRAJ40,C/F,1.0,1232,TRA,"C/C,C/F,C/L,C/W"
V+J,human,TRAV2,TRAJ33,C/W,1.0,1232,TRA,"C/C,C/F,C/L,C/W"
V+J,human,TRAV12-1,TRAJ41,C/F,1.0,1231,TRA,"C/C,C/F,C/L,C/W"
V+J,human,TRAV19,TRAJ28,C/F,1.0,1231,TRA,"C/C,C/F,C/L,C/W"
V+J,human,TRAV2,TRAJ8,C/F,1.0,1230,TRA,"C/C,C/F,C/L,C/W"
V+J,human,TRAV8-4,TRAJ54,C/F,1.0,1229,TRA,"C/C,C/F,C/L,C/W"
V+J,human,TRAV4,TRAJ37,C/F,1.0,1228,TRA,"C/C,C/F,C/L,C/W"
V+J,human,TRAV38-2/DV8,TRAJ28,C/F,1.0,1228,TRA,"C/C,C/F,C/L,C/W"
V+J,human,TRAV23/DV6,TRAJ13,C/F,1.0,1228,TRA,"C/C,C/F,C/L,C/W"
V+J,human,TRAV23/DV6,TRAJ36,C/F,1.0,1225,TRA,"C/C,C/F,C/L,C/W"
V+J,human,TRAV26-1,TRAJ32,C/F,1.0,1224,TRA,"C/C,C/F,C/L,C/W"
V+J,human,TRAV23/DV6,TRAJ34,C/F,1.0,1224,TRA,"C/C,C/F,C/L,C/W"
V+J,human,TRAV36/DV7,TRAJ52,C/F,1.0,1221,TRA,"C/C,C/F,C/L,C/W"
V+J,human,TRAV12-3,TRAJ22,C/F,1.0,1221,TRA,"C/C,C/F,C/L,C/W"
V+J,human,TRAV19,TRAJ17,C/F,1.0,1219,TRA,"C/C,C/F,C/L,C/W"
V+J,human,TRAV27,TRAJ23,C/F,1.0,1219,TRA,"C/C,C/F,C/L,C/W"
V+J,human,TRAV8-4,TRAJ53,C/F,1.0,1218,TRA,"C/C,C/F,C/L,C/W"
V+J,human,TRAV14/DV4,TRAJ37,C/F,1.0,1218,TRA,"C/C,C/F,C/L,C/W"
V+J,human,TRAV23/DV6,TRAJ23,C/F,1.0,1217,TRA,"C/C,C/F,C/L,C/W"
V+J,human,TRAV14/DV4,TRAJ30,C/F,1.0,1217,TRA,"C/C,C/F,C/L,C/W"
V+J,human,TRAV23/DV6,TRAJ20,C/F,1.0,1216,TRA,"C/C,C/F,C/L,C/W"
V+J,human,TRAV9-2,TRAJ12,C/F,1.0,1216,TRA,"C/C,C/F,C/L,C/W"
V+J,human,TRAV12-2,TRAJ26,C/F,1.0,1215,TRA,"C/C,C/F,C/L,C/W"
V+J,human,TRAV29/DV5,TRAJ56,C/F,1.0,1213,TRA,"C/C,C/F,C/L,C/W"
V+J,human,TRAV12-3,TRAJ26,C/F,1.0,1212,TRA,"C/C,C/F,C/L,C/W"
V+J,human,TRAV14/DV4,TRAJ28,C/F,1.0,1211,TRA,"C/C,C/F,C/L,C/W"
V+J,human,TRAV8-3,TRAJ52,C/F,1.0,1211,TRA,"C/C,C/F,C/L,C/W"
V+J,human,TRAV8-6,TRAJ10,C/F,1.0,1207,TRA,"C/C,C/F,C/L,C/W"
V+J,human,TRAV27,TRAJ43,C/F,1.0,1203,TRA,"C/C,C/F,C/L,C/W"
V+J,human,TRAV8-6,TRAJ57,C/F,1.0,1202,TRA,"C/C,C/F,C/L,C/W"
V+J,human,TRAV14/DV4,TRAJ21,C/F,1.0,1199,TRA,"C/C,C/F,C/L,C/W"
V+J,human,TRAV21,TRAJ13,C/F,1.0,1198,TRA,"C/C,C/F,C/L,C/W"
V+J,human,TRAV14/DV4,TRAJ43,C/F,1.0,1198,TRA,"C/C,C/F,C/L,C/W"
V+J,human,TRAV13-2,TRAJ4,C/F,1.0,1197,TRA,"C/C,C/F,C/L,C/W"
V+J,human,TRAV14/DV4,TRAJ39,C/F,1.0,1195,TRA,"C/C,C/F,C/L,C/W"
V+J,human,TRAV1-2,TRAJ13,C/F,1.0,1193,TRA,"C/C,C/F,C/L,C/W"
V+J,human,TRAV13-2,TRAJ5,C/F,1.0,1193,TRA,"C/C,C/F,C/L,C/W"
V+J,human,TRAV8-1,TRAJ6,C/F,1.0,1191,TRA,"C/C,C/F,C/L,C/W"
V+J,human,TRAV8-1,TRAJ4,C/F,1.0,1190,TRA,"C/C,C/F,C/L,C/W"
V+J,human,TRAV19,TRAJ44,C/F,1.0,1188,TRA,"C/C,C/F,C/L,C/W"
V+J,human,TRAV13-1,TRAJ12,C/F,1.0,1187,TRA,"C/C,C/F,C/L,C/W"
V+J,human,TRAV17,TRAJ4,C/F,1.0,1185,TRA,"C/C,C/F,C/L,C/W"
V+J,human,TRAV26-1,TRAJ17,C/F,1.0,1184,TRA,"C/C,C/F,C/L,C/W"
V+J,human,TRAV23/DV6,TRAJ44,C/F,1.0,1183,TRA,"C/C,C/F,C/L,C/W"
V+J,human,TRAV4,TRAJ4,C/F,1.0,1182,TRA,"C/C,C/F,C/L,C/W"
V+J,human,TRAV23/DV6,TRAJ33,C/W,1.0,1180,TRA,"C/C,C/F,C/L,C/W"
V+J,human,TRAV5,TRAJ5,C/F,1.0,1179,TRA,"C/C,C/F,C/L,C/W"
V+J,human,TRAV8-3,TRAJ32,C/F,1.0,1177,TRA,"C/C,C/F,C/L,C/W"
V+J,human,TRAV26-2,TRAJ39,C/F,1.0,1176,TRA,"C/C,C/F,C/L,C/W"
V+J,human,TRAV27,TRAJ26,C/F,1.0,1176,TRA,"C/C,C/F,C/L,C/W"
V+J,human,TRAV12-2,TRAJ15,C/F,1.0,1176,TRA,"C/C,C/F,C/L,C/W"
V+J,human,TRAV17,TRAJ7,C/F,1.0,1173,TRA,"C/C,C/F,C/L,C/W"
V+J,human,TRAV19,TRAJ36,C/F,1.0,1171,TRA,"C/C,C/F,C/L,C/W"
V+J,human,TRAV12-1,TRAJ47,C/F,1.0,1169,TRA,"C/C,C/F,C/L,C/W"
V+J,human,TRAV3,TRAJ32,C/F,1.0,1168,TRA,"C/C,C/F,C/L,C/W"
V+J,human,TRAV39,TRAJ58,C/F,1.0,1166,TRA,"C/C,C/F,C/L,C/W"
V+J,human,TRAV8-6,TRAJ17,C/F,1.0,1164,TRA,"C/C,C/F,C/L,C/W"
V+J,human,TRAV26-2,TRAJ40,C/F,1.0,1163,TRA,"C/C,C/F,C/L,C/W"
V+J,human,TRAV12-1,TRAJ44,C/F,1.0,1163,TRA,"C/C,C/F,C/L,C/W"
V+J,human,TRAV6,TRAJ9,C/F,1.0,1162,TRA,"C/C,C/F,C/L,C/W"
V+J,human,TRAV1-2,TRAJ24,C/F,1.0,1162,TRA,"C/C,C/F,C/L,C/W"
V+J,human,TRAV12-3,TRAJ42,C/F,1.0,1161,TRA,"C/C,C/F,C/L,C/W"
V+J,human,TRAV21,TRAJ41,C/F,1.0,1160,TRA,"C/C,C/F,C/L,C/W"
V+J,human,TRAV1-2,TRAJ29,C/F,1.0,1160,TRA,"C/C,C/F,C/L,C/W"
V+J,human,TRAV21,TRAJ10,C/F,1.0,1159,TRA,"C/C,C/F,C/L,C/W"
V+J,human,TRAV12-1,TRAJ17,C/F,1.0,1159,TRA,"C/C,C/F,C/L,C/W"
V+J,human,TRAV13-2,TRAJ48,C/F,1.0,1159,TRA,"C/C,C/F,C/L,C/W"
V+J,human,TRAV5,TRAJ10,C/F,1.0,1158,TRA,"C/C,C/F,C/L,C/W"
V+J,human,TRAV20,TRAJ57,C/F,1.0,1158,TRA,"C/C,C/F,C/L,C/W"
V+J,human,TRAV10,TRAJ40,C/F,1.0,1154,TRA,"C/C,C/F,C/L,C/W"
V+J,human,TRAV4,TRAJ39,C/F,1.0,1153,TRA,"C/C,C/F,C/L,C/W"
V+J,human,TRAV12-3,TRAJ27,C/F,1.0,1153,TRA,"C/C,C/F,C/L,C/W"
V+J,human,TRAV17,TRAJ16,C/F,1.0,1153,TRA,"C/C,C/F,C/L,C/W"
V+J,human,TRAV38-1,TRAJ53,C/F,1.0,1151,TRA,"C/C,C/F,C/L,C/W"
V+J,human,TRAV3,TRAJ27,C/F,1.0,1151,TRA,"C/C,C/F,C/L,C/W"
V+J,human,TRAV12-2,TRAJ28,C/F,1.0,1149,TRA,"C/C,C/F,C/L,C/W"
V+J,human,TRAV13-2,TRAJ29,C/F,1.0,1148,TRA,"C/C,C/F,C/L,C/W"
V+J,human,TRAV8-2,TRAJ37,C/F,1.0,1148,TRA,"C/C,C/F,C/L,C/W"
V+J,human,TRAV12-3,TRAJ57,C/F,1.0,1147,TRA,"C/C,C/F,C/L,C/W"
V+J,human,TRAV20,TRAJ26,C/F,1.0,1145,TRA,"C/C,C/F,C/L,C/W"
V+J,human,TRAV8-4,TRAJ29,C/F,1.0,1144,TRA,"C/C,C/F,C/L,C/W"
V+J,human,TRAV14/DV4,TRAJ4,C/F,1.0,1142,TRA,"C/C,C/F,C/L,C/W"
V+J,human,TRAV12-3,TRAJ34,C/F,1.0,1142,TRA,"C/C,C/F,C/L,C/W"
V+J,human,TRAV8-1,TRAJ23,C/F,1.0,1142,TRA,"C/C,C/F,C/L,C/W"
V+J,human,TRAV3,TRAJ23,C/F,1.0,1142,TRA,"C/C,C/F,C/L,C/W"
V+J,human,TRAV20,TRAJ13,C/F,1.0,1139,TRA,"C/C,C/F,C/L,C/W"
V+J,human,TRAV8-4,TRAJ4,C/F,1.0,1133,TRA,"C/C,C/F,C/L,C/W"
V+J,human,TRAV14/DV4,TRAJ13,C/F,1.0,1133,TRA,"C/C,C/F,C/L,C/W"
V+J,human,TRAV12-3,TRAJ3,C/F,1.0,1132,TRA,"C/C,C/F,C/L,C/W"
V+J,human,TRAV5,TRAJ9,C/F,1.0,1131,TRA,"C/C,C/F,C/L,C/W"
V+J,human,TRAV8-3,TRAJ3,C/F,1.0,1131,TRA,"C/C,C/F,C/L,C/W"
V+J,human,TRAV2,TRAJ32,C/F,1.0,1129,TRA,"C/C,C/F,C/L,C/W"
V+J,human,TRAV27,TRAJ45,C/F,1.0,1124,TRA,"C/C,C/F,C/L,C/W"
V+J,human,TRAV20,TRAJ45,C/F,1.0,1124,TRA,"C/C,C/F,C/L,C/W"
V+J,human,TRAV12-3,TRAJ15,C/F,1.0,1123,TRA,"C/C,C/F,C/L,C/W"
V+J,human,TRAV8-1,TRAJ43,C/F,1.0,1122,TRA,"C/C,C/F,C/L,C/W"
V+J,human,TRAV41,TRAJ43,C/F,1.0,1122,TRA,"C/C,C/F,C/L,C/W"
V+J,human,TRAV14/DV4,TRAJ5,C/F,1.0,1121,TRA,"C/C,C/F,C/L,C/W"
V+J,human,TRAV16,TRAJ34,C/F,1.0,1121,TRA,"C/C,C/F,C/L,C/W"
V+J,human,TRAV19,TRAJ32,C/F,1.0,1119,TRA,"C/C,C/F,C/L,C/W"
V+J,human,TRAV19,TRAJ21,C/F,1.0,1118,TRA,"C/C,C/F,C/L,C/W"
V+J,human,TRAV14/DV4,TRAJ33,C/W,1.0,1111,TRA,"C/C,C/F,C/L,C/W"
V+J,human,TRAV1-2,TRAJ39,C/F,1.0,1111,TRA,"C/C,C/F,C/L,C/W"
V+J,human,TRAV3,TRAJ15,C/F,1.0,1111,TRA,"C/C,C/F,C/L,C/W"
V+J,human,TRAV2,TRAJ39,C/F,1.0,1111,TRA,"C/C,C/F,C/L,C/W"
V+J,human,TRAV20,TRAJ22,C/F,1.0,1111,TRA,"C/C,C/F,C/L,C/W"
V+J,human,TRAV8-3,TRAJ30,C/F,1.0,1110,TRA,"C/C,C/F,C/L,C/W"
V+J,human,TRAV23/DV6,TRAJ39,C/F,1.0,1110,TRA,"C/C,C/F,C/L,C/W"
V+J,human,TRAV29/DV5,TRAJ50,C/F,1.0,1110,TRA,"C/C,C/F,C/L,C/W"
V+J,human,TRAV29/DV5,TRAJ13,C/F,1.0,1107,TRA,"C/C,C/F,C/L,C/W"
V+J,human,TRAV13-2,TRAJ22,C/F,1.0,1106,TRA,"C/C,C/F,C/L,C/W"
V+J,human,TRAV14/DV4,TRAJ11,C/F,1.0,1105,TRA,"C/C,C/F,C/L,C/W"
V+J,human,TRAV12-3,TRAJ8,C/F,1.0,1105,TRA,"C/C,C/F,C/L,C/W"
V+J,human,TRAV20,TRAJ34,C/F,1.0,1104,TRA,"C/C,C/F,C/L,C/W"
V+J,human,TRAV12-3,TRAJ4,C/F,1.0,1103,TRA,"C/C,C/F,C/L,C/W"
V+J,human,TRAV8-1,TRAJ3,C/F,1.0,1102,TRA,"C/C,C/F,C/L,C/W"
V+J,human,TRAV21,TRAJ35,C/C,1.0,1098,TRA,"C/C,C/F,C/L,C/W"
V+J,human,TRAV21,TRAJ12,C/F,1.0,1097,TRA,"C/C,C/F,C/L,C/W"
V+J,human,TRAV14/DV4,TRAJ8,C/F,1.0,1097,TRA,"C/C,C/F,C/L,C/W"
V+J,human,TRAV3,TRAJ43,C/F,1.0,1097,TRA,"C/C,C/F,C/L,C/W"
V+J,human,TRAV20,TRAJ58,C/F,1.0,1095,TRA,"C/C,C/F,C/L,C/W"
V+J,human,TRAV13-2,TRAJ16,C/F,1.0,1095,TRA,"C/C,C/F,C/L,C/W"
V+J,human,TRAV36/DV7,TRAJ54,C/F,1.0,1092,TRA,"C/C,C/F,C/L,C/W"
V+J,human,TRAV2,TRAJ4,C/F,1.0,1091,TRA,"C/C,C/F,C/L,C/W"
V+J,human,TRAV17,TRAJ8,C/F,1.0,1090,TRA,"C/C,C/F,C/L,C/W"
V+J,human,TRAV26-1,TRAJ57,C/F,1.0,1089,TRA,"C/C,C/F,C/L,C/W"
V+J,human,TRAV12-2,TRAJ39,C/F,1.0,1086,TRA,"C/C,C/F,C/L,C/W"
V+J,human,TRAV19,TRAJ11,C/F,1.0,1086,TRA,"C/C,C/F,C/L,C/W"
V+J,human,TRAV2,TRAJ21,C/F,1.0,1085,TRA,"C/C,C/F,C/L,C/W"
V+J,human,TRAV12-2,TRAJ5,C/F,1.0,1085,TRA,"C/C,C/F,C/L,C/W"
V+J,human,TRAV8-4,TRAJ43,C/F,1.0,1085,TRA,"C/C,C/F,C/L,C/W"
V+J,human,TRAV8-1,TRAJ5,C/F,1.0,1083,TRA,"C/C,C/F,C/L,C/W"
V+J,human,TRAV10,TRAJ4,C/F,1.0,1082,TRA,"C/C,C/F,C/L,C/W"
V+J,human,TRAV13-2,TRAJ17,C/F,1.0,1081,TRA,"C/C,C/F,C/L,C/W"
V+J,human,TRAV27,TRAJ28,C/F,1.0,1079,TRA,"C/C,C/F,C/L,C/W"
V+J,human,TRAV41,TRAJ32,C/F,1.0,1079,TRA,"C/C,C/F,C/L,C/W"
V+J,human,TRAV4,TRAJ34,C/F,1.0,1078,TRA,"C/C,C/F,C/L,C/W"
V+J,human,TRAV26-1,TRAJ41,C/F,1.0,1077,TRA,"C/C,C/F,C/L,C/W"
V+J,human,TRAV13-1,TRAJ38,C/W,1.0,1076,TRA,"C/C,C/F,C/L,C/W"
V+J,human,TRAV12-2,TRAJ11,C/F,1.0,1074,TRA,"C/C,C/F,C/L,C/W"
V+J,human,TRAV26-2,TRAJ45,C/F,1.0,1073,TRA,"C/C,C/F,C/L,C/W"
V+J,human,TRAV36/DV7,TRAJ40,C/F,1.0,1073,TRA,"C/C,C/F,C/L,C/W"
V+J,human,TRAV12-3,TRAJ33,C/W,1.0,1072,TRA,"C/C,C/F,C/L,C/W"
V+J,human,TRAV6,TRAJ4,C/F,1.0,1072,TRA,"C/C,C/F,C/L,C/W"
V+J,human,TRAV12-2,TRAJ30,C/F,1.0,1070,TRA,"C/C,C/F,C/L,C/W"
V+J,human,TRAV8-4,TRAJ40,C/F,1.0,1068,TRA,"C/C,C/F,C/L,C/W"
V+J,human,TRAV14/DV4,TRAJ26,C/F,1.0,1067,TRA,"C/C,C/F,C/L,C/W"
V+J,human,TRAV20,TRAJ32,C/F,1.0,1067,TRA,"C/C,C/F,C/L,C/W"
V+J,human,TRAV8-4,TRAJ8,C/F,1.0,1066,TRA,"C/C,C/F,C/L,C/W"
V+J,human,TRAV5,TRAJ39,C/F,1.0,1064,TRA,"C/C,C/F,C/L,C/W"
V+J,human,TRAV3,TRAJ11,C/F,1.0,1060,TRA,"C/C,C/F,C/L,C/W"
V+J,human,TRAV36/DV7,TRAJ53,C/F,1.0,1059,TRA,"C/C,C/F,C/L,C/W"
V+J,human,TRAV6,TRAJ6,C/F,1.0,1059,TRA,"C/C,C/F,C/L,C/W"
V+J,human,TRAV10,TRAJ20,C/F,1.0,1059,TRA,"C/C,C/F,C/L,C/W"
V+J,human,TRAV39,TRAJ43,C/F,1.0,1059,TRA,"C/C,C/F,C/L,C/W"
V+J,human,TRAV3,TRAJ17,C/F,1.0,1059,TRA,"C/C,C/F,C/L,C/W"
V+J,human,TRAV26-1,TRAJ58,C/F,1.0,1058,TRA,"C/C,C/F,C/L,C/W"
V+J,human,TRAV12-3,TRAJ28,C/F,1.0,1057,TRA,"C/C,C/F,C/L,C/W"
V+J,human,TRAV13-2,TRAJ8,C/F,1.0,1056,TRA,"C/C,C/F,C/L,C/W"
V+J,human,TRAV21,TRAJ11,C/F,1.0,1056,TRA,"C/C,C/F,C/L,C/W"
V+J,human,TRAV21,TRAJ21,C/F,1.0,1056,TRA,"C/C,C/F,C/L,C/W"
V+J,human,TRAV3,TRAJ7,C/F,1.0,1055,TRA,"C/C,C/F,C/L,C/W"
V+J,human,TRAV38-1,TRAJ28,C/F,1.0,1055,TRA,"C/C,C/F,C/L,C/W"
V+J,human,TRAV4,TRAJ22,C/F,1.0,1055,TRA,"C/C,C/F,C/L,C/W"
V+J,human,TRAV8-6,TRAJ29,C/F,1.0,1055,TRA,"C/C,C/F,C/L,C/W"
V+J,human,TRAV14/DV4,TRAJ10,C/F,1.0,1052,TRA,"C/C,C/F,C/L,C/W"
V+J,human,TRAV26-2,TRAJ37,C/F,1.0,1052,TRA,"C/C,C/F,C/L,C/W"
V+J,human,TRAV12-1,TRAJ32,C/F,1.0,1048,TRA,"C/C,C/F,C/L,C/W"
V+J,human,TRAV10,TRAJ42,C/F,1.0,1047,TRA,"C/C,C/F,C/L,C/W"
V+J,human,TRAV4,TRAJ8,C/F,1.0,1040,TRA,"C/C,C/F,C/L,C/W"
V+J,human,TRAV19,TRAJ5,C/F,1.0,1040,TRA,"C/C,C/F,C/L,C/W"
V+J,human,TRAV13-2,TRAJ10,C/F,1.0,1040,TRA,"C/C,C/F,C/L,C/W"
V+J,human,TRAV1-2,TRAJ16,C/F,1.0,1037,TRA,"C/C,C/F,C/L,C/W"
V+J,human,TRAV8-2,TRAJ42,C/F,1.0,1036,TRA,"C/C,C/F,C/L,C/W"
V+J,human,TRAV8-3,TRAJ5,C/F,1.0,1036,TRA,"C/C,C/F,C/L,C/W"
V+J,human,TRAV14/DV4,TRAJ44,C/F,1.0,1035,TRA,"C/C,C/F,C/L,C/W"
V+J,human,TRAV23/DV6,TRAJ32,C/F,1.0,1030,TRA,"C/C,C/F,C/L,C/W"
V+J,human,TRAV25,TRAJ48,C/F,1.0,1026,TRA,"C/C,C/F,C/L,C/W"
V+J,human,TRAV29/DV5,TRAJ24,C/F,1.0,1026,TRA,"C/C,C/F,C/L,C/W"
V+J,human,TRAV19,TRAJ10,C/F,1.0,1020,TRA,"C/C,C/F,C/L,C/W"
V+J,human,TRAV22,TRAJ40,C/F,1.0,1019,TRA,"C/C,C/F,C/L,C/W"
V+J,human,TRAV2,TRAJ22,C/F,1.0,1019,TRA,"C/C,C/F,C/L,C/W"
V+J,human,TRAV12-2,TRAJ29,C/F,1.0,1018,TRA,"C/C,C/F,C/L,C/W"
V+J,human,TRAV39,TRAJ33,C/W,1.0,1016,TRA,"C/C,C/F,C/L,C/W"
V+J,human,TRAV14/DV4,TRAJ29,C/F,1.0,1015,TRA,"C/C,C/F,C/L,C/W"
V+J,human,TRAV2,TRAJ13,C/F,1.0,1014,TRA,"C/C,C/F,C/L,C/W"
V+J,human,TRAV12-2,TRAJ21,C/F,1.0,1012,TRA,"C/C,C/F,C/L,C/W"
V+J,human,TRAV38-2/DV8,TRAJ41,C/F,1.0,1010,TRA,"C/C,C/F,C/L,C/W"
V+J,human,TRAV1-2,TRAJ17,C/F,1.0,1010,TRA,"C/C,C/F,C/L,C/W"
V+J,human,TRAV27,TRAJ27,C/F,1.0,1010,TRA,"C/C,C/F,C/L,C/W"
V+J,human,TRAV8-2,TRAJ9,C/F,1.0,1009,TRA,"C/C,C/F,C/L,C/W"
V+J,human,TRAV12-3,TRAJ43,C/F,1.0,1008,TRA,"C/C,C/F,C/L,C/W"
V+J,human,TRAV8-1,TRAJ45,C/F,1.0,1008,TRA,"C/C,C/F,C/L,C/W"
V+J,human,TRAV12-2,TRAJ54,C/F,1.0,1007,TRA,"C/C,C/F,C/L,C/W"
V+J,human,TRAV8-3,TRAJ54,C/F,1.0,1006,TRA,"C/C,C/F,C/L,C/W"
V+J,human,TRAV14/DV4,TRAJ57,C/F,1.0,1005,TRA,"C/C,C/F,C/L,C/W"
V+J,human,TRAV39,TRAJ48,C/F,1.0,1004,TRA,"C/C,C/F,C/L,C/W"
V+J,human,TRAV8-1,TRAJ17,C/F,1.0,1003,TRA,"C/C,C/F,C/L,C/W"
V+J,human,TRAV8-3,TRAJ16,C/F,1.0,1003,TRA,"C/C,C/F,C/L,C/W"
V+J,human,TRAV8-3,TRAJ36,C/F,1.0,1001,TRA,"C/C,C/F,C/L,C/W"
V+J,human,TRAV13-1,TRAJ18,C/F,1.0,999,TRA,"C/C,C/F,C/L,C/W"
V+J,human,TRAV8-6,TRAJ30,C/F,1.0,996,TRA,"C/C,C/F,C/L,C/W"
V+J,human,TRAV26-1,TRAJ21,C/F,1.0,995,TRA,"C/C,C/F,C/L,C/W"
V+J,human,TRAV12-2,TRAJ34,C/F,1.0,995,TRA,"C/C,C/F,C/L,C/W"
V+J,human,TRAV25,TRAJ28,C/F,1.0,994,TRA,"C/C,C/F,C/L,C/W"
V+J,human,TRAV26-1,TRAJ56,C/F,1.0,993,TRA,"C/C,C/F,C/L,C/W"
V+J,human,TRAV26-1,TRAJ13,C/F,1.0,993,TRA,"C/C,C/F,C/L,C/W"
V+J,human,TRAV1-2,TRAJ32,C/F,1.0,992,TRA,"C/C,C/F,C/L,C/W"
V+J,human,TRAV27,TRAJ58,C/F,1.0,992,TRA,"C/C,C/F,C/L,C/W"
V+J,human,TRAV12-3,TRAJ30,C/F,1.0,992,TRA,"C/C,C/F,C/L,C/W"
V+J,human,TRAV14/DV4,TRAJ6,C/F,1.0,988,TRA,"C/C,C/F,C/L,C/W"
V+J,human,TRAV27,TRAJ44,C/F,1.0,987,TRA,"C/C,C/F,C/L,C/W"
V+J,human,TRAV22,TRAJ52,C/F,1.0,986,TRA,"C/C,C/F,C/L,C/W"
V+J,human,TRAV26-1,TRAJ24,C/F,1.0,986,TRA,"C/C,C/F,C/L,C/W"
V+J,human,TRAV25,TRAJ54,C/F,1.0,986,TRA,"C/C,C/F,C/L,C/W"
V+J,human,TRAV23/DV6,TRAJ57,C/F,1.0,986,TRA,"C/C,C/F,C/L,C/W"
V+J,human,TRAV39,TRAJ54,C/F,1.0,984,TRA,"C/C,C/F,C/L,C/W"
V+J,human,TRAV9-2,TRAJ24,C/F,1.0,983,TRA,"C/C,C/F,C/L,C/W"
V+J,human,TRAV5,TRAJ15,C/F,1.0,982,TRA,"C/C,C/F,C/L,C/W"
V+J,human,TRAV8-4,TRAJ3,C/F,1.0,981,TRA,"C/C,C/F,C/L,C/W"
V+J,human,TRAV9-2,TRAJ47,C/F,1.0,979,TRA,"C/C,C/F,C/L,C/W"
V+J,human,TRAV13-1,TRAJ35,C/C,1.0,979,TRA,"C/C,C/F,C/L,C/W"
V+J,human,TRAV12-2,TRAJ8,C/F,1.0,978,TRA,"C/C,C/F,C/L,C/W"
V+J,human,TRAV9-2,TRAJ50,C/F,1.0,977,TRA,"C/C,C/F,C/L,C/W"
V+J,human,TRAV8-4,TRAJ45,C/F,1.0,975,TRA,"C/C,C/F,C/L,C/W"
V+J,human,TRAV8-3,TRAJ33,C/W,1.0,973,TRA,"C/C,C/F,C/L,C/W"
V+J,human,TRAV4,TRAJ28,C/F,1.0,971,TRA,"C/C,C/F,C/L,C/W"
V+J,human,TRAV6,TRAJ39,C/F,1.0,971,TRA,"C/C,C/F,C/L,C/W"
V+J,human,TRAV27,TRAJ24,C/F,1.0,970,TRA,"C/C,C/F,C/L,C/W"
V+J,human,TRAV3,TRAJ35,C/C,1.0,970,TRA,"C/C,C/F,C/L,C/W"
V+J,human,TRAV13-2,TRAJ34,C/F,1.0,970,TRA,"C/C,C/F,C/L,C/W"
V+J,human,TRAV12-2,TRAJ12,C/F,1.0,969,TRA,"C/C,C/F,C/L,C/W"
V+J,human,TRAV8-4,TRAJ10,C/F,1.0,967,TRA,"C/C,C/F,C/L,C/W"
V+J,human,TRAV4,TRAJ13,C/F,1.0,965,TRA,"C/C,C/F,C/L,C/W"
V+J,human,TRAV13-2,TRAJ12,C/F,1.0,965,TRA,"C/C,C/F,C/L,C/W"
V+J,human,TRAV8-6,TRAJ39,C/F,1.0,964,TRA,"C/C,C/F,C/L,C/W"
V+J,human,TRAV13-2,TRAJ43,C/F,1.0,962,TRA,"C/C,C/F,C/L,C/W"
V+J,human,TRAV2,TRAJ30,C/F,1.0,960,TRA,"C/C,C/F,C/L,C/W"
V+J,human,TRAV4,TRAJ30,C/F,1.0,959,TRA,"C/C,C/F,C/L,C/W"
V+J,human,TRAV23/DV6,TRAJ21,C/F,1.0,959,TRA,"C/C,C/F,C/L,C/W"
V+J,human,TRAV22,TRAJ58,C/F,1.0,959,TRA,"C/C,C/F,C/L,C/W"
V+J,human,TRAV38-1,TRAJ30,C/F,1.0,958,TRA,"C/C,C/F,C/L,C/W"
V+J,human,TRAV5,TRAJ29,C/F,1.0,958,TRA,"C/C,C/F,C/L,C/W"
V+J,human,TRAV8-1,TRAJ8,C/F,1.0,957,TRA,"C/C,C/F,C/L,C/W"
V+J,human,TRAV22,TRAJ20,C/F,1.0,957,TRA,"C/C,C/F,C/L,C/W"
V+J,human,TRAV14/DV4,TRAJ12,C/F,1.0,956,TRA,"C/C,C/F,C/L,C/W"
V+J,human,TRAV17,TRAJ18,C/F,1.0,956,TRA,"C/C,C/F,C/L,C/W"
V+J,human,TRAV8-4,TRAJ44,C/F,1.0,952,TRA,"C/C,C/F,C/L,C/W"
V+J,human,TRAV12-2,TRAJ47,C/F,1.0,952,TRA,"C/C,C/F,C/L,C/W"
V+J,human,TRAV9-2,TRAJ16,C/F,1.0,951,TRA,"C/C,C/F,C/L,C/W"
V+J,human,TRAV13-1,TRAJ7,C/F,1.0,950,TRA,"C/C,C/F,C/L,C/W"
V+J,human,TRAV21,TRAJ8,C/F,1.0,950,TRA,"C/C,C/F,C/L,C/W"
V+J,human,TRAV19,TRAJ6,C/F,1.0,947,TRA,"C/C,C/F,C/L,C/W"
V+J,human,TRAV8-3,TRAJ28,C/F,1.0,942,TRA,"C/C,C/F,C/L,C/W"
V+J,human,TRAV12-2,TRAJ17,C/F,1.0,941,TRA,"C/C,C/F,C/L,C/W"
V+J,human,TRAV26-2,TRAJ43,C/F,1.0,941,TRA,"C/C,C/F,C/L,C/W"
V+J,human,TRAV25,TRAJ33,C/W,1.0,941,TRA,"C/C,C/F,C/L,C/W"
V+J,human,TRAV14/DV4,TRAJ56,C/F,1.0,940,TRA,"C/C,C/F,C/L,C/W"
V+J,human,TRAV27,TRAJ34,C/F,1.0,939,TRA,"C/C,C/F,C/L,C/W"
V+J,human,TRAV23/DV6,TRAJ17,C/F,1.0,939,TRA,"C/C,C/F,C/L,C/W"
V+J,human,TRAV27,TRAJ22,C/F,1.0,938,TRA,"C/C,C/F,C/L,C/W"
V+J,human,TRAV8-3,TRAJ53,C/F,1.0,938,TRA,"C/C,C/F,C/L,C/W"
V+J,human,TRAV12-3,TRAJ5,C/F,1.0,938,TRA,"C/C,C/F,C/L,C/W"
V+J,human,TRAV26-1,TRAJ33,C/W,1.0,936,TRA,"C/C,C/F,C/L,C/W"
V+J,human,TRAV20,TRAJ15,C/F,1.0,935,TRA,"C/C,C/F,C/L,C/W"
V+J,human,TRAV29/DV5,TRAJ38,C/W,1.0,935,TRA,"C/C,C/F,C/L,C/W"
V+J,human,TRAV23/DV6,TRAJ43,C/F,1.0,935,TRA,"C/C,C/F,C/L,C/W"
V+J,human,TRAV19,TRAJ27,C/F,1.0,933,TRA,"C/C,C/F,C/L,C/W"
V+J,human,TRAV2,TRAJ42,C/F,1.0,933,TRA,"C/C,C/F,C/L,C/W"
V+J,human,TRAV1-2,TRAJ36,C/F,1.0,931,TRA,"C/C,C/F,C/L,C/W"
V+J,human,TRAV8-3,TRAJ11,C/F,1.0,930,TRA,"C/C,C/F,C/L,C/W"
V+J,human,TRAV38-1,TRAJ44,C/F,1.0,930,TRA,"C/C,C/F,C/L,C/W"
V+J,human,TRAV16,TRAJ40,C/F,1.0,929,TRA,"C/C,C/F,C/L,C/W"
V+J,human,TRAV14/DV4,TRAJ15,C/F,1.0,925,TRA,"C/C,C/F,C/L,C/W"
V+J,human,TRAV8-3,TRAJ26,C/F,1.0,924,TRA,"C/C,C/F,C/L,C/W"
V+J,human,TRAV4,TRAJ10,C/F,1.0,922,TRA,"C/C,C/F,C/L,C/W"
V+J,human,TRAV1-2,TRAJ23,C/F,1.0,922,TRA,"C/C,C/F,C/L,C/W"
V+J,human,TRAV14/DV4,TRAJ27,C/F,1.0,922,TRA,"C/C,C/F,C/L,C/W"
V+J,human,TRAV6,TRAJ3,C/F,1.0,921,TRA,"C/C,C/F,C/L,C/W"
V+J,human,TRAV19,TRAJ24,C/F,1.0,920,TRA,"C/C,C/F,C/L,C/W"
V+J,human,TRAV23/DV6,TRAJ26,C/F,1.0,920,TRA,"C/C,C/F,C/L,C/W"
V+J,human,TRAV16,TRAJ23,C/F,1.0,920,TRA,"C/C,C/F,C/L,C/W"
V+J,human,TRAV20,TRAJ4,C/F,1.0,918,TRA,"C/C,C/F,C/L,C/W"
V+J,human,TRAV8-3,TRAJ22,C/F,1.0,916,TRA,"C/C,C/F,C/L,C/W"
V+J,human,TRAV20,TRAJ33,C/W,1.0,914,TRA,"C/C,C/F,C/L,C/W"
V+J,human,TRAV8-4,TRAJ5,C/F,1.0,913,TRA,"C/C,C/F,C/L,C/W"
V+J,human,TRAV5,TRAJ30,C/F,1.0,912,TRA,"C/C,C/F,C/L,C/W"
V+J,human,TRAV8-1,TRAJ20,C/F,1.0,912,TRA,"C/C,C/F,C/L,C/W"
V+J,human,TRAV16,TRAJ58,C/F,1.0,911,TRA,"C/C,C/F,C/L,C/W"
V+J,human,TRAV19,TRAJ8,C/F,1.0,910,TRA,"C/C,C/F,C/L,C/W"
V+J,human,TRAV1-2,TRAJ8,C/F,1.0,909,TRA,"C/C,C/F,C/L,C/W"
V+J,human,TRAV22,TRAJ45,C/F,1.0,906,TRA,"C/C,C/F,C/L,C/W"
V+J,human,TRAV4,TRAJ3,C/F,1.0,905,TRA,"C/C,C/F,C/L,C/W"
V+J,human,TRAV12-1,TRAJ36,C/F,1.0,905,TRA,"C/C,C/F,C/L,C/W"
V+J,human,TRAV8-4,TRAJ22,C/F,1.0,904,TRA,"C/C,C/F,C/L,C/W"
V+J,human,TRAV12-1,TRAJ53,C/F,1.0,903,TRA,"C/C,C/F,C/L,C/W"
V+J,human,TRAV12-2,TRAJ24,C/F,1.0,903,TRA,"C/C,C/F,C/L,C/W"
V+J,human,TRAV29/DV5,TRAJ17,C/F,1.0,900,TRA,"C/C,C/F,C/L,C/W"
V+J,human,TRAV41,TRAJ57,C/F,1.0,899,TRA,"C/C,C/F,C/L,C/W"
V+J,human,TRAV12-3,TRAJ11,C/F,1.0,899,TRA,"C/C,C/F,C/L,C/W"
V+J,human,TRAV16,TRAJ39,C/F,1.0,899,TRA,"C/C,C/F,C/L,C/W"
V+J,human,TRAV12-2,TRAJ27,C/F,1.0,898,TRA,"C/C,C/F,C/L,C/W"
V+J,human,TRAV4,TRAJ29,C/F,1.0,896,TRA,"C/C,C/F,C/L,C/W"
V+J,human,TRAV23/DV6,TRAJ10,C/F,1.0,896,TRA,"C/C,C/F,C/L,C/W"
V+J,human,TRAV5,TRAJ11,C/F,1.0,896,TRA,"C/C,C/F,C/L,C/W"
V+J,human,TRAV2,TRAJ17,C/F,1.0,895,TRA,"C/C,C/F,C/L,C/W"
V+J,human,TRAV8-2,TRAJ8,C/F,1.0,894,TRA,"C/C,C/F,C/L,C/W"
V+J,human,TRAV4,TRAJ17,C/F,1.0,893,TRA,"C/C,C/F,C/L,C/W"
V+J,human,TRAV16,TRAJ42,C/F,1.0,891,TRA,"C/C,C/F,C/L,C/W"
V+J,human,TRAV16,TRAJ13,C/F,1.0,891,TRA,"C/C,C/F,C/L,C/W"
V+J,human,TRAV27,TRAJ47,C/F,1.0,890,TRA,"C/C,C/F,C/L,C/W"
V+J,human,TRAV14/DV4,TRAJ3,C/F,1.0,890,TRA,"C/C,C/F,C/L,C/W"
V+J,human,TRAV13-2,TRAJ30,C/F,1.0,888,TRA,"C/C,C/F,C/L,C/W"
V+J,human,TRAV1-1,TRAJ23,C/F,1.0,888,TRA,"C/C,C/F,C/L,C/W"
V+J,human,TRAV38-2/DV8,TRAJ37,C/F,1.0,884,TRA,"C/C,C/F,C/L,C/W"
V+J,human,TRAV27,TRAJ41,C/F,1.0,883,TRA,"C/C,C/F,C/L,C/W"
V+J,human,TRAV16,TRAJ49,C/F,1.0,882,TRA,"C/C,C/F,C/L,C/W"
V+J,human,TRAV4,TRAJ42,C/F,1.0,882,TRA,"C/C,C/F,C/L,C/W"
V+J,human,TRAV22,TRAJ48,C/F,1.0,882,TRA,"C/C,C/F,C/L,C/W"
V+J,human,TRAV8-3,TRAJ24,C/F,1.0,881,TRA,"C/C,C/F,C/L,C/W"
V+J,human,TRAV20,TRAJ29,C/F,1.0,879,TRA,"C/C,C/F,C/L,C/W"
V+J,human,TRAV19,TRAJ15,C/F,1.0,879,TRA,"C/C,C/F,C/L,C/W"
V+J,human,TRAV8-6,TRAJ22,C/F,1.0,877,TRA,"C/C,C/F,C/L,C/W"
V+J,human,TRAV3,TRAJ24,C/F,1.0,876,TRA,"C/C,C/F,C/L,C/W"
V+J,human,TRAV2,TRAJ16,C/F,1.0,876,TRA,"C/C,C/F,C/L,C/W"
V+J,human,TRAV26-2,TRAJ29,C/F,1.0,874,TRA,"C/C,C/F,C/L,C/W"
V+J,human,TRAV29/DV5,TRAJ9,C/F,1.0,873,TRA,"C/C,C/F,C/L,C/W"
V+J,human,TRAV20,TRAJ39,C/F,1.0,873,TRA,"C/C,C/F,C/L,C/W"
V+J,human,TRAV8-4,TRAJ15,C/F,1.0,872,TRA,"C/C,C/F,C/L,C/W"
V+J,human,TRAV12-3,TRAJ44,C/F,1.0,872,TRA,"C/C,C/F,C/L,C/W"
V+J,human,TRAV1-2,TRAJ27,C/F,1.0,872,TRA,"C/C,C/F,C/L,C/W"
V+J,human,TRAV10,TRAJ39,C/F,1.0,871,TRA,"C/C,C/F,C/L,C/W"
V+J,human,TRAV26-1,TRAJ38,C/W,1.0,870,TRA,"C/C,C/F,C/L,C/W"
V+J,human,TRAV4,TRAJ20,C/F,1.0,870,TRA,"C/C,C/F,C/L,C/W"
V+J,human,TRAV12-1,TRAJ18,C/F,1.0,869,TRA,"C/C,C/F,C/L,C/W"
V+J,human,TRAV23/DV6,TRAJ30,C/F,1.0,868,TRA,"C/C,C/F,C/L,C/W"
V+J,human,TRAV17,TRAJ32,C/F,1.0,866,TRA,"C/C,C/F,C/L,C/W"
V+J,human,TRAV30,TRAJ52,C/F,1.0,863,TRA,"C/C,C/F,C/L,C/W"
V+J,human,TRAV17,TRAJ27,C/F,1.0,861,TRA,"C/C,C/F,C/L,C/W"
V+J,human,TRAV26-2,TRAJ23,C/F,1.0,861,TRA,"C/C,C/F,C/L,C/W"
V+J,human,TRAV38-1,TRAJ56,C/F,1.0,860,TRA,"C/C,C/F,C/L,C/W"
V+J,human,TRAV38-1,TRAJ37,C/F,1.0,860,TRA,"C/C,C/F,C/L,C/W"
V+J,human,TRAV24,TRAJ52,C/F,1.0,860,TRA,"C/C,C/F,C/L,C/W"
V+J,human,TRAV2,TRAJ36,C/F,1.0,859,TRA,"C/C,C/F,C/L,C/W"
V+J,human,TRAV8-3,TRAJ12,C/F,1.0,859,TRA,"C/C,C/F,C/L,C/W"
V+J,human,TRAV8-4,TRAJ39,C/F,1.0,855,TRA,"C/C,C/F,C/L,C/W"
V+J,human,TRAV8-1,TRAJ30,C/F,1.0,854,TRA,"C/C,C/F,C/L,C/W"
V+J,human,TRAV9-2,TRAJ41,C/F,1.0,852,TRA,"C/C,C/F,C/L,C/W"
V+J,human,TRAV9-2,TRAJ38,C/W,1.0,851,TRA,"C/C,C/F,C/L,C/W"
V+J,human,TRAV9-2,TRAJ18,C/F,1.0,851,TRA,"C/C,C/F,C/L,C/W"
V+J,human,TRAV22,TRAJ42,C/F,1.0,851,TRA,"C/C,C/F,C/L,C/W"
V+J,human,TRAV20,TRAJ48,C/F,1.0,850,TRA,"C/C,C/F,C/L,C/W"
V+J,human,TRAV21,TRAJ4,C/F,1.0,849,TRA,"C/C,C/F,C/L,C/W"
V+J,human,TRAV5,TRAJ32,C/F,1.0,848,TRA,"C/C,C/F,C/L,C/W"
V+J,human,TRAV20,TRAJ24,C/F,1.0,847,TRA,"C/C,C/F,C/L,C/W"
V+J,human,TRAV8-6,TRAJ5,C/F,1.0,847,TRA,"C/C,C/F,C/L,C/W"
V+J,human,TRAV9-2,TRAJ35,C/C,1.0,847,TRA,"C/C,C/F,C/L,C/W"
V+J,human,TRAV8-6,TRAJ3,C/F,1.0,847,TRA,"C/C,C/F,C/L,C/W"
V+J,human,TRAV21,TRAJ18,C/F,1.0,845,TRA,"C/C,C/F,C/L,C/W"
V+J,human,TRAV12-3,TRAJ21,C/F,1.0,845,TRA,"C/C,C/F,C/L,C/W"
V+J,human,TRAV10,TRAJ10,C/F,1.0,844,TRA,"C/C,C/F,C/L,C/W"
V+J,human,TRAV19,TRAJ47,C/F,1.0,843,TRA,"C/C,C/F,C/L,C/W"
V+J,human,TRAV1-1,TRAJ9,C/F,1.0,841,TRA,"C/C,C/F,C/L,C/W"
V+J,human,TRAV6,TRAJ13,C/F,1.0,840,TRA,"C/C,C/F,C/L,C/W"
V+J,human,TRAV8-2,TRAJ6,C/F,1.0,839,TRA,"C/C,C/F,C/L,C/W"
V+J,human,TRAV26-1,TRAJ15,C/F,1.0,838,TRA,"C/C,C/F,C/L,C/W"
V+J,human,TRAV29/DV5,TRAJ15,C/F,1.0,838,TRA,"C/C,C/F,C/L,C/W"
V+J,human,TRAV8-1,TRAJ10,C/F,1.0,837,TRA,"C/C,C/F,C/L,C/W"
V+J,human,TRAV20,TRAJ41,C/F,1.0,836,TRA,"C/C,C/F,C/L,C/W"
V+J,human,TRAV8-2,TRAJ49,C/F,1.0,834,TRA,"C/C,C/F,C/L,C/W"
V+J,human,TRAV8-2,TRAJ23,C/F,1.0,834,TRA,"C/C,C/F,C/L,C/W"
V+J,human,TRAV2,TRAJ10,C/F,1.0,833,TRA,"C/C,C/F,C/L,C/W"
V+J,human,TRAV16,TRAJ10,C/F,1.0,833,TRA,"C/C,C/F,C/L,C/W"
V+J,human,TRAV4,TRAJ43,C/F,1.0,832,TRA,"C/C,C/F,C/L,C/W"
V+J,human,TRAV26-2,TRAJ28,C/F,1.0,831,TRA,"C/C,C/F,C/L,C/W"
V+J,human,TRAV21,TRAJ16,C/F,1.0,831,TRA,"C/C,C/F,C/L,C/W"
V+J,human,TRAV8-6,TRAJ43,C/F,1.0,830,TRA,"C/C,C/F,C/L,C/W"
V+J,human,TRAV38-1,TRAJ58,C/F,1.0,830,TRA,"C/C,C/F,C/L,C/W"
V+J,human,TRAV8-6,TRAJ12,C/F,1.0,830,TRA,"C/C,C/F,C/L,C/W"
V+J,human,TRAV1-2,TRAJ40,C/F,1.0,830,TRA,"C/C,C/F,C/L,C/W"
V+J,human,TRAV8-2,TRAJ43,C/F,1.0,829,TRA,"C/C,C/F,C/L,C/W"
V+J,human,TRAV12-1,TRAJ38,C/W,1.0,828,TRA,"C/C,C/F,C/L,C/W"
V+J,human,TRAV8-6,TRAJ11,C/F,1.0,828,TRA,"C/C,C/F,C/L,C/W"
V+J,human,TRAV24,TRAJ37,C/F,1.0,828,TRA,"C/C,C/F,C/L,C/W"
V+J,human,TRAV29/DV5,TRAJ18,C/F,1.0,827,TRA,"C/C,C/F,C/L,C/W"
V+J,human,TRAV6,TRAJ42,C/F,1.0,825,TRA,"C/C,C/F,C/L,C/W"
V+J,human,TRAV14/DV4,TRAJ32,C/F,1.0,825,TRA,"C/C,C/F,C/L,C/W"
V+J,human,TRAV8-6,TRAJ32,C/F,1.0,822,TRA,"C/C,C/F,C/L,C/W"
V+J,human,TRAV13-2,TRAJ47,C/F,1.0,822,TRA,"C/C,C/F,C/L,C/W"
V+J,human,TRAV19,TRAJ41,C/F,1.0,822,TRA,"C/C,C/F,C/L,C/W"
V+J,human,TRAV8-4,TRAJ20,C/F,1.0,822,TRA,"C/C,C/F,C/L,C/W"
V+J,human,TRAV8-2,TRAJ13,C/F,1.0,822,TRA,"C/C,C/F,C/L,C/W"
V+J,human,TRAV6,TRAJ23,C/F,1.0,821,TRA,"C/C,C/F,C/L,C/W"
V+J,human,TRAV13-2,TRAJ32,C/F,1.0,821,TRA,"C/C,C/F,C/L,C/W"
V+J,human,TRAV38-1,TRAJ29,C/F,1.0,821,TRA,"C/C,C/F,C/L,C/W"
V+J,human,TRAV27,TRAJ36,C/F,1.0,820,TRA,"C/C,C/F,C/L,C/W"
V+J,human,TRAV22,TRAJ49,C/F,1.0,819,TRA,"C/C,C/F,C/L,C/W"
V+J,human,TRAV12-3,TRAJ32,C/F,1.0,819,TRA,"C/C,C/F,C/L,C/W"
V+J,human,TRAV24,TRAJ42,C/F,1.0,818,TRA,"C/C,C/F,C/L,C/W"
V+J,human,TRAV2,TRAJ40,C/F,1.0,818,TRA,"C/C,C/F,C/L,C/W"
V+J,human,TRAV6,TRAJ5,C/F,1.0,817,TRA,"C/C,C/F,C/L,C/W"
V+J,human,TRAV25,TRAJ26,C/F,1.0,816,TRA,"C/C,C/F,C/L,C/W"
V+J,human,TRAV4,TRAJ40,C/F,1.0,814,TRA,"C/C,C/F,C/L,C/W"
V+J,human,TRAV23/DV6,TRAJ18,C/F,1.0,813,TRA,"C/C,C/F,C/L,C/W"
V+J,human,TRAV27,TRAJ21,C/F,1.0,812,TRA,"C/C,C/F,C/L,C/W"
V+J,human,TRAV13-2,TRAJ21,C/F,1.0,811,TRA,"C/C,C/F,C/L,C/W"
V+J,human,TRAV3,TRAJ18,C/F,1.0,811,TRA,"C/C,C/F,C/L,C/W"
V+J,human,TRAV1-2,TRAJ30,C/F,1.0,811,TRA,"C/C,C/F,C/L,C/W"
V+J,human,TRAV36/DV7,TRAJ42,C/F,1.0,809,TRA,"C/C,C/F,C/L,C/W"
V+J,human,TRAV26-1,TRAJ9,C/F,1.0,809,TRA,"C/C,C/F,C/L,C/W"
V+J,human,TRAV2,TRAJ5,C/F,1.0,809,TRA,"C/C,C/F,C/L,C/W"
V+J,human,TRAV5,TRAJ43,C/F,1.0,808,TRA,"C/C,C/F,C/L,C/W"
V+J,human,TRAV14/DV4,TRAJ36,C/F,1.0,808,TRA,"C/C,C/F,C/L,C/W"
V+J,human,TRAV8-1,TRAJ22,C/F,1.0,805,TRA,"C/C,C/F,C/L,C/W"
V+J,human,TRAV16,TRAJ22,C/F,1.0,803,TRA,"C/C,C/F,C/L,C/W"
V+J,human,TRAV12-2,TRAJ44,C/F,1.0,803,TRA,"C/C,C/F,C/L,C/W"
V+J,human,TRAV13-2,TRAJ28,C/F,1.0,795,TRA,"C/C,C/F,C/L,C/W"
V+J,human,TRAV19,TRAJ12,C/F,1.0,794,TRA,"C/C,C/F,C/L,C/W"
V+J,human,TRAV8-1,TRAJ7,C/F,1.0,794,TRA,"C/C,C/F,C/L,C/W"
V+J,human,TRAV25,TRAJ22,C/F,1.0,793,TRA,"C/C,C/F,C/L,C/W"
V+J,human,TRAV38-2/DV8,TRAJ23,C/F,1.0,790,TRA,"C/C,C/F,C/L,C/W"
V+J,human,TRAV22,TRAJ53,C/F,1.0,787,TRA,"C/C,C/F,C/L,C/W"
V+J,human,TRAV8-6,TRAJ45,C/F,1.0,785,TRA,"C/C,C/F,C/L,C/W"
V+J,human,TRAV29/DV5,TRAJ10,C/F,1.0,785,TRA,"C/C,C/F,C/L,C/W"
V+J,human,TRAV16,TRAJ57,C/F,1.0,783,TRA,"C/C,C/F,C/L,C/W"
V+J,human,TRAV25,TRAJ44,C/F,1.0,783,TRA,"C/C,C/F,C/L,C/W"
V+J,human,TRAV12-3,TRAJ58,C/F,1.0,783,TRA,"C/C,C/F,C/L,C/W"
V+J,human,TRAV8-1,TRAJ27,C/F,1.0,783,TRA,"C/C,C/F,C/L,C/W"
V+J,human,TRAV12-3,TRAJ36,C/F,1.0,782,TRA,"C/C,C/F,C/L,C/W"
V+J,human,TRAV9-2,TRAJ7,C/F,1.0,781,TRA,"C/C,C/F,C/L,C/W"
V+J,human,TRAV24,TRAJ39,C/F,1.0,780,TRA,"C/C,C/F,C/L,C/W"
V+J,human,TRAV2,TRAJ11,C/F,1.0,779,TRA,"C/C,C/F,C/L,C/W"
V+J,human,TRAV16,TRAJ4,C/F,1.0,779,TRA,"C/C,C/F,C/L,C/W"
V+J,human,TRAV3,TRAJ12,C/F,1.0,777,TRA,"C/C,C/F,C/L,C/W"
V+J,human,TRAV8-6,TRAJ15,C/F,1.0,777,TRA,"C/C,C/F,C/L,C/W"
V+J,human,TRAV27,TRAJ38,C/W,1.0,777,TRA,"C/C,C/F,C/L,C/W"
V+J,human,TRAV26-2,TRAJ30,C/F,1.0,776,TRA,"C/C,C/F,C/L,C/W"
V+J,human,TRAV6,TRAJ10,C/F,1.0,776,TRA,"C/C,C/F,C/L,C/W"
V+J,human,TRAV23/DV6,TRAJ9,C/F,1.0,775,TRA,"C/C,C/F,C/L,C/W"
V+J,human,TRAV8-4,TRAJ17,C/F,1.0,775,TRA,"C/C,C/F,C/L,C/W"
V+J,human,TRAV16,TRAJ28,C/F,1.0,771,TRA,"C/C,C/F,C/L,C/W"
V+J,human,TRAV27,TRAJ29,C/F,1.0,771,TRA,"C/C,C/F,C/L,C/W"
V+J,human,TRAV17,TRAJ41,C/F,1.0,771,TRA,"C/C,C/F,C/L,C/W"
V+J,human,TRAV12-3,TRAJ24,C/F,1.0,770,TRA,"C/C,C/F,C/L,C/W"
V+J,human,TRAV8-2,TRAJ5,C/F,1.0,770,TRA,"C/C,C/F,C/L,C/W"
V+J,human,TRAV39,TRAJ44,C/F,1.0,769,TRA,"C/C,C/F,C/L,C/W"
V+J,human,TRAV12-2,TRAJ16,C/F,1.0,767,TRA,"C/C,C/F,C/L,C/W"
V+J,human,TRAV1-1,TRAJ26,C/F,1.0,766,TRA,"C/C,C/F,C/L,C/W"
V+J,human,TRAV2,TRAJ3,C/F,1.0,765,TRA,"C/C,C/F,C/L,C/W"
V+J,human,TRAV20,TRAJ30,C/F,1.0,765,TRA,"C/C,C/F,C/L,C/W"
V+J,human,TRAV12-3,TRAJ56,C/F,1.0,764,TRA,"C/C,C/F,C/L,C/W"
V+J,human,TRAV16,TRAJ29,C/F,1.0,763,TRA,"C/C,C/F,C/L,C/W"
V+J,human,TRAV5,TRAJ12,C/F,1.0,761,TRA,"C/C,C/F,C/L,C/W"
V+J,human,TRAV35,TRAJ42,C/F,1.0,761,TRA,"C/C,C/F,C/L,C/W"
V+J,human,TRAV6,TRAJ15,C/F,1.0,759,TRA,"C/C,C/F,C/L,C/W"
V+J,human,TRAV26-1,TRAJ50,C/F,1.0,759,TRA,"C/C,C/F,C/L,C/W"
V+J,human,TRAV16,TRAJ48,C/F,1.0,758,TRA,"C/C,C/F,C/L,C/W"
V+J,human,TRAV8-4,TRAJ6,C/F,1.0,757,TRA,"C/C,C/F,C/L,C/W"
V+J,human,TRAV5,TRAJ45,C/F,1.0,756,TRA,"C/C,C/F,C/L,C/W"
V+J,human,TRAV8-6,TRAJ28,C/F,1.0,756,TRA,"C/C,C/F,C/L,C/W"
V+J,human,TRAV25,TRAJ23,C/F,1.0,755,TRA,"C/C,C/F,C/L,C/W"
V+J,human,TRAV38-1,TRAJ34,C/F,1.0,754,TRA,"C/C,C/F,C/L,C/W"
V+J,human,TRAV8-4,TRAJ11,C/F,1.0,754,TRA,"C/C,C/F,C/L,C/W"
V+J,human,TRAV25,TRAJ43,C/F,1.0,753,TRA,"C/C,C/F,C/L,C/W"
V+J,human,TRAV8-4,TRAJ30,C/F,1.0,753,TRA,"C/C,C/F,C/L,C/W"
V+J,human,TRAV36/DV7,TRAJ49,C/F,1.0,753,TRA,"C/C,C/F,C/L,C/W"
V+J,human,TRAV30,TRAJ49,C/F,1.0,752,TRA,"C/C,C/F,C/L,C/W"
V+J,human,TRAV39,TRAJ52,C/F,1.0,752,TRA,"C/C,C/F,C/L,C/W"
V+J,human,TRAV22,TRAJ43,C/F,1.0,752,TRA,"C/C,C/F,C/L,C/W"
V+J,human,TRAV8-6,TRAJ21,C/F,1.0,752,TRA,"C/C,C/F,C/L,C/W"
V+J,human,TRAV1-1,TRAJ30,C/F,1.0,749,TRA,"C/C,C/F,C/L,C/W"
V+J,human,TRAV3,TRAJ38,C/W,1.0,747,TRA,"C/C,C/F,C/L,C/W"
V+J,human,TRAV8-6,TRAJ56,C/F,1.0,746,TRA,"C/C,C/F,C/L,C/W"
V+J,human,TRAV14/DV4,TRAJ17,C/F,1.0,746,TRA,"C/C,C/F,C/L,C/W"
V+J,human,TRAV5,TRAJ26,C/F,1.0,744,TRA,"C/C,C/F,C/L,C/W"
V+J,human,TRAV10,TRAJ43,C/F,1.0,744,TRA,"C/C,C/F,C/L,C/W"
V+J,human,TRAV41,TRAJ47,C/F,1.0,744,TRA,"C/C,C/F,C/L,C/W"
V+J,human,TRAV25,TRAJ39,C/F,1.0,744,TRA,"C/C,C/F,C/L,C/W"
V+J,human,TRAV30,TRAJ37,C/F,1.0,743,TRA,"C/C,C/F,C/L,C/W"
V+J,human,TRAV8-6,TRAJ36,C/F,1.0,742,TRA,"C/C,C/F,C/L,C/W"
V+J,human,TRAV12-2,TRAJ41,C/F,1.0,741,TRA,"C/C,C/F,C/L,C/W"
V+J,human,TRAV8-1,TRAJ28,C/F,1.0,741,TRA,"C/C,C/F,C/L,C/W"
V+J,human,TRAV20,TRAJ23,C/F,1.0,741,TRA,"C/C,C/F,C/L,C/W"
V+J,human,TRAV20,TRAJ10,C/F,1.0,740,TRA,"C/C,C/F,C/L,C/W"
V+J,human,TRAV8-2,TRAJ3,C/F,1.0,740,TRA,"C/C,C/F,C/L,C/W"
V+J,human,TRAV23/DV6,TRAJ15,C/F,1.0,739,TRA,"C/C,C/F,C/L,C/W"
V+J,human,TRAV12-3,TRAJ7,C/F,1.0,739,TRA,"C/C,C/F,C/L,C/W"
V+J,human,TRAV6,TRAJ40,C/F,1.0,739,TRA,"C/C,C/F,C/L,C/W"
V+J,human,TRAV5,TRAJ8,C/F,1.0,738,TRA,"C/C,C/F,C/L,C/W"
V+J,human,TRAV25,TRAJ47,C/F,1.0,736,TRA,"C/C,C/F,C/L,C/W"
V+J,human,TRAV26-1,TRAJ11,C/F,1.0,735,TRA,"C/C,C/F,C/L,C/W"
V+J,human,TRAV20,TRAJ21,C/F,1.0,734,TRA,"C/C,C/F,C/L,C/W"
V+J,human,TRAV17,TRAJ21,C/F,1.0,734,TRA,"C/C,C/F,C/L,C/W"
V+J,human,TRAV25,TRAJ13,C/F,1.0,733,TRA,"C/C,C/F,C/L,C/W"
V+J,human,TRAV27,TRAJ30,C/F,1.0,732,TRA,"C/C,C/F,C/L,C/W"
V+J,human,TRAV30,TRAJ53,C/F,1.0,729,TRA,"C/C,C/F,C/L,C/W"
V+J,human,TRAV19,TRAJ4,C/F,1.0,729,TRA,"C/C,C/F,C/L,C/W"
V+J,human,TRAV8-4,TRAJ34,C/F,1.0,729,TRA,"C/C,C/F,C/L,C/W"
V+J,human,TRAV23/DV6,TRAJ11,C/F,1.0,727,TRA,"C/C,C/F,C/L,C/W"
V+J,human,TRAV24,TRAJ45,C/F,1.0,726,TRA,"C/C,C/F,C/L,C/W"
V+J,human,TRAV12-3,TRAJ47,C/F,1.0,726,TRA,"C/C,C/F,C/L,C/W"
V+J,human,TRAV26-2,TRAJ26,C/F,1.0,725,TRA,"C/C,C/F,C/L,C/W"
V+J,human,TRAV41,TRAJ35,C/C,1.0,725,TRA,"C/C,C/F,C/L,C/W"
V+J,human,TRAV10,TRAJ33,C/W,1.0,724,TRA,"C/C,C/F,C/L,C/W"
V+J,human,TRAV5,TRAJ28,C/F,1.0,724,TRA,"C/C,C/F,C/L,C/W"
V+J,human,TRAV36/DV7,TRAJ37,C/F,1.0,724,TRA,"C/C,C/F,C/L,C/W"
V+J,human,TRAV24,TRAJ20,C/F,1.0,723,TRA,"C/C,C/F,C/L,C/W"
V+J,human,TRAV1-2,TRAJ37,C/F,1.0,722,TRA,"C/C,C/F,C/L,C/W"
V+J,human,TRAV16,TRAJ9,C/F,1.0,721,TRA,"C/C,C/F,C/L,C/W"
V+J,human,TRAV6,TRAJ33,C/W,1.0,721,TRA,"C/C,C/F,C/L,C/W"
V+J,human,TRAV8-6,TRAJ44,C/F,1.0,720,TRA,"C/C,C/F,C/L,C/W"
V+J,human,TRAV8-1,TRAJ32,C/F,1.0,719,TRA,"C/C,C/F,C/L,C/W"
V+J,human,TRAV2,TRAJ24,C/F,1.0,719,TRA,"C/C,C/F,C/L,C/W"
V+J,human,TRAV1-1,TRAJ15,C/F,1.0,717,TRA,"C/C,C/F,C/L,C/W"
V+J,human,TRAV4,TRAJ15,C/F,1.0,716,TRA,"C/C,C/F,C/L,C/W"
V+J,human,TRAV5,TRAJ16,C/F,1.0,716,TRA,"C/C,C/F,C/L,C/W"
V+J,human,TRAV3,TRAJ16,C/F,1.0,713,TRA,"C/C,C/F,C/L,C/W"
V+J,human,TRAV19,TRAJ18,C/F,1.0,712,TRA,"C/C,C/F,C/L,C/W"
V+J,human,TRAV10,TRAJ36,C/F,1.0,711,TRA,"C/C,C/F,C/L,C/W"
V+J,human,TRAV20,TRAJ9,C/F,1.0,709,TRA,"C/C,C/F,C/L,C/W"
V+J,human,TRAV23/DV6,TRAJ8,C/F,1.0,709,TRA,"C/C,C/F,C/L,C/W"
V+J,human,TRAV8-1,TRAJ15,C/F,1.0,707,TRA,"C/C,C/F,C/L,C/W"
V+J,human,TRAV27,TRAJ57,C/F,1.0,705,TRA,"C/C,C/F,C/L,C/W"
V+J,human,TRAV1-1,TRAJ33,C/W,1.0,704,TRA,"C/C,C/F,C/L,C/W"
V+J,human,TRAV4,TRAJ33,C/W,1.0,704,TRA,"C/C,C/F,C/L,C/W"
V+J,human,TRAV38-2/DV8,TRAJ26,C/F,1.0,703,TRA,"C/C,C/F,C/L,C/W"
V+J,human,TRAV5,TRAJ36,C/F,1.0,703,TRA,"C/C,C/F,C/L,C/W"
V+J,human,TRAV10,TRAJ45,C/F,1.0,701,TRA,"C/C,C/F,C/L,C/W"
V+J,human,TRAV8-1,TRAJ48,C/F,1.0,701,TRA,"C/C,C/F,C/L,C/W"
V+J,human,TRAV39,TRAJ30,C/F,1.0,700,TRA,"C/C,C/F,C/L,C/W"
V+J,human,TRAV13-2,TRAJ44,C/F,1.0,700,TRA,"C/C,C/F,C/L,C/W"
V+J,human,TRAV38-1,TRAJ32,C/F,1.0,700,TRA,"C/C,C/F,C/L,C/W"
V+J,human,TRAV4,TRAJ12,C/F,1.0,699,TRA,"C/C,C/F,C/L,C/W"
V+J,human,TRAV21,TRAJ50,C/F,1.0,699,TRA,"C/C,C/F,C/L,C/W"
V+J,human,TRAV41,TRAJ30,C/F,1.0,698,TRA,"C/C,C/F,C/L,C/W"
V+J,human,TRAV39,TRAJ53,C/F,1.0,697,TRA,"C/C,C/F,C/L,C/W"
V+J,human,TRAV20,TRAJ17,C/F,1.0,697,TRA,"C/C,C/F,C/L,C/W"
V+J,human,TRAV16,TRAJ8,C/F,1.0,697,TRA,"C/C,C/F,C/L,C/W"
V+J,human,TRAV39,TRAJ34,C/F,1.0,697,TRA,"C/C,C/F,C/L,C/W"
V+J,human,TRAV27,TRAJ9,C/F,1.0,696,TRA,"C/C,C/F,C/L,C/W"
V+J,human,TRAV26-2,TRAJ57,C/F,1.0,696,TRA,"C/C,C/F,C/L,C/W"
V+J,human,TRAV25,TRAJ45,C/F,1.0,694,TRA,"C/C,C/F,C/L,C/W"
V+J,human,TRAV5,TRAJ22,C/F,1.0,693,TRA,"C/C,C/F,C/L,C/W"
V+J,human,TRAV13-2,TRAJ24,C/F,1.0,693,TRA,"C/C,C/F,C/L,C/W"
V+J,human,TRAV8-2,TRAJ48,C/F,1.0,692,TRA,"C/C,C/F,C/L,C/W"
V+J,human,TRAV22,TRAJ23,C/F,1.0,690,TRA,"C/C,C/F,C/L,C/W"
V+J,human,TRAV20,TRAJ8,C/F,1.0,689,TRA,"C/C,C/F,C/L,C/W"
V+J,human,TRAV22,TRAJ57,C/F,1.0,688,TRA,"C/C,C/F,C/L,C/W"
V+J,human,TRAV8-1,TRAJ26,C/F,1.0,688,TRA,"C/C,C/F,C/L,C/W"
V+J,human,TRAV39,TRAJ57,C/F,1.0,687,TRA,"C/C,C/F,C/L,C/W"
V+J,human,TRAV20,TRAJ43,C/F,1.0,687,TRA,"C/C,C/F,C/L,C/W"
V+J,human,TRAV10,TRAJ15,C/F,1.0,686,TRA,"C/C,C/F,C/L,C/W"
V+J,human,TRAV12-2,TRAJ32,C/F,1.0,685,TRA,"C/C,C/F,C/L,C/W"
V+J,human,TRAV16,TRAJ26,C/F,1.0,684,TRA,"C/C,C/F,C/L,C/W"
V+J,human,TRAV19,TRAJ3,C/F,1.0,682,TRA,"C/C,C/F,C/L,C/W"
V+J,human,TRAV22,TRAJ37,C/F,1.0,682,TRA,"C/C,C/F,C/L,C/W"
V+J,human,TRAV12-2,TRAJ18,C/F,1.0,682,TRA,"C/C,C/F,C/L,C/W"
V+J,human,TRAV41,TRAJ52,C/F,1.0,682,TRA,"C/C,C/F,C/L,C/W"
V+J,human,TRAV36/DV7,TRAJ57,C/F,1.0,681,TRA,"C/C,C/F,C/L,C/W"
V+J,human,TRAV22,TRAJ29,C/F,1.0,678,TRA,"C/C,C/F,C/L,C/W"
V+J,human,TRAV38-1,TRAJ33,C/W,1.0,678,TRA,"C/C,C/F,C/L,C/W"
V+J,human,TRAV8-2,TRAJ45,C/F,1.0,678,TRA,"C/C,C/F,C/L,C/W"
V+J,human,TRAV8-1,TRAJ33,C/W,1.0,678,TRA,"C/C,C/F,C/L,C/W"
V+J,human,TRAV1-1,TRAJ13,C/F,1.0,678,TRA,"C/C,C/F,C/L,C/W"
V+J,human,TRAV22,TRAJ44,C/F,1.0,678,TRA,"C/C,C/F,C/L,C/W"
V+J,human,TRAV25,TRAJ27,C/F,1.0,676,TRA,"C/C,C/F,C/L,C/W"
V+J,human,TRAV8-2,TRAJ20,C/F,1.0,673,TRA,"C/C,C/F,C/L,C/W"
V+J,human,TRAV8-3,TRAJ21,C/F,1.0,673,TRA,"C/C,C/F,C/L,C/W"
V+J,human,TRAV6,TRAJ12,C/F,1.0,673,TRA,"C/C,C/F,C/L,C/W"
V+J,human,TRAV13-1,TRAJ57,C/F,1.0,673,TRA,"C/C,C/F,C/L,C/W"
V+J,human,TRAV22,TRAJ9,C/F,1.0,671,TRA,"C/C,C/F,C/L,C/W"
V+J,human,TRAV21,TRAJ5,C/F,1.0,671,TRA,"C/C,C/F,C/L,C/W"
V+J,human,TRAV38-1,TRAJ47,C/F,1.0,670,TRA,"C/C,C/F,C/L,C/W"
V+J,human,TRAV14/DV4,TRAJ47,C/F,1.0,669,TRA,"C/C,C/F,C/L,C/W"
V+J,human,TRAV25,TRAJ21,C/F,1.0,669,TRA,"C/C,C/F,C/L,C/W"
V+J,human,TRAV8-6,TRAJ27,C/F,1.0,668,TRA,"C/C,C/F,C/L,C/W"
V+J,human,TRAV38-2/DV8,TRAJ22,C/F,1.0,667,TRA,"C/C,C/F,C/L,C/W"
V+J,human,TRAV20,TRAJ28,C/F,1.0,666,TRA,"C/C,C/F,C/L,C/W"
V+J,human,TRAV10,TRAJ34,C/F,1.0,660,TRA,"C/C,C/F,C/L,C/W"
V+J,human,TRAV8-3,TRAJ50,C/F,1.0,659,TRA,"C/C,C/F,C/L,C/W"
V+J,human,TRAV12-3,TRAJ12,C/F,1.0,659,TRA,"C/C,C/F,C/L,C/W"
V+J,human,TRAV10,TRAJ9,C/F,1.0,654,TRA,"C/C,C/F,C/L,C/W"
V+J,human,TRAV19,TRAJ16,C/F,1.0,654,TRA,"C/C,C/F,C/L,C/W"
V+J,human,TRAV22,TRAJ54,C/F,1.0,653,TRA,"C/C,C/F,C/L,C/W"
V+J,human,TRAV14/DV4,TRAJ50,C/F,1.0,652,TRA,"C/C,C/F,C/L,C/W"
V+J,human,TRAV36/DV7,TRAJ45,C/F,1.0,652,TRA,"C/C,C/F,C/L,C/W"
V+J,human,TRAV4,TRAJ11,C/F,1.0,651,TRA,"C/C,C/F,C/L,C/W"
V+J,human,TRAV6,TRAJ26,C/F,1.0,650,TRA,"C/C,C/F,C/L,C/W"
V+J,human,TRAV3,TRAJ45,C/F,1.0,646,TRA,"C/C,C/F,C/L,C/W"
V+J,human,TRAV1-2,TRAJ11,C/F,1.0,645,TRA,"C/C,C/F,C/L,C/W"
V+J,human,TRAV3,TRAJ44,C/F,1.0,645,TRA,"C/C,C/F,C/L,C/W"
V+J,human,TRAV4,TRAJ36,C/F,1.0,644,TRA,"C/C,C/F,C/L,C/W"
V+J,human,TRAV36/DV7,TRAJ48,C/F,1.0,643,TRA,"C/C,C/F,C/L,C/W"
V+J,human,TRAV8-1,TRAJ29,C/F,1.0,642,TRA,"C/C,C/F,C/L,C/W"
V+J,human,TRAV8-2,TRAJ39,C/F,1.0,641,TRA,"C/C,C/F,C/L,C/W"
V+J,human,TRAV8-3,TRAJ38,C/W,1.0,639,TRA,"C/C,C/F,C/L,C/W"
V+J,human,TRAV20,TRAJ44,C/F,1.0,637,TRA,"C/C,C/F,C/L,C/W"
V+J,human,TRAV4,TRAJ26,C/F,1.0,636,TRA,"C/C,C/F,C/L,C/W"
V+J,human,TRAV41,TRAJ44,C/F,1.0,635,TRA,"C/C,C/F,C/L,C/W"
V+J,human,TRAV22,TRAJ26,C/F,1.0,635,TRA,"C/C,C/F,C/L,C/W"
V+J,human,TRAV1-2,TRAJ38,C/W,1.0,634,TRA,"C/C,C/F,C/L,C/W"
V+J,human,TRAV22,TRAJ28,C/F,1.0,634,TRA,"C/C,C/F,C/L,C/W"
V+J,human,TRAV5,TRAJ44,C/F,1.0,633,TRA,"C/C,C/F,C/L,C/W"
V+J,human,TRAV16,TRAJ32,C/F,1.0,632,TRA,"C/C,C/F,C/L,C/W"
V+J,human,TRAV39,TRAJ32,C/F,1.0,632,TRA,"C/C,C/F,C/L,C/W"
V+J,human,TRAV25,TRAJ24,C/F,1.0,631,TRA,"C/C,C/F,C/L,C/W"
V+J,human,TRAV26-1,TRAJ10,C/F,1.0,631,TRA,"C/C,C/F,C/L,C/W"
V+J,human,TRAV24,TRAJ40,C/F,1.0,630,TRA,"C/C,C/F,C/L,C/W"
V+J,human,TRAV29/DV5,TRAJ6,C/F,1.0,629,TRA,"C/C,C/F,C/L,C/W"
V+J,human,TRAV6,TRAJ29,C/F,1.0,627,TRA,"C/C,C/F,C/L,C/W"
V+J,human,TRAV1-2,TRAJ18,C/F,1.0,627,TRA,"C/C,C/F,C/L,C/W"
V+J,human,TRAV36/DV7,TRAJ43,C/F,1.0,627,TRA,"C/C,C/F,C/L,C/W"
V+J,human,TRAV23/DV6,TRAJ41,C/F,1.0,627,TRA,"C/C,C/F,C/L,C/W"
V+J,human,TRAV26-2,TRAJ34,C/F,1.0,625,TRA,"C/C,C/F,C/L,C/W"
V+J,human,TRAV8-2,TRAJ52,C/F,1.0,625,TRA,"C/C,C/F,C/L,C/W"
V+J,human,TRAV22,TRAJ34,C/F,1.0,624,TRA,"C/C,C/F,C/L,C/W"
V+J,human,TRAV41,TRAJ22,C/F,1.0,623,TRA,"C/C,C/F,C/L,C/W"
V+J,human,TRAV8-2,TRAJ10,C/F,1.0,623,TRA,"C/C,C/F,C/L,C/W"
V+J,human,TRAV4,TRAJ32,C/F,1.0,622,TRA,"C/C,C/F,C/L,C/W"
V+J,human,TRAV27,TRAJ13,C/F,1.0,621,TRA,"C/C,C/F,C/L,C/W"
V+J,human,TRAV1-1,TRAJ29,C/F,1.0,621,TRA,"C/C,C/F,C/L,C/W"
V+J,human,TRAV8-1,TRAJ36,C/F,1.0,620,TRA,"C/C,C/F,C/L,C/W"
V+J,human,TRAV12-2,TRAJ7,C/F,1.0,617,TRA,"C/C,C/F,C/L,C/W"
V+J,human,TRAV12-3,TRAJ18,C/F,1.0,617,TRA,"C/C,C/F,C/L,C/W"
V+J,human,TRAV12-1,TRAJ16,C/F,1.0,616,TRA,"C/C,C/F,C/L,C/W"
V+J,human,TRAV6,TRAJ8,C/F,1.0,616,TRA,"C/C,C/F,C/L,C/W"
V+J,human,TRAV12-3,TRAJ50,C/F,1.0,616,TRA,"C/C,C/F,C/L,C/W"
V+J,human,TRAV21,TRAJ38,C/W,1.0,615,TRA,"C/C,C/F,C/L,C/W"
V+J,human,TRAV27,TRAJ17,C/F,1.0,615,TRA,"C/C,C/F,C/L,C/W"
V+J,human,TRAV38-2/DV8,TRAJ27,C/F,1.0,614,TRA,"C/C,C/F,C/L,C/W"
V+J,human,TRAV4,TRAJ6,C/F,1.0,614,TRA,"C/C,C/F,C/L,C/W"
V+J,human,TRAV27,TRAJ32,C/F,1.0,614,TRA,"C/C,C/F,C/L,C/W"
V+J,human,TRAV14/DV4,TRAJ16,C/F,1.0,612,TRA,"C/C,C/F,C/L,C/W"
V+J,human,TRAV24,TRAJ23,C/F,1.0,608,TRA,"C/C,C/F,C/L,C/W"
V+J,human,TRAV25,TRAJ34,C/F,1.0,607,TRA,"C/C,C/F,C/L,C/W"
V+J,human,TRAV6,TRAJ20,C/F,1.0,607,TRA,"C/C,C/F,C/L,C/W"
V+J,human,TRAV20,TRAJ11,C/F,1.0,604,TRA,"C/C,C/F,C/L,C/W"
V+J,human,TRAV5,TRAJ41,C/F,1.0,604,TRA,"C/C,C/F,C/L,C/W"
V+J,human,TRAV26-1,TRAJ16,C/F,1.0,603,TRA,"C/C,C/F,C/L,C/W"
V+J,human,TRAV24,TRAJ22,C/F,1.0,602,TRA,"C/C,C/F,C/L,C/W"
V+J,human,TRAV20,TRAJ16,C/F,1.0,601,TRA,"C/C,C/F,C/L,C/W"
V+J,human,TRAV13-2,TRAJ41,C/F,1.0,597,TRA,"C/C,C/F,C/L,C/W"
V+J,human,TRAV23/DV6,TRAJ47,C/F,1.0,595,TRA,"C/C,C/F,C/L,C/W"
V+J,human,TRAV1-2,TRAJ42,C/F,1.0,592,TRA,"C/C,C/F,C/L,C/W"
V+J,human,TRAV4,TRAJ21,C/F,1.0,592,TRA,"C/C,C/F,C/L,C/W"
V+J,human,TRAV13-2,TRAJ56,C/F,1.0,592,TRA,"C/C,C/F,C/L,C/W"
V+J,human,TRAV20,TRAJ36,C/F,1.0,592,TRA,"C/C,C/F,C/L,C/W"
V+J,human,TRAV2,TRAJ12,C/F,1.0,591,TRA,"C/C,C/F,C/L,C/W"
V+J,human,TRAV25,TRAJ32,C/F,1.0,590,TRA,"C/C,C/F,C/L,C/W"
V+J,human,TRAV6,TRAJ45,C/F,1.0,590,TRA,"C/C,C/F,C/L,C/W"
V+J,human,TRAV23/DV6,TRAJ5,C/F,1.0,589,TRA,"C/C,C/F,C/L,C/W"
V+J,human,TRAV8-2,TRAJ44,C/F,1.0,587,TRA,"C/C,C/F,C/L,C/W"
V+J,human,TRAV26-2,TRAJ22,C/F,1.0,587,TRA,"C/C,C/F,C/L,C/W"
V+J,human,TRAV4,TRAJ27,C/F,1.0,586,TRA,"C/C,C/F,C/L,C/W"
V+J,human,TRAV25,TRAJ17,C/F,1.0,586,TRA,"C/C,C/F,C/L,C/W"
V+J,human,TRAV8-4,TRAJ47,C/F,1.0,585,TRA,"C/C,C/F,C/L,C/W"
V+J,human,TRAV24,TRAJ34,C/F,1.0,583,TRA,"C/C,C/F,C/L,C/W"
V+J,human,TRAV16,TRAJ21,C/F,1.0,581,TRA,"C/C,C/F,C/L,C/W"
V+J,human,TRAV23/DV6,TRAJ4,C/F,1.0,580,TRA,"C/C,C/F,C/L,C/W"
V+J,human,TRAV29/DV5,TRAJ35,C/C,0.998272884283247,578,TRA,"C/C,C/F,C/L,C/W"
V+J,human,TRAV19,TRAJ38,C/W,1.0,577,TRA,"C/C,C/F,C/L,C/W"
V+J,human,TRAV22,TRAJ33,C/W,1.0,577,TRA,"C/C,C/F,C/L,C/W"
V+J,human,TRAV6,TRAJ43,C/F,1.0,576,TRA,"C/C,C/F,C/L,C/W"
V+J,human,TRAV20,TRAJ3,C/F,1.0,575,TRA,"C/C,C/F,C/L,C/W"
V+J,human,TRAV36/DV7,TRAJ39,C/F,1.0,575,TRA,"C/C,C/F,C/L,C/W"
V+J,human,TRAV12-3,TRAJ35,C/C,1.0,574,TRA,"C/C,C/F,C/L,C/W"
V+J,human,TRAV8-2,TRAJ34,C/F,1.0,574,TRA,"C/C,C/F,C/L,C/W"
V+J,human,TRAV14/DV4,TRAJ24,C/F,1.0,574,TRA,"C/C,C/F,C/L,C/W"
V+J,human,TRAV8-2,TRAJ22,C/F,1.0,572,TRA,"C/C,C/F,C/L,C/W"
V+J,human,TRAV23/DV6,TRAJ35,C/C,1.0,570,TRA,"C/C,C/F,C/L,C/W"
V+J,human,TRAV25,TRAJ38,C/W,1.0,570,TRA,"C/C,C/F,C/L,C/W"
V+J,human,TRAV1-2,TRAJ35,C/C,1.0,570,TRA,"C/C,C/F,C/L,C/W"
V+J,human,TRAV13-2,TRAJ50,C/F,1.0,570,TRA,"C/C,C/F,C/L,C/W"
V+J,human,TRAV8-3,TRAJ35,C/C,1.0,569,TRA,"C/C,C/F,C/L,C/W"
V+J,human,TRAV25,TRAJ36,C/F,1.0,569,TRA,"C/C,C/F,C/L,C/W"
V+J,human,TRAV8-1,TRAJ24,C/F,1.0,569,TRA,"C/C,C/F,C/L,C/W"
V+J,human,TRAV6,TRAJ22,C/F,1.0,569,TRA,"C/C,C/F,C/L,C/W"
V+J,human,TRAV25,TRAJ6,C/F,1.0,568,TRA,"C/C,C/F,C/L,C/W"
V+J,human,TRAV25,TRAJ41,C/F,1.0,568,TRA,"C/C,C/F,C/L,C/W"
V+J,human,TRAV3,TRAJ41,C/F,1.0,568,TRA,"C/C,C/F,C/L,C/W"
V+J,human,TRAV5,TRAJ33,C/W,1.0,568,TRA,"C/C,C/F,C/L,C/W"
V+J,human,TRAV30,TRAJ45,C/F,1.0,566,TRA,"C/C,C/F,C/L,C/W"
V+J,human,TRAV30,TRAJ54,C/F,1.0,565,TRA,"C/C,C/F,C/L,C/W"
V+J,human,TRAV8-6,TRAJ58,C/F,1.0,565,TRA,"C/C,C/F,C/L,C/W"
V+J,human,TRAV12-2,TRAJ38,C/W,1.0,564,TRA,"C/C,C/F,C/L,C/W"
V+J,human,TRAV25,TRAJ15,C/F,1.0,562,TRA,"C/C,C/F,C/L,C/W"
V+J,human,TRAV8-4,TRAJ36,C/F,1.0,561,TRA,"C/C,C/F,C/L,C/W"
V+J,human,TRAV17,TRAJ50,C/F,1.0,559,TRA,"C/C,C/F,C/L,C/W"
V+J,human,TRAV8-6,TRAJ50,C/F,1.0,558,TRA,"C/C,C/F,C/L,C/W"
V+J,human,TRAV12-1,TRAJ35,C/C,1.0,558,TRA,"C/C,C/F,C/L,C/W"
V+J,human,TRAV16,TRAJ36,C/F,1.0,556,TRA,"C/C,C/F,C/L,C/W"
V+J,human,TRAV8-4,TRAJ28,C/F,1.0,555,TRA,"C/C,C/F,C/L,C/W"
V+J,human,TRAV8-1,TRAJ44,C/F,1.0,555,TRA,"C/C,C/F,C/L,C/W"
V+J,human,TRAV23/DV6,TRAJ24,C/F,1.0,555,TRA,"C/C,C/F,C/L,C/W"
V+J,human,TRAV6,TRAJ36,C/F,1.0,554,TRA,"C/C,C/F,C/L,C/W"
V+J,human,TRAV8-3,TRAJ41,C/F,1.0,553,TRA,"C/C,C/F,C/L,C/W"
V+J,human,TRAV41,TRAJ40,C/F,1.0,553,TRA,"C/C,C/F,C/L,C/W"
V+J,human,TRAV38-1,TRAJ41,C/F,1.0,553,TRA,"C/C,C/F,C/L,C/W"
V+J,human,TRAV10,TRAJ27,C/F,1.0,551,TRA,"C/C,C/F,C/L,C/W"
V+J,human,TRAV6,TRAJ11,C/F,1.0,550,TRA,"C/C,C/F,C/L,C/W"
V+J,human,TRAV14/DV4,TRAJ7,C/F,1.0,549,TRA,"C/C,C/F,C/L,C/W"
V+J,human,TRAV17,TRAJ3,C/F,1.0,549,TRA,"C/C,C/F,C/L,C/W"
V+J,human,TRAV19,TRAJ35,C/C,1.0,547,TRA,"C/C,C/F,C/L,C/W"
V+J,human,TRAV36/DV7,TRAJ44,C/F,1.0,546,TRA,"C/C,C/F,C/L,C/W"
V+J,human,TRAV14/DV4,TRAJ41,C/F,1.0,546,TRA,"C/C,C/F,C/L,C/W"
V+J,human,TRAV36/DV7,TRAJ28,C/F,1.0,546,TRA,"C/C,C/F,C/L,C/W"
V+J,human,TRAV21,TRAJ7,C/F,1.0,545,TRA,"C/C,C/F,C/L,C/W"
V+J,human,TRAV14/DV4,TRAJ18,C/F,1.0,545,TRA,"C/C,C/F,C/L,C/W"
V+J,human,TRAV5,TRAJ24,C/F,1.0,544,TRA,"C/C,C/F,C/L,C/W"
V+J,human,TRAV8-2,TRAJ11,C/F,1.0,544,TRA,"C/C,C/F,C/L,C/W"
V+J,human,TRAV16,TRAJ47,C/F,1.0,544,TRA,"C/C,C/F,C/L,C/W"
V+J,human,TRAV2,TRAJ27,C/F,1.0,543,TRA,"C/C,C/F,C/L,C/W"
V+J,human,TRAV26-2,TRAJ44,C/F,1.0,543,TRA,"C/C,C/F,C/L,C/W"
V+J,human,TRAV4,TRAJ45,C/F,1.0,543,TRA,"C/C,C/F,C/L,C/W"
V+J,human,TRAV23/DV6,TRAJ27,C/F,1.0,542,TRA,"C/C,C/F,C/L,C/W"
V+J,human,TRAV8-4,TRAJ32,C/F,1.0,541,TRA,"C/C,C/F,C/L,C/W"
V+J,human,TRAV6,TRAJ34,C/F,1.0,540,TRA,"C/C,C/F,C/L,C/W"
V+J,human,TRAV30,TRAJ42,C/F,1.0,539,TRA,"C/C,C/F,C/L,C/W"
V+J,human,TRAV16,TRAJ17,C/F,1.0,538,TRA,"C/C,C/F,C/L,C/W"
V+J,human,TRAV8-1,TRAJ49,C/F,1.0,536,TRA,"C/C,C/F,C/L,C/W"
V+J,human,TRAV8-2,TRAJ15,C/F,1.0,536,TRA,"C/C,C/F,C/L,C/W"
V+J,human,TRAV39,TRAJ47,C/F,1.0,536,TRA,"C/C,C/F,C/L,C/W"
V+J,human,TRAV26-2,TRAJ58,C/F,1.0,534,TRA,"C/C,C/F,C/L,C/W"
V+J,human,TRAV8-6,TRAJ16,C/F,1.0,533,TRA,"C/C,C/F,C/L,C/W"
V+J,human,TRAV1-2,TRAJ41,C/F,1.0,532,TRA,"C/C,C/F,C/L,C/W"
V+J,human,TRAV24,TRAJ44,C/F,1.0,532,TRA,"C/C,C/F,C/L,C/W"
V+J,human,TRAV8-4,TRAJ56,C/F,1.0,531,TRA,"C/C,C/F,C/L,C/W"
V+J,human,TRAV24,TRAJ53,C/F,1.0,530,TRA,"C/C,C/F,C/L,C/W"
V+J,human,TRAV8-1,TRAJ11,C/F,1.0,526,TRA,"C/C,C/F,C/L,C/W"
V+J,human,TRAV8-4,TRAJ12,C/F,1.0,525,TRA,"C/C,C/F,C/L,C/W"
V+J,human,TRAV38-1,TRAJ23,C/F,1.0,523,TRA,"C/C,C/F,C/L,C/W"
V+J,human,TRAV13-2,TRAJ36,C/F,1.0,523,TRA,"C/C,C/F,C/L,C/W"
V+J,human,TRAV12-2,TRAJ36,C/F,1.0,523,TRA,"C/C,C/F,C/L,C/W"
V+J,human,TRAV23/DV6,TRAJ6,C/F,1.0,522,TRA,"C/C,C/F,C/L,C/W"
V+J,human,TRAV16,TRAJ30,C/F,1.0,521,TRA,"C/C,C/F,C/L,C/W"
V+J,human,TRAV30,TRAJ20,C/F,1.0,521,TRA,"C/C,C/F,C/L,C/W"
V+J,mouse,TRAV11,TRAJ18,C/F,1.0,520,TRA,"C/C,C/F,C/L,C/W"
V+J,human,TRAV12-2,TRAJ50,C/F,1.0,520,TRA,"C/C,C/F,C/L,C/W"
V+J,human,TRAV12-3,TRAJ38,C/W,1.0,519,TRA,"C/C,C/F,C/L,C/W"
V+J,human,TRAV27,TRAJ50,C/F,1.0,519,TRA,"C/C,C/F,C/L,C/W"
V+J,human,TRAV25,TRAJ9,C/F,1.0,519,TRA,"C/C,C/F,C/L,C/W"
V+J,human,TRAV26-1,TRAJ12,C/F,1.0,517,TRA,"C/C,C/F,C/L,C/W"
V+J,human,TRAV23/DV6,TRAJ12,C/F,1.0,515,TRA,"C/C,C/F,C/L,C/W"
V+J,human,TRAV29/DV5,TRAJ8,C/F,1.0,514,TRA,"C/C,C/F,C/L,C/W"
V+J,human,TRAV30,TRAJ48,C/F,1.0,513,TRA,"C/C,C/F,C/L,C/W"
V+J,human,TRAV16,TRAJ45,C/F,1.0,513,TRA,"C/C,C/F,C/L,C/W"
V+J,human,TRAV8-2,TRAJ30,C/F,1.0,513,TRA,"C/C,C/F,C/L,C/W"
V+J,human,TRAV19,TRAJ50,C/F,1.0,513,TRA,"C/C,C/F,C/L,C/W"
V+J,human,TRAV8-6,TRAJ33,C/W,1.0,512,TRA,"C/C,C/F,C/L,C/W"
V+J,human,TRAV16,TRAJ33,C/W,1.0,512,TRA,"C/C,C/F,C/L,C/W"
V+J,human,TRAV24,TRAJ48,C/F,1.0,511,TRA,"C/C,C/F,C/L,C/W"
V+J,human,TRAV10,TRAJ48,C/F,1.0,510,TRA,"C/C,C/F,C/L,C/W"
V+J,human,TRAV26-2,TRAJ47,C/F,1.0,510,TRA,"C/C,C/F,C/L,C/W"
V+J,human,TRAV1-1,TRAJ34,C/F,1.0,509,TRA,"C/C,C/F,C/L,C/W"
V+J,human,TRAV13-1,TRAJ56,C/F,1.0,508,TRA,"C/C,C/F,C/L,C/W"
V+J,human,TRAV27,TRAJ6,C/F,1.0,507,TRA,"C/C,C/F,C/L,C/W"
V+J,human,TRAV12-2,TRAJ35,C/C,1.0,507,TRA,"C/C,C/F,C/L,C/W"
V+J,human,TRAV8-4,TRAJ27,C/F,1.0,504,TRA,"C/C,C/F,C/L,C/W"
V+J,human,TRAV26-2,TRAJ36,C/F,1.0,504,TRA,"C/C,C/F,C/L,C/W"
V+J,human,TRAV22,TRAJ30,C/F,1.0,503,TRA,"C/C,C/F,C/L,C/W"
V+J,human,TRAV25,TRAJ10,C/F,1.0,503,TRA,"C/C,C/F,C/L,C/W"
V+J,human,TRAV16,TRAJ6,C/F,1.0,503,TRA,"C/C,C/F,C/L,C/W"
V+J,human,TRAV27,TRAJ18,C/F,1.0,500,TRA,"C/C,C/F,C/L,C/W"
V+J,human,TRAV34,TRAJ52,C/F,1.0,496,TRA,"C/C,C/F,C/L,C/W"
V+J,human,TRAV8-3,TRAJ18,C/F,1.0,495,TRA,"C/C,C/F,C/L,C/W"
V+J,human,TRAV8-2,TRAJ17,C/F,1.0,495,TRA,"C/C,C/F,C/L,C/W"
V+J,human,TRAV6,TRAJ41,C/F,1.0,494,TRA,"C/C,C/F,C/L,C/W"
V+J,human,TRAV24,TRAJ33,C/W,1.0,494,TRA,"C/C,C/F,C/L,C/W"
V+J,human,TRAV1-1,TRAJ22,C/F,1.0,494,TRA,"C/C,C/F,C/L,C/W"
V+J,human,TRAV20,TRAJ5,C/F,1.0,493,TRA,"C/C,C/F,C/L,C/W"
V+J,human,TRAV10,TRAJ44,C/F,1.0,493,TRA,"C/C,C/F,C/L,C/W"
V+J,human,TRAV8-2,TRAJ29,C/F,1.0,493,TRA,"C/C,C/F,C/L,C/W"
V+J,human,TRAV8-2,TRAJ47,C/F,1.0,493,TRA,"C/C,C/F,C/L,C/W"
V+J,human,TRAV25,TRAJ29,C/F,1.0,493,TRA,"C/C,C/F,C/L,C/W"
V+J,human,TRAV20,TRAJ56,C/F,1.0,492,TRA,"C/C,C/F,C/L,C/W"
V+J,human,TRAV8-4,TRAJ57,C/F,1.0,491,TRA,"C/C,C/F,C/L,C/W"
V+J,human,TRAV14/DV4,TRAJ58,C/F,1.0,490,TRA,"C/C,C/F,C/L,C/W"
V+J,human,TRAV5,TRAJ17,C/F,1.0,489,TRA,"C/C,C/F,C/L,C/W"
V+J,human,TRAV22,TRAJ15,C/F,1.0,488,TRA,"C/C,C/F,C/L,C/W"
V+J,human,TRAV26-2,TRAJ32,C/F,1.0,487,TRA,"C/C,C/F,C/L,C/W"
V+J,human,TRAV38-1,TRAJ26,C/F,1.0,484,TRA,"C/C,C/F,C/L,C/W"
V+J,human,TRAV25,TRAJ50,C/F,1.0,484,TRA,"C/C,C/F,C/L,C/W"
V+J,human,TRAV8-1,TRAJ38,C/W,1.0,483,TRA,"C/C,C/F,C/L,C/W"
V+J,human,TRAV22,TRAJ17,C/F,1.0,482,TRA,"C/C,C/F,C/L,C/W"
V+J,human,TRAV27,TRAJ35,C/C,1.0,482,TRA,"C/C,C/F,C/L,C/W"
V+J,human,TRAV26-2,TRAJ33,C/W,1.0,481,TRA,"C/C,C/F,C/L,C/W"
V+J,human,TRAV8-2,TRAJ21,C/F,1.0,481,TRA,"C/C,C/F,C/L,C/W"
V+J,human,TRAV13-2,TRAJ3,C/F,1.0,480,TRA,"C/C,C/F,C/L,C/W"
V+J,human,TRAV8-4,TRAJ16,C/F,1.0,479,TRA,"C/C,C/F,C/L,C/W"
V+J,human,TRAV26-2,TRAJ41,C/F,1.0,479,TRA,"C/C,C/F,C/L,C/W"
V+J,human,TRAV21,TRAJ3,C/F,1.0,479,TRA,"C/C,C/F,C/L,C/W"
V+J,human,TRAV2,TRAJ28,C/F,1.0,478,TRA,"C/C,C/F,C/L,C/W"
V+J,human,TRAV4,TRAJ44,C/F,1.0,477,TRA,"C/C,C/F,C/L,C/W"
V+J,human,TRAV27,TRAJ15,C/F,1.0,477,TRA,"C/C,C/F,C/L,C/W"
V+J,human,TRAV10,TRAJ7,C/F,1.0,475,TRA,"C/C,C/F,C/L,C/W"
V+J,human,TRAV1-1,TRAJ37,C/F,1.0,475,TRA,"C/C,C/F,C/L,C/W"
V+J,human,TRAV24,TRAJ15,C/F,1.0,474,TRA,"C/C,C/F,C/L,C/W"
V+J,human,TRAV13-2,TRAJ57,C/F,1.0,474,TRA,"C/C,C/F,C/L,C/W"
V+J,human,TRAV14/DV4,TRAJ38,C/W,1.0,474,TRA,"C/C,C/F,C/L,C/W"
V+J,human,TRAV16,TRAJ15,C/F,1.0,474,TRA,"C/C,C/F,C/L,C/W"
V+J,human,TRAV39,TRAJ41,C/F,1.0,473,TRA,"C/C,C/F,C/L,C/W"
V+J,human,TRAV24,TRAJ26,C/F,1.0,473,TRA,"C/C,C/F,C/L,C/W"
V+J,human,TRAV6,TRAJ30,C/F,1.0,473,TRA,"C/C,C/F,C/L,C/W"
V+J,human,TRAV10,TRAJ17,C/F,1.0,469,TRA,"C/C,C/F,C/L,C/W"
V+J,human,TRAV26-1,TRAJ8,C/F,1.0,469,TRA,"C/C,C/F,C/L,C/W"
V+J,human,TRAV12-3,TRAJ41,C/F,1.0,468,TRA,"C/C,C/F,C/L,C/W"
V+J,human,TRAV22,TRAJ39,C/F,1.0,467,TRA,"C/C,C/F,C/L,C/W"
V+J,human,TRAV30,TRAJ28,C/F,1.0,466,TRA,"C/C,C/F,C/L,C/W"
V+J,human,TRAV22,TRAJ10,C/F,1.0,466,TRA,"C/C,C/F,C/L,C/W"
V+J,human,TRAV5,TRAJ21,C/F,1.0,465,TRA,"C/C,C/F,C/L,C/W"
V+J,human,TRAV30,TRAJ40,C/F,1.0,465,TRA,"C/C,C/F,C/L,C/W"
V+J,human,TRAV8-2,TRAJ32,C/F,1.0,465,TRA,"C/C,C/F,C/L,C/W"
V+J,human,TRAV5,TRAJ49,C/F,1.0,465,TRA,"C/C,C/F,C/L,C/W"
V+J,human,TRAV8-6,TRAJ47,C/F,1.0,464,TRA,"C/C,C/F,C/L,C/W"
V+J,human,TRAV25,TRAJ11,C/F,1.0,463,TRA,"C/C,C/F,C/L,C/W"
V+J,human,TRAV22,TRAJ36,C/F,1.0,461,TRA,"C/C,C/F,C/L,C/W"
V+J,human,TRAV17,TRAJ38,C/W,1.0,461,TRA,"C/C,C/F,C/L,C/W"
V+J,human,TRAV38-2/DV8,TRAJ50,C/F,1.0,460,TRA,"C/C,C/F,C/L,C/W"
V+J,human,TRAV38-1,TRAJ27,C/F,1.0,460,TRA,"C/C,C/F,C/L,C/W"
V+J,human,TRAV24,TRAJ43,C/F,1.0,460,TRA,"C/C,C/F,C/L,C/W"
V+J,human,TRAV23/DV6,TRAJ16,C/F,1.0,460,TRA,"C/C,C/F,C/L,C/W"
V+J,human,TRAV10,TRAJ24,C/F,1.0,457,TRA,"C/C,C/F,C/L,C/W"
V+J,human,TRAV20,TRAJ38,C/W,1.0,457,TRA,"C/C,C/F,C/L,C/W"
V+J,human,TRAV8-2,TRAJ26,C/F,1.0,455,TRA,"C/C,C/F,C/L,C/W"
V+J,human,TRAV1-1,TRAJ10,C/F,1.0,455,TRA,"C/C,C/F,C/L,C/W"
V+J,human,TRAV24,TRAJ36,C/F,1.0,454,TRA,"C/C,C/F,C/L,C/W"
V+J,human,TRAV29/DV5,TRAJ16,C/F,1.0,452,TRA,"C/C,C/F,C/L,C/W"
V+J,human,TRAV10,TRAJ8,C/F,1.0,451,TRA,"C/C,C/F,C/L,C/W"
V+J,human,TRAV30,TRAJ29,C/F,1.0,450,TRA,"C/C,C/F,C/L,C/W"
V+J,human,TRAV22,TRAJ56,C/F,1.0,449,TRA,"C/C,C/F,C/L,C/W"
V+J,human,TRAV30,TRAJ22,C/F,1.0,448,TRA,"C/C,C/F,C/L,C/W"
V+J,human,TRAV1-1,TRAJ12,C/F,1.0,447,TRA,"C/C,C/F,C/L,C/W"
V+J,human,TRAV22,TRAJ32,C/F,1.0,447,TRA,"C/C,C/F,C/L,C/W"
V+J,human,TRAV23/DV6,TRAJ38,C/W,1.0,446,TRA,"C/C,C/F,C/L,C/W"
V+J,human,TRAV34,TRAJ53,C/F,1.0,445,TRA,"C/C,C/F,C/L,C/W"
V+J,human,TRAV8-1,TRAJ47,C/F,1.0,444,TRA,"C/C,C/F,C/L,C/W"
V+J,human,TRAV27,TRAJ16,C/F,1.0,443,TRA,"C/C,C/F,C/L,C/W"
V+J,human,TRAV13-2,TRAJ58,C/F,1.0,440,TRA,"C/C,C/F,C/L,C/W"
V+J,human,TRAV6,TRAJ28,C/F,1.0,440,TRA,"C/C,C/F,C/L,C/W"
V+J,human,TRAV8-1,TRAJ12,C/F,1.0,437,TRA,"C/C,C/F,C/L,C/W"
V+J,human,TRAV34,TRAJ54,C/F,1.0,436,TRA,"C/C,C/F,C/L,C/W"
V+J,human,TRAV22,TRAJ24,C/F,1.0,436,TRA,"C/C,C/F,C/L,C/W"
V+J,human,TRAV8-6,TRAJ26,C/F,1.0,435,TRA,"C/C,C/F,C/L,C/W"
V+J,human,TRAV1-1,TRAJ8,C/F,1.0,435,TRA,"C/C,C/F,C/L,C/W"
V+J,human,TRAV30,TRAJ39,C/F,1.0,435,TRA,"C/C,C/F,C/L,C/W"
V+J,human,TRAV12-1,TRAJ54,C/F,1.0,435,TRA,"C/C,C/F,C/L,C/W"
V+J,human,TRAV8-1,TRAJ35,C/C,1.0,433,TRA,"C/C,C/F,C/L,C/W"
V+J,human,TRAV10,TRAJ28,C/F,1.0,432,TRA,"C/C,C/F,C/L,C/W"
V+J,human,TRAV8-6,TRAJ7,C/F,1.0,432,TRA,"C/C,C/F,C/L,C/W"
V+J,human,TRAV25,TRAJ57,C/F,1.0,432,TRA,"C/C,C/F,C/L,C/W"
V+J,human,TRAV26-1,TRAJ5,C/F,1.0,430,TRA,"C/C,C/F,C/L,C/W"
V+J,human,TRAV22,TRAJ13,C/F,1.0,430,TRA,"C/C,C/F,C/L,C/W"
V+J,human,TRAV22,TRAJ6,C/F,1.0,429,TRA,"C/C,C/F,C/L,C/W"
V+J,human,TRAV25,TRAJ18,C/F,1.0,428,TRA,"C/C,C/F,C/L,C/W"
V+J,human,TRAV1-2,TRAJ21,C/F,1.0,428,TRA,"C/C,C/F,C/L,C/W"
V+J,human,TRAV26-2,TRAJ20,C/F,1.0,427,TRA,"C/C,C/F,C/L,C/W"
V+J,human,TRAV8-2,TRAJ12,C/F,1.0,427,TRA,"C/C,C/F,C/L,C/W"
V+J,human,TRAV16,TRAJ11,C/F,1.0,426,TRA,"C/C,C/F,C/L,C/W"
V+J,human,TRAV22,TRAJ27,C/F,1.0,425,TRA,"C/C,C/F,C/L,C/W"
V+J,human,TRAV1-1,TRAJ32,C/F,1.0,425,TRA,"C/C,C/F,C/L,C/W"
V+J,human,TRAV10,TRAJ26,C/F,1.0,423,TRA,"C/C,C/F,C/L,C/W"
V+J,human,TRAV22,TRAJ22,C/F,1.0,423,TRA,"C/C,C/F,C/L,C/W"
V+J,human,TRAV38-2/DV8,TRAJ21,C/F,1.0,423,TRA,"C/C,C/F,C/L,C/W"
V+J,human,TRAV16,TRAJ5,C/F,1.0,422,TRA,"C/C,C/F,C/L,C/W"
V+J,human,TRAV12-3,TRAJ16,C/F,1.0,421,TRA,"C/C,C/F,C/L,C/W"
V+J,human,TRAV1-1,TRAJ5,C/F,1.0,419,TRA,"C/C,C/F,C/L,C/W"
V+J,human,TRAV1-1,TRAJ17,C/F,1.0,419,TRA,"C/C,C/F,C/L,C/W"
V+J,human,TRAV6,TRAJ38,C/W,1.0,418,TRA,"C/C,C/F,C/L,C/W"
V+J,human,TRAV6,TRAJ49,C/F,1.0,417,TRA,"C/C,C/F,C/L,C/W"
V+J,human,TRAV10,TRAJ32,C/F,1.0,417,TRA,"C/C,C/F,C/L,C/W"
V+J,human,TRAV1-2,TRAJ22,C/F,1.0,417,TRA,"C/C,C/F,C/L,C/W"
V+J,human,TRAV25,TRAJ58,C/F,1.0,415,TRA,"C/C,C/F,C/L,C/W"
V+J,human,TRAV25,TRAJ16,C/F,1.0,414,TRA,"C/C,C/F,C/L,C/W"
V+J,human,TRAV36/DV7,TRAJ34,C/F,1.0,414,TRA,"C/C,C/F,C/L,C/W"
V+J,human,TRAV24,TRAJ13,C/F,1.0,413,TRA,"C/C,C/F,C/L,C/W"
V+J,human,TRAV26-2,TRAJ21,C/F,1.0,413,TRA,"C/C,C/F,C/L,C/W"
V+J,human,TRAV10,TRAJ47,C/F,1.0,413,TRA,"C/C,C/F,C/L,C/W"
V+J,human,TRAV12-1,TRAJ50,C/F,1.0,412,TRA,"C/C,C/F,C/L,C/W"
V+J,human,TRAV10,TRAJ13,C/F,1.0,411,TRA,"C/C,C/F,C/L,C/W"
V+J,human,TRAV20,TRAJ27,C/F,1.0,411,TRA,"C/C,C/F,C/L,C/W"
V+J,human,TRAV3,TRAJ48,C/F,1.0,410,TRA,"C/C,C/F,C/L,C/W"
V+J,human,TRAV16,TRAJ43,C/F,1.0,409,TRA,"C/C,C/F,C/L,C/W"
V+J,human,TRAV6,TRAJ44,C/F,1.0,408,TRA,"C/C,C/F,C/L,C/W"
V+J,human,TRAV25,TRAJ30,C/F,1.0,408,TRA,"C/C,C/F,C/L,C/W"
V+J,human,TRAV8-4,TRAJ21,C/F,1.0,408,TRA,"C/C,C/F,C/L,C/W"
V+J,human,TRAV34,TRAJ40,C/F,1.0,407,TRA,"C/C,C/F,C/L,C/W"
V+J,human,TRAV4,TRAJ38,C/W,1.0,406,TRA,"C/C,C/F,C/L,C/W"
V+J,human,TRAV24,TRAJ29,C/F,1.0,405,TRA,"C/C,C/F,C/L,C/W"
V+J,human,TRAV16,TRAJ27,C/F,1.0,405,TRA,"C/C,C/F,C/L,C/W"
V+J,human,TRAV26-1,TRAJ6,C/F,1.0,405,TRA,"C/C,C/F,C/L,C/W"
V+J,human,TRAV14/DV4,TRAJ35,C/C,1.0,404,TRA,"C/C,C/F,C/L,C/W"
V+J,human,TRAV36/DV7,TRAJ58,C/F,1.0,404,TRA,"C/C,C/F,C/L,C/W"
V+J,human,TRAV20,TRAJ47,C/F,1.0,403,TRA,"C/C,C/F,C/L,C/W"
V+J,human,TRAV41,TRAJ28,C/F,1.0,403,TRA,"C/C,C/F,C/L,C/W"
V+J,human,TRAV39,TRAJ39,C/F,1.0,403,TRA,"C/C,C/F,C/L,C/W"
V+J,human,TRAV27,TRAJ12,C/F,1.0,403,TRA,"C/C,C/F,C/L,C/W"
V+J,human,TRAV16,TRAJ44,C/F,1.0,402,TRA,"C/C,C/F,C/L,C/W"
V+J,human,TRAV3,TRAJ49,C/F,1.0,401,TRA,"C/C,C/F,C/L,C/W"
V+J,human,TRAV5,TRAJ38,C/W,1.0,401,TRA,"C/C,C/F,C/L,C/W"
V+J,human,TRAV24,TRAJ21,C/F,1.0,400,TRA,"C/C,C/F,C/L,C/W"
V+J,human,TRAV16,TRAJ18,C/F,1.0,400,TRA,"C/C,C/F,C/L,C/W"
V+J,human,TRAV12-2,TRAJ57,C/F,1.0,400,TRA,"C/C,C/F,C/L,C/W"
V+J,human,TRAV13-2,TRAJ27,C/F,1.0,400,TRA,"C/C,C/F,C/L,C/W"
V+J,human,TRAV8-4,TRAJ50,C/F,1.0,400,TRA,"C/C,C/F,C/L,C/W"
V+J,human,TRAV13-2,TRAJ33,C/W,1.0,399,TRA,"C/C,C/F,C/L,C/W"
V+J,human,TRAV8-2,TRAJ33,C/W,1.0,399,TRA,"C/C,C/F,C/L,C/W"
V+J,human,TRAV38-2/DV8,TRAJ17,C/F,1.0,399,TRA,"C/C,C/F,C/L,C/W"
V+J,human,TRAV8-2,TRAJ27,C/F,1.0,398,TRA,"C/C,C/F,C/L,C/W"
V+J,human,TRAV1-1,TRAJ39,C/F,1.0,397,TRA,"C/C,C/F,C/L,C/W"
V+J,human,TRAV27,TRAJ11,C/F,1.0,395,TRA,"C/C,C/F,C/L,C/W"
V+J,human,TRAV34,TRAJ49,C/F,1.0,395,TRA,"C/C,C/F,C/L,C/W"
V+J,human,TRAV1-1,TRAJ20,C/F,1.0,394,TRA,"C/C,C/F,C/L,C/W"
V+J,human,TRAV30,TRAJ34,C/F,1.0,393,TRA,"C/C,C/F,C/L,C/W"
V+J,human,TRAV10,TRAJ3,C/F,1.0,392,TRA,"C/C,C/F,C/L,C/W"
V+J,human,TRAV29/DV5,TRAJ11,C/F,1.0,392,TRA,"C/C,C/F,C/L,C/W"
V+J,human,TRAV10,TRAJ38,C/W,1.0,392,TRA,"C/C,C/F,C/L,C/W"
V+J,human,TRAV26-1,TRAJ18,C/F,1.0,391,TRA,"C/C,C/F,C/L,C/W"
V+J,human,TRAV10,TRAJ49,C/F,1.0,391,TRA,"C/C,C/F,C/L,C/W"
V+J,human,TRAV6,TRAJ16,C/F,1.0,390,TRA,"C/C,C/F,C/L,C/W"
V+J,human,TRAV1-1,TRAJ11,C/F,1.0,390,TRA,"C/C,C/F,C/L,C/W"
V+J,human,TRAV36/DV7,TRAJ32,C/F,1.0,390,TRA,"C/C,C/F,C/L,C/W"
V+J,human,TRAV22,TRAJ21,C/F,1.0,389,TRA,"C/C,C/F,C/L,C/W"
V+J,human,TRAV6,TRAJ24,C/F,1.0,389,TRA,"C/C,C/F,C/L,C/W"
V+J,human,TRAV3,TRAJ47,C/F,1.0,388,TRA,"C/C,C/F,C/L,C/W"
V+J,human,TRAV29/DV5,TRAJ12,C/F,1.0,388,TRA,"C/C,C/F,C/L,C/W"
V+J,human,TRAV26-2,TRAJ27,C/F,1.0,386,TRA,"C/C,C/F,C/L,C/W"
V+J,human,TRAV23/DV6,TRAJ3,C/F,1.0,385,TRA,"C/C,C/F,C/L,C/W"
V+J,human,TRAV36/DV7,TRAJ29,C/F,1.0,385,TRA,"C/C,C/F,C/L,C/W"
V+J,human,TRAV2,TRAJ45,C/F,1.0,383,TRA,"C/C,C/F,C/L,C/W"
V+J,human,TRAV22,TRAJ18,C/F,1.0,382,TRA,"C/C,C/F,C/L,C/W"
V+J,human,TRAV24,TRAJ28,C/F,1.0,382,TRA,"C/C,C/F,C/L,C/W"
V+J,human,TRAV22,TRAJ47,C/F,1.0,382,TRA,"C/C,C/F,C/L,C/W"
V+J,human,TRAV24,TRAJ32,C/F,1.0,382,TRA,"C/C,C/F,C/L,C/W"
V+J,human,TRAV30,TRAJ43,C/F,1.0,380,TRA,"C/C,C/F,C/L,C/W"
V+J,human,TRAV38-2/DV8,TRAJ36,C/F,1.0,376,TRA,"C/C,C/F,C/L,C/W"
V+J,human,TRAV6,TRAJ21,C/F,1.0,374,TRA,"C/C,C/F,C/L,C/W"
V+J,human,TRAV38-2/DV8,TRAJ20,C/F,1.0,374,TRA,"C/C,C/F,C/L,C/W"
V+J,human,TRAV36/DV7,TRAJ33,C/W,1.0,373,TRA,"C/C,C/F,C/L,C/W"
V+J,human,TRAV1-1,TRAJ27,C/F,1.0,372,TRA,"C/C,C/F,C/L,C/W"
V+J,human,TRAV10,TRAJ41,C/F,1.0,372,TRA,"C/C,C/F,C/L,C/W"
V+J,human,TRAV24,TRAJ30,C/F,1.0,372,TRA,"C/C,C/F,C/L,C/W"
V+J,human,TRAV20,TRAJ18,C/F,1.0,372,TRA,"C/C,C/F,C/L,C/W"
V+J,human,TRAV36/DV7,TRAJ26,C/F,1.0,371,TRA,"C/C,C/F,C/L,C/W"
V+J,human,TRAV38-1,TRAJ36,C/F,1.0,371,TRA,"C/C,C/F,C/L,C/W"
V+J,human,TRAV36/DV7,TRAJ47,C/F,1.0,371,TRA,"C/C,C/F,C/L,C/W"
V+J,human,TRAV8-4,TRAJ33,C/W,1.0,371,TRA,"C/C,C/F,C/L,C/W"
V+J,human,TRAV30,TRAJ30,C/F,1.0,370,TRA,"C/C,C/F,C/L,C/W"
V+J,human,TRAV36/DV7,TRAJ30,C/F,1.0,367,TRA,"C/C,C/F,C/L,C/W"
V+J,human,TRAV20,TRAJ12,C/F,1.0,367,TRA,"C/C,C/F,C/L,C/W"
V+J,human,TRAV16,TRAJ20,C/F,1.0,367,TRA,"C/C,C/F,C/L,C/W"
V+J,human,TRAV24,TRAJ9,C/F,1.0,367,TRA,"C/C,C/F,C/L,C/W"
V+J,human,TRAV36/DV7,TRAJ41,C/F,1.0,366,TRA,"C/C,C/F,C/L,C/W"
V+J,human,TRAV1-1,TRAJ28,C/F,1.0,366,TRA,"C/C,C/F,C/L,C/W"
V+J,human,TRAV29/DV5,TRAJ5,C/F,1.0,364,TRA,"C/C,C/F,C/L,C/W"
V+J,human,TRAV19,TRAJ7,C/F,1.0,364,TRA,"C/C,C/F,C/L,C/W"
V+J,human,TRAV24,TRAJ16,C/F,1.0,361,TRA,"C/C,C/F,C/L,C/W"
V+J,human,TRAV24,TRAJ27,C/F,1.0,361,TRA,"C/C,C/F,C/L,C/W"
V+J,human,TRAV10,TRAJ12,C/F,1.0,361,TRA,"C/C,C/F,C/L,C/W"
V+J,human,TRAV38-2/DV8,TRAJ38,C/W,1.0,359,TRA,"C/C,C/F,C/L,C/W"
V+J,human,TRAV22,TRAJ4,C/F,1.0,358,TRA,"C/C,C/F,C/L,C/W"
V+J,human,TRAV4,TRAJ18,C/F,1.0,357,TRA,"C/C,C/F,C/L,C/W"
V+J,human,TRAV24,TRAJ41,C/F,1.0,357,TRA,"C/C,C/F,C/L,C/W"
V+J,human,TRAV10,TRAJ29,C/F,1.0,357,TRA,"C/C,C/F,C/L,C/W"
V+J,human,TRAV10,TRAJ37,C/F,1.0,356,TRA,"C/C,C/F,C/L,C/W"
V+J,human,TRAV30,TRAJ57,C/F,1.0,356,TRA,"C/C,C/F,C/L,C/W"
V+J,human,TRAV1-2,TRAJ43,C/F,1.0,355,TRA,"C/C,C/F,C/L,C/W"
V+J,human,TRAV22,TRAJ41,C/F,1.0,354,TRA,"C/C,C/F,C/L,C/W"
V+J,human,TRAV36/DV7,TRAJ27,C/F,1.0,354,TRA,"C/C,C/F,C/L,C/W"
V+J,human,TRAV27,TRAJ10,C/F,1.0,354,TRA,"C/C,C/F,C/L,C/W"
V+J,human,TRAV1-1,TRAJ6,C/F,1.0,352,TRA,"C/C,C/F,C/L,C/W"
V+J,human,TRAV34,TRAJ37,C/F,1.0,352,TRA,"C/C,C/F,C/L,C/W"
V+J,human,TRAV6,TRAJ17,C/F,1.0,351,TRA,"C/C,C/F,C/L,C/W"
V+J,human,TRAV10,TRAJ35,C/C,1.0,351,TRA,"C/C,C/F,C/L,C/W"
V+J,human,TRAV5,TRAJ27,C/F,1.0,351,TRA,"C/C,C/F,C/L,C/W"
V+J,human,TRAV30,TRAJ26,C/F,1.0,351,TRA,"C/C,C/F,C/L,C/W"
V+J,human,TRAV1-1,TRAJ21,C/F,1.0,350,TRA,"C/C,C/F,C/L,C/W"
V+J,human,TRAV1-1,TRAJ36,C/F,1.0,349,TRA,"C/C,C/F,C/L,C/W"
V+J,human,TRAV1-1,TRAJ24,C/F,1.0,349,TRA,"C/C,C/F,C/L,C/W"
V+J,human,TRAV8-2,TRAJ36,C/F,1.0,348,TRA,"C/C,C/F,C/L,C/W"
V+J,human,TRAV27,TRAJ8,C/F,1.0,348,TRA,"C/C,C/F,C/L,C/W"
V+J,human,TRAV6,TRAJ32,C/F,1.0,348,TRA,"C/C,C/F,C/L,C/W"
V+J,human,TRAV5,TRAJ18,C/F,1.0,348,TRA,"C/C,C/F,C/L,C/W"
V+J,human,TRAV16,TRAJ12,C/F,1.0,347,TRA,"C/C,C/F,C/L,C/W"
V+J,human,TRAV8-1,TRAJ21,C/F,1.0,346,TRA,"C/C,C/F,C/L,C/W"
V+J,human,TRAV5,TRAJ48,C/F,1.0,346,TRA,"C/C,C/F,C/L,C/W"
V+J,human,TRAV26-1,TRAJ4,C/F,1.0,346,TRA,"C/C,C/F,C/L,C/W"
V+J,human,TRAV2,TRAJ41,C/F,1.0,346,TRA,"C/C,C/F,C/L,C/W"
V+J,human,TRAV8-6,TRAJ24,C/F,1.0,346,TRA,"C/C,C/F,C/L,C/W"
V+J,human,TRAV24,TRAJ54,C/F,1.0,344,TRA,"C/C,C/F,C/L,C/W"
V+J,human,TRAV1-1,TRAJ16,C/F,1.0,343,TRA,"C/C,C/F,C/L,C/W"
V+J,human,TRAV12-2,TRAJ56,C/F,1.0,343,TRA,"C/C,C/F,C/L,C/W"
V+J,human,TRAV25,TRAJ4,C/F,1.0,341,TRA,"C/C,C/F,C/L,C/W"
V+J,human,TRAV29/DV5,TRAJ4,C/F,1.0,341,TRA,"C/C,C/F,C/L,C/W"
V+J,human,TRAV13-2,TRAJ7,C/F,1.0,339,TRA,"C/C,C/F,C/L,C/W"
V+J,human,TRAV8-3,TRAJ57,C/F,1.0,339,TRA,"C/C,C/F,C/L,C/W"
V+J,human,TRAV26-2,TRAJ50,C/F,1.0,339,TRA,"C/C,C/F,C/L,C/W"
V+J,human,TRAV8-4,TRAJ26,C/F,1.0,338,TRA,"C/C,C/F,C/L,C/W"
V+J,human,TRAV6,TRAJ7,C/F,1.0,338,TRA,"C/C,C/F,C/L,C/W"
V+J,human,TRAV24,TRAJ17,C/F,1.0,337,TRA,"C/C,C/F,C/L,C/W"
V+J,human,TRAV24,TRAJ38,C/W,1.0,336,TRA,"C/C,C/F,C/L,C/W"
V+J,human,TRAV39,TRAJ28,C/F,1.0,335,TRA,"C/C,C/F,C/L,C/W"
V+J,human,TRAV35,TRAJ52,C/F,1.0,335,TRA,"C/C,C/F,C/L,C/W"
V+J,human,TRAV34,TRAJ42,C/F,1.0,334,TRA,"C/C,C/F,C/L,C/W"
V+J,human,TRAV25,TRAJ8,C/F,1.0,332,TRA,"C/C,C/F,C/L,C/W"
V+J,human,TRAV1-2,TRAJ5,C/F,1.0,332,TRA,"C/C,C/F,C/L,C/W"
V+J,human,TRAV35,TRAJ40,C/F,1.0,332,TRA,"C/C,C/F,C/L,C/W"
V+J,human,TRAV8-6,TRAJ18,C/F,1.0,332,TRA,"C/C,C/F,C/L,C/W"
V+J,human,TRAV35,TRAJ49,C/F,1.0,332,TRA,"C/C,C/F,C/L,C/W"
V+J,human,TRAV38-1,TRAJ20,C/F,1.0,331,TRA,"C/C,C/F,C/L,C/W"
V+J,human,TRAV8-1,TRAJ41,C/F,1.0,328,TRA,"C/C,C/F,C/L,C/W"
V+J,human,TRAV13-2,TRAJ35,C/C,1.0,327,TRA,"C/C,C/F,C/L,C/W"
V+J,human,TRAV30,TRAJ24,C/F,1.0,327,TRA,"C/C,C/F,C/L,C/W"
V+J,human,TRAV24,TRAJ24,C/F,1.0,327,TRA,"C/C,C/F,C/L,C/W"
V+J,human,TRAV35,TRAJ54,C/F,1.0,327,TRA,"C/C,C/F,C/L,C/W"
V+J,human,TRAV8-4,TRAJ7,C/F,1.0,326,TRA,"C/C,C/F,C/L,C/W"
V+J,human,TRAV24,TRAJ11,C/F,1.0,325,TRA,"C/C,C/F,C/L,C/W"
V+J,human,TRAV30,TRAJ23,C/F,1.0,325,TRA,"C/C,C/F,C/L,C/W"
V+J,human,TRAV16,TRAJ3,C/F,1.0,325,TRA,"C/C,C/F,C/L,C/W"
V+J,human,TRAV39,TRAJ29,C/F,1.0,322,TRA,"C/C,C/F,C/L,C/W"
V+J,human,TRAV16,TRAJ24,C/F,1.0,322,TRA,"C/C,C/F,C/L,C/W"
V+J,human,TRAV4,TRAJ48,C/F,1.0,319,TRA,"C/C,C/F,C/L,C/W"
V+J,human,TRAV22,TRAJ8,C/F,1.0,319,TRA,"C/C,C/F,C/L,C/W"
V+J,human,TRAV30,TRAJ36,C/F,1.0,317,TRA,"C/C,C/F,C/L,C/W"
V+J,human,TRAV22,TRAJ35,C/C,1.0,315,TRA,"C/C,C/F,C/L,C/W"
V+J,human,TRAV6,TRAJ18,C/F,1.0,314,TRA,"C/C,C/F,C/L,C/W"
V+J,human,TRAV6,TRAJ27,C/F,1.0,314,TRA,"C/C,C/F,C/L,C/W"
V+J,human,TRAV20,TRAJ35,C/C,1.0,312,TRA,"C/C,C/F,C/L,C/W"
V+J,human,TRAV41,TRAJ29,C/F,1.0,311,TRA,"C/C,C/F,C/L,C/W"
V+J,human,TRAV8-2,TRAJ24,C/F,1.0,311,TRA,"C/C,C/F,C/L,C/W"
V+J,human,TRAV8-1,TRAJ18,C/F,1.0,309,TRA,"C/C,C/F,C/L,C/W"
V+J,human,TRAV24,TRAJ47,C/F,1.0,308,TRA,"C/C,C/F,C/L,C/W"
V+J,human,TRAV36/DV7,TRAJ23,C/F,1.0,305,TRA,"C/C,C/F,C/L,C/W"
V+J,human,TRAV8-2,TRAJ16,C/F,1.0,305,TRA,"C/C,C/F,C/L,C/W"
V+J,human,TRAV20,TRAJ50,C/F,1.0,304,TRA,"C/C,C/F,C/L,C/W"
V+J,human,TRAV26-2,TRAJ56,C/F,1.0,303,TRA,"C/C,C/F,C/L,C/W"
V+J,human,TRAV16,TRAJ56,C/F,1.0,300,TRA,"C/C,C/F,C/L,C/W"
V+J,human,TRAV24,TRAJ10,C/F,1.0,300,TRA,"C/C,C/F,C/L,C/W"
V+J,human,TRAV25,TRAJ12,C/F,1.0,300,TRA,"C/C,C/F,C/L,C/W"
V+J,human,TRAV38-1,TRAJ22,C/F,1.0,299,TRA,"C/C,C/F,C/L,C/W"
V+J,human,TRAV38-1,TRAJ38,C/W,1.0,298,TRA,"C/C,C/F,C/L,C/W"
V+J,human,TRAV2,TRAJ44,C/F,1.0,297,TRA,"C/C,C/F,C/L,C/W"
V+J,human,TRAV5,TRAJ47,C/F,1.0,296,TRA,"C/C,C/F,C/L,C/W"
V+J,human,TRAV2,TRAJ43,C/F,1.0,296,TRA,"C/C,C/F,C/L,C/W"
V+J,human,TRAV26-1,TRAJ3,C/F,1.0,294,TRA,"C/C,C/F,C/L,C/W"
V+J,human,TRAV1-1,TRAJ4,C/F,1.0,293,TRA,"C/C,C/F,C/L,C/W"
V+J,human,TRAV41,TRAJ26,C/F,1.0,291,TRA,"C/C,C/F,C/L,C/W"
V+J,human,TRAV1-2,TRAJ3,C/F,1.0,291,TRA,"C/C,C/F,C/L,C/W"
V+J,human,TRAV8-6,TRAJ41,C/F,1.0,289,TRA,"C/C,C/F,C/L,C/W"
V+J,human,TRAV5,TRAJ7,C/F,1.0,289,TRA,"C/C,C/F,C/L,C/W"
V+J,human,TRAV24,TRAJ18,C/F,1.0,288,TRA,"C/C,C/F,C/L,C/W"
V+J,human,TRAV30,TRAJ44,C/F,1.0,286,TRA,"C/C,C/F,C/L,C/W"
V+J,human,TRAV36/DV7,TRAJ22,C/F,1.0,286,TRA,"C/C,C/F,C/L,C/W"
V+J,human,TRAV36/DV7,TRAJ38,C/W,1.0,286,TRA,"C/C,C/F,C/L,C/W"
V+J,human,TRAV23/DV6,TRAJ50,C/F,1.0,285,TRA,"C/C,C/F,C/L,C/W"
V+J,human,TRAV26-2,TRAJ13,C/F,1.0,284,TRA,"C/C,C/F,C/L,C/W"
V+J,human,TRAV13-1,TRAJ58,C/F,1.0,281,TRA,"C/C,C/F,C/L,C/W"
V+J,human,TRAV41,TRAJ17,C/F,1.0,281,TRA,"C/C,C/F,C/L,C/W"
V+J,human,TRAV35,TRAJ53,C/F,1.0,281,TRA,"C/C,C/F,C/L,C/W"
V+J,human,TRAV22,TRAJ11,C/F,1.0,280,TRA,"C/C,C/F,C/L,C/W"
V+J,human,TRAV8-1,TRAJ52,C/F,1.0,280,TRA,"C/C,C/F,C/L,C/W"
V+J,human,TRAV22,TRAJ12,C/F,1.0,279,TRA,"C/C,C/F,C/L,C/W"
V+J,human,TRAV8-4,TRAJ18,C/F,1.0,279,TRA,"C/C,C/F,C/L,C/W"
V+J,human,TRAV4,TRAJ16,C/F,1.0,278,TRA,"C/C,C/F,C/L,C/W"
V+J,human,TRAV27,TRAJ4,C/F,1.0,277,TRA,"C/C,C/F,C/L,C/W"
V+J,human,TRAV27,TRAJ5,C/F,1.0,274,TRA,"C/C,C/F,C/L,C/W"
V+J,human,TRAV38-1,TRAJ21,C/F,1.0,274,TRA,"C/C,C/F,C/L,C/W"
V+J,human,TRAV30,TRAJ17,C/F,1.0,274,TRA,"C/C,C/F,C/L,C/W"
V+J,human,TRAV8-2,TRAJ28,C/F,1.0,273,TRA,"C/C,C/F,C/L,C/W"
V+J,human,TRAV16,TRAJ16,C/F,1.0,271,TRA,"C/C,C/F,C/L,C/W"
V+J,human,TRAV39,TRAJ27,C/F,1.0,269,TRA,"C/C,C/F,C/L,C/W"
V+J,human,TRAV34,TRAJ44,C/F,1.0,268,TRA,"C/C,C/F,C/L,C/W"
V+J,human,TRAV22,TRAJ16,C/F,1.0,268,TRA,"C/C,C/F,C/L,C/W"
V+J,human,TRAV22,TRAJ5,C/F,1.0,267,TRA,"C/C,C/F,C/L,C/W"
V+J,human,TRAV10,TRAJ23,C/F,1.0,266,TRA,"C/C,C/F,C/L,C/W"
V+J,human,TRAV30,TRAJ13,C/F,1.0,266,TRA,"C/C,C/F,C/L,C/W"
V+J,human,TRAV13-2,TRAJ18,C/F,1.0,265,TRA,"C/C,C/F,C/L,C/W"
V+J,human,TRAV24,TRAJ6,C/F,1.0,264,TRA,"C/C,C/F,C/L,C/W"
V+J,human,TRAV8-2,TRAJ53,C/F,1.0,264,TRA,"C/C,C/F,C/L,C/W"
V+J,human,TRAV8-4,TRAJ41,C/F,1.0,264,TRA,"C/C,C/F,C/L,C/W"
V+J,human,TRAV4,TRAJ41,C/F,1.0,263,TRA,"C/C,C/F,C/L,C/W"
V+J,human,TRAV30,TRAJ33,C/W,1.0,263,TRA,"C/C,C/F,C/L,C/W"
V+J,human,TRAV1-2,TRAJ7,C/F,1.0,263,TRA,"C/C,C/F,C/L,C/W"
V+J,human,TRAV38-2/DV8,TRAJ13,C/F,1.0,263,TRA,"C/C,C/F,C/L,C/W"
V+J,human,TRAV4,TRAJ47,C/F,1.0,263,TRA,"C/C,C/F,C/L,C/W"
V+J,human,TRAV34,TRAJ45,C/F,1.0,261,TRA,"C/C,C/F,C/L,C/W"
V+J,human,TRAV26-2,TRAJ15,C/F,1.0,260,TRA,"C/C,C/F,C/L,C/W"
V+J,human,TRAV12-1,TRAJ7,C/F,1.0,260,TRA,"C/C,C/F,C/L,C/W"
V+J,human,TRAV24,TRAJ12,C/F,1.0,259,TRA,"C/C,C/F,C/L,C/W"
V+J,human,TRAV39,TRAJ37,C/F,1.0,257,TRA,"C/C,C/F,C/L,C/W"
V+J,human,TRAV1-1,TRAJ42,C/F,1.0,257,TRA,"C/C,C/F,C/L,C/W"
V+J,human,TRAV29/DV5,TRAJ46,C/F,1.0,256,TRA,"C/C,C/F,C/L,C/W"
V+J,human,TRAV8-2,TRAJ41,C/F,1.0,255,TRA,"C/C,C/F,C/L,C/W"
V+J,human,TRAV13-2,TRAJ38,C/W,1.0,254,TRA,"C/C,C/F,C/L,C/W"
V+J,human,TRAV2,TRAJ18,C/F,1.0,253,TRA,"C/C,C/F,C/L,C/W"
V+J,human,TRAV41,TRAJ50,C/F,1.0,253,TRA,"C/C,C/F,C/L,C/W"
V+J,human,TRAV29/DV5,TRAJ3,C/F,1.0,253,TRA,"C/C,C/F,C/L,C/W"
V+J,human,TRAV8-6,TRAJ38,C/W,1.0,253,TRA,"C/C,C/F,C/L,C/W"
V+J,human,TRAV6,TRAJ47,C/F,1.0,251,TRA,"C/C,C/F,C/L,C/W"
V+J,human,TRAV40,TRAJ42,C/F,1.0,250,TRA,"C/C,C/F,C/L,C/W"
V+J,human,TRAV38-1,TRAJ17,C/F,1.0,248,TRA,"C/C,C/F,C/L,C/W"
V+J,human,TRAV30,TRAJ32,C/F,1.0,247,TRA,"C/C,C/F,C/L,C/W"
V+J,human,TRAV25,TRAJ35,C/C,1.0,247,TRA,"C/C,C/F,C/L,C/W"
V+J,human,TRAV2,TRAJ38,C/W,1.0,245,TRA,"C/C,C/F,C/L,C/W"
V+J,human,TRAV8-3,TRAJ56,C/F,1.0,245,TRA,"C/C,C/F,C/L,C/W"
V+J,human,TRAV35,TRAJ37,C/F,1.0,244,TRA,"C/C,C/F,C/L,C/W"
V+J,human,TRAV27,TRAJ3,C/F,1.0,243,TRA,"C/C,C/F,C/L,C/W"
V+J,human,TRAV26-2,TRAJ17,C/F,1.0,242,TRA,"C/C,C/F,C/L,C/W"
V+J,human,TRAV4,TRAJ24,C/F,1.0,241,TRA,"C/C,C/F,C/L,C/W"
V+J,human,TRAV8-4,TRAJ24,C/F,1.0,240,TRA,"C/C,C/F,C/L,C/W"
V+J,mouse,TRAV3N-3,TRAJ26,C/F,1.0,240,TRA,"C/C,C/F,C/L,C/W"
V+J,human,TRAV38-2/DV8,TRAJ15,C/F,1.0,238,TRA,"C/C,C/F,C/L,C/W"
V+J,human,TRAV25,TRAJ3,C/F,1.0,237,TRA,"C/C,C/F,C/L,C/W"
V+J,human,TRAV22,TRAJ50,C/F,1.0,236,TRA,"C/C,C/F,C/L,C/W"
V+J,human,TRAV6,TRAJ48,C/F,1.0,235,TRA,"C/C,C/F,C/L,C/W"
V+J,human,TRAV1-1,TRAJ3,C/F,1.0,233,TRA,"C/C,C/F,C/L,C/W"
V+J,human,TRAV30,TRAJ58,C/F,1.0,232,TRA,"C/C,C/F,C/L,C/W"
V+J,human,TRAV22,TRAJ7,C/F,1.0,232,TRA,"C/C,C/F,C/L,C/W"
V+J,human,TRAV30,TRAJ41,C/F,1.0,230,TRA,"C/C,C/F,C/L,C/W"
V+J,human,TRAV25,TRAJ5,C/F,1.0,230,TRA,"C/C,C/F,C/L,C/W"
V+J,human,TRAV2,TRAJ35,C/C,1.0,229,TRA,"C/C,C/F,C/L,C/W"
V+J,human,TRAV8-4,TRAJ58,C/F,1.0,229,TRA,"C/C,C/F,C/L,C/W"
V+J,human,TRAV10,TRAJ11,C/F,1.0,226,TRA,"C/C,C/F,C/L,C/W"
V+J,human,TRAV8-2,TRAJ54,C/F,1.0,225,TRA,"C/C,C/F,C/L,C/W"
V+J,human,TRAV38-1,TRAJ50,C/F,1.0,223,TRA,"C/C,C/F,C/L,C/W"
V+J,human,TRAV26-2,TRAJ38,C/W,1.0,222,TRA,"C/C,C/F,C/L,C/W"
V+J,human,TRAV34,TRAJ29,C/F,1.0,221,TRA,"C/C,C/F,C/L,C/W"
V+J,human,TRAV1-2,TRAJ45,C/F,1.0,220,TRA,"C/C,C/F,C/L,C/W"
V+J,human,TRAV2,TRAJ47,C/F,1.0,220,TRA,"C/C,C/F,C/L,C/W"
V+J,human,TRAV8-2,TRAJ38,C/W,1.0,220,TRA,"C/C,C/F,C/L,C/W"
V+J,human,TRAV10,TRAJ52,C/F,1.0,219,TRA,"C/C,C/F,C/L,C/W"
V+J,human,TRAV8-2,TRAJ50,C/F,1.0,218,TRA,"C/C,C/F,C/L,C/W"
V+J,human,TRAV20,TRAJ7,C/F,1.0,218,TRA,"C/C,C/F,C/L,C/W"
V+J,human,TRAV24,TRAJ50,C/F,1.0,217,TRA,"C/C,C/F,C/L,C/W"
V+J,human,TRAV10,TRAJ16,C/F,1.0,217,TRA,"C/C,C/F,C/L,C/W"
V+J,human,TRAV36/DV7,TRAJ20,C/F,1.0,217,TRA,"C/C,C/F,C/L,C/W"
V+J,human,TRAV8-1,TRAJ16,C/F,1.0,217,TRA,"C/C,C/F,C/L,C/W"
V+J,human,TRAV24,TRAJ8,C/F,1.0,216,TRA,"C/C,C/F,C/L,C/W"
V+J,human,TRAV29/DV5,TRAJ7,C/F,1.0,214,TRA,"C/C,C/F,C/L,C/W"
V+J,human,TRAV27,TRAJ7,C/F,1.0,213,TRA,"C/C,C/F,C/L,C/W"
V+J,human,TRAV4,TRAJ49,C/F,1.0,213,TRA,"C/C,C/F,C/L,C/W"
V+J,human,TRAV40,TRAJ53,C/F,1.0,213,TRA,"C/C,C/F,C/L,C/W"
V+J,human,TRAV24,TRAJ5,C/F,1.0,213,TRA,"C/C,C/F,C/L,C/W"
V+J,human,TRAV36/DV7,TRAJ24,C/F,1.0,212,TRA,"C/C,C/F,C/L,C/W"
V+J,human,TRAV6,TRAJ52,C/F,1.0,212,TRA,"C/C,C/F,C/L,C/W"
V+J,human,TRAV16,TRAJ50,C/F,1.0,212,TRA,"C/C,C/F,C/L,C/W"
V+J,human,TRAV39,TRAJ35,C/C,1.0,212,TRA,"C/C,C/F,C/L,C/W"
V+J,human,TRAV26-2,TRAJ9,C/F,1.0,211,TRA,"C/C,C/F,C/L,C/W"
V+J,human,TRAV22,TRAJ38,C/W,1.0,211,TRA,"C/C,C/F,C/L,C/W"
V+J,human,TRAV1-2,TRAJ47,C/F,1.0,210,TRA,"C/C,C/F,C/L,C/W"
V+J,human,TRAV1-1,TRAJ40,C/F,1.0,208,TRA,"C/C,C/F,C/L,C/W"
V+J,human,TRAV8-6,TRAJ35,C/C,1.0,208,TRA,"C/C,C/F,C/L,C/W"
V+J,human,TRAV12-2,TRAJ58,C/F,1.0,207,TRA,"C/C,C/F,C/L,C/W"
V+J,human,TRAV8-2,TRAJ18,C/F,1.0,207,TRA,"C/C,C/F,C/L,C/W"
V+J,human,TRAV34,TRAJ57,C/F,1.0,207,TRA,"C/C,C/F,C/L,C/W"
V+J,human,TRAV1-2,TRAJ44,C/F,1.0,207,TRA,"C/C,C/F,C/L,C/W"
V+J,human,TRAV35,TRAJ58,C/F,1.0,205,TRA,"C/C,C/F,C/L,C/W"
V+J,human,TRAV35,TRAJ45,C/F,1.0,203,TRA,"C/C,C/F,C/L,C/W"
V+J,human,TRAV34,TRAJ48,C/F,1.0,202,TRA,"C/C,C/F,C/L,C/W"
V+J,human,TRAV35,TRAJ43,C/F,1.0,202,TRA,"C/C,C/F,C/L,C/W"
V+J,human,TRAV34,TRAJ43,C/F,1.0,201,TRA,"C/C,C/F,C/L,C/W"
V+J,human,TRAV36/DV7,TRAJ36,C/F,1.0,201,TRA,"C/C,C/F,C/L,C/W"
V+J,human,TRAV39,TRAJ26,C/F,1.0,200,TRA,"C/C,C/F,C/L,C/W"
V+J,human,TRAV34,TRAJ22,C/F,1.0,200,TRA,"C/C,C/F,C/L,C/W"
V+J,human,TRAV36/DV7,TRAJ56,C/F,1.0,199,TRA,"C/C,C/F,C/L,C/W"
V+J,human,TRAV34,TRAJ33,C/W,1.0,199,TRA,"C/C,C/F,C/L,C/W"
V+J,human,TRAV22,TRAJ3,C/F,1.0,199,TRA,"C/C,C/F,C/L,C/W"
V+J,human,TRAV36/DV7,TRAJ50,C/F,1.0,199,TRA,"C/C,C/F,C/L,C/W"
V+J,human,TRAV27,TRAJ56,C/F,1.0,198,TRA,"C/C,C/F,C/L,C/W"
V+J,human,TRAV10,TRAJ30,C/F,1.0,198,TRA,"C/C,C/F,C/L,C/W"
V+J,human,TRAV39,TRAJ22,C/F,1.0,198,TRA,"C/C,C/F,C/L,C/W"
V+J,human,TRAV10,TRAJ50,C/F,1.0,197,TRA,"C/C,C/F,C/L,C/W"
V+J,human,TRAV25,TRAJ56,C/F,1.0,195,TRA,"C/C,C/F,C/L,C/W"
V+J,human,TRAV6,TRAJ35,C/C,1.0,194,TRA,"C/C,C/F,C/L,C/W"
V+J,human,TRAV39,TRAJ20,C/F,1.0,193,TRA,"C/C,C/F,C/L,C/W"
V+J,human,TRAV38-2/DV8,TRAJ16,C/F,1.0,192,TRA,"C/C,C/F,C/L,C/W"
V+J,human,TRAV34,TRAJ28,C/F,1.0,189,TRA,"C/C,C/F,C/L,C/W"
V+J,human,TRAV24,TRAJ35,C/C,1.0,189,TRA,"C/C,C/F,C/L,C/W"
V+J,human,TRAV8-4,TRAJ38,C/W,1.0,189,TRA,"C/C,C/F,C/L,C/W"
V+J,human,TRAV34,TRAJ34,C/F,1.0,187,TRA,"C/C,C/F,C/L,C/W"
V+J,human,TRAV5,TRAJ52,C/F,1.0,187,TRA,"C/C,C/F,C/L,C/W"
V+J,human,TRAV38-2/DV8,TRAJ46,C/F,1.0,187,TRA,"C/C,C/F,C/L,C/W"
V+J,human,TRAV38-2/DV8,TRAJ35,C/C,1.0,186,TRA,"C/C,C/F,C/L,C/W"
V+J,human,TRAV40,TRAJ48,C/F,1.0,184,TRA,"C/C,C/F,C/L,C/W"
V+J,human,TRAV26-2,TRAJ18,C/F,1.0,182,TRA,"C/C,C/F,C/L,C/W"
V+J,human,TRAV38-1,TRAJ13,C/F,1.0,181,TRA,"C/C,C/F,C/L,C/W"
V+J,human,TRAV24,TRAJ57,C/F,1.0,181,TRA,"C/C,C/F,C/L,C/W"
V+J,human,TRAV34,TRAJ39,C/F,1.0,180,TRA,"C/C,C/F,C/L,C/W"
V+J,human,TRAV38-2/DV8,TRAJ18,C/F,1.0,177,TRA,"C/C,C/F,C/L,C/W"
V+J,human,TRAV5,TRAJ35,C/C,1.0,177,TRA,"C/C,C/F,C/L,C/W"
V+J,human,TRAV8-1,TRAJ53,C/F,1.0,174,TRA,"C/C,C/F,C/L,C/W"
V+J,human,TRAV30,TRAJ15,C/F,1.0,174,TRA,"C/C,C/F,C/L,C/W"
V+J,human,TRAV30,TRAJ18,C/F,1.0,173,TRA,"C/C,C/F,C/L,C/W"
V+J,human,TRAV38-1,TRAJ24,C/F,1.0,172,TRA,"C/C,C/F,C/L,C/W"
V+J,human,TRAV16,TRAJ38,C/W,1.0,172,TRA,"C/C,C/F,C/L,C/W"
V+J,human,TRAV30,TRAJ10,C/F,1.0,172,TRA,"C/C,C/F,C/L,C/W"
V+J,human,TRAV38-2/DV8,TRAJ24,C/F,1.0,172,TRA,"C/C,C/F,C/L,C/W"
V+J,human,TRAV35,TRAJ48,C/F,1.0,172,TRA,"C/C,C/F,C/L,C/W"
V+J,human,TRAV16,TRAJ35,C/C,1.0,171,TRA,"C/C,C/F,C/L,C/W"
V+J,human,TRAV30,TRAJ47,C/F,1.0,171,TRA,"C/C,C/F,C/L,C/W"
V+J,human,TRAV38-1,TRAJ15,C/F,1.0,170,TRA,"C/C,C/F,C/L,C/W"
V+J,human,TRAV26-2,TRAJ24,C/F,1.0,169,TRA,"C/C,C/F,C/L,C/W"
V+J,human,TRAV30,TRAJ50,C/F,1.0,168,TRA,"C/C,C/F,C/L,C/W"
V+J,human,TRAV34,TRAJ47,C/F,1.0,167,TRA,"C/C,C/F,C/L,C/W"
V+J,human,TRAV16,TRAJ41,C/F,1.0,165,TRA,"C/C,C/F,C/L,C/W"
V+J,human,TRAV34,TRAJ20,C/F,1.0,165,TRA,"C/C,C/F,C/L,C/W"
V+J,human,TRAV34,TRAJ26,C/F,1.0,165,TRA,"C/C,C/F,C/L,C/W"
V+J,human,TRAV38-2/DV8,TRAJ9,C/F,1.0,164,TRA,"C/C,C/F,C/L,C/W"
V+J,human,TRAV34,TRAJ23,C/F,1.0,163,TRA,"C/C,C/F,C/L,C/W"
V+J,human,TRAV26-2,TRAJ12,C/F,1.0,163,TRA,"C/C,C/F,C/L,C/W"
V+J,human,TRAV17,TRAJ35,C/C,1.0,163,TRA,"C/C,C/F,C/L,C/W"
V+J,human,TRAV35,TRAJ57,C/F,1.0,163,TRA,"C/C,C/F,C/L,C/W"
V+J,human,TRAV41,TRAJ37,C/F,1.0,162,TRA,"C/C,C/F,C/L,C/W"
V+J,human,TRAV41,TRAJ41,C/F,1.0,162,TRA,"C/C,C/F,C/L,C/W"
V+J,human,TRAV24,TRAJ58,C/F,1.0,161,TRA,"C/C,C/F,C/L,C/W"
V+J,human,TRAV24,TRAJ4,C/F,1.0,161,TRA,"C/C,C/F,C/L,C/W"
V+J,human,TRAV2,TRAJ49,C/F,1.0,161,TRA,"C/C,C/F,C/L,C/W"
V+J,human,TRAV40,TRAJ34,C/F,1.0,160,TRA,"C/C,C/F,C/L,C/W"
V+J,human,TRAV1-1,TRAJ18,C/F,1.0,158,TRA,"C/C,C/F,C/L,C/W"
V+J,human,TRAV35,TRAJ39,C/F,1.0,158,TRA,"C/C,C/F,C/L,C/W"
V+J,human,TRAV38-2/DV8,TRAJ12,C/F,1.0,157,TRA,"C/C,C/F,C/L,C/W"
V+J,human,TRAV34,TRAJ30,C/F,1.0,154,TRA,"C/C,C/F,C/L,C/W"
V+J,human,TRAV34,TRAJ13,C/F,1.0,152,TRA,"C/C,C/F,C/L,C/W"
V+J,human,TRAV35,TRAJ26,C/F,1.0,152,TRA,"C/C,C/F,C/L,C/W"
V+J,human,TRAV39,TRAJ23,C/F,1.0,152,TRA,"C/C,C/F,C/L,C/W"
V+J,human,TRAV36/DV7,TRAJ21,C/F,1.0,151,TRA,"C/C,C/F,C/L,C/W"
V+J,human,TRAV10,TRAJ53,C/F,1.0,150,TRA,"C/C,C/F,C/L,C/W"
V+J,human,TRAV35,TRAJ33,C/W,1.0,150,TRA,"C/C,C/F,C/L,C/W"
V+J,human,TRAV5,TRAJ50,C/F,1.0,149,TRA,"C/C,C/F,C/L,C/W"
V+J,human,TRAV16,TRAJ7,C/F,1.0,148,TRA,"C/C,C/F,C/L,C/W"
V+J,human,TRAV39,TRAJ24,C/F,1.0,146,TRA,"C/C,C/F,C/L,C/W"
V+J,human,TRAV10,TRAJ22,C/F,1.0,146,TRA,"C/C,C/F,C/L,C/W"
V+J,human,TRAV24,TRAJ3,C/F,1.0,145,TRA,"C/C,C/F,C/L,C/W"
V+J,human,TRAV38-2/DV8,TRAJ11,C/F,1.0,145,TRA,"C/C,C/F,C/L,C/W"
V+J,human,TRAV35,TRAJ44,C/F,1.0,145,TRA,"C/C,C/F,C/L,C/W"
V+J,human,TRAV36/DV7,TRAJ17,C/F,1.0,143,TRA,"C/C,C/F,C/L,C/W"
V+J,human,TRAV36/DV7,TRAJ18,C/F,1.0,142,TRA,"C/C,C/F,C/L,C/W"
V+J,human,TRAV39,TRAJ21,C/F,1.0,141,TRA,"C/C,C/F,C/L,C/W"
V+J,human,TRAV8-1,TRAJ50,C/F,1.0,140,TRA,"C/C,C/F,C/L,C/W"
V+J,human,TRAV36/DV7,TRAJ13,C/F,1.0,140,TRA,"C/C,C/F,C/L,C/W"
V+J,human,TRAV4,TRAJ52,C/F,1.0,139,TRA,"C/C,C/F,C/L,C/W"
V+J,human,TRAV1-1,TRAJ38,C/W,1.0,137,TRA,"C/C,C/F,C/L,C/W"
V+J,human,TRAV34,TRAJ41,C/F,1.0,134,TRA,"C/C,C/F,C/L,C/W"
V+J,human,TRAV41,TRAJ56,C/F,1.0,133,TRA,"C/C,C/F,C/L,C/W"
V+J,human,TRAV3,TRAJ52,C/F,1.0,132,TRA,"C/C,C/F,C/L,C/W"
V+J,human,TRAV36/DV7,TRAJ15,C/F,1.0,131,TRA,"C/C,C/F,C/L,C/W"
V+J,human,TRAV26-1,TRAJ35,C/C,1.0,131,TRA,"C/C,C/F,C/L,C/W"
V+J,human,TRAV26-2,TRAJ8,C/F,1.0,130,TRA,"C/C,C/F,C/L,C/W"
V+J,human,TRAV30,TRAJ38,C/W,1.0,130,TRA,"C/C,C/F,C/L,C/W"
V+J,human,TRAV13-1,TRAJ46,C/F,1.0,130,TRA,"C/C,C/F,C/L,C/W"
V+J,human,TRAV39,TRAJ56,C/F,1.0,129,TRA,"C/C,C/F,C/L,C/W"
V+J,human,TRAV41,TRAJ18,C/F,1.0,129,TRA,"C/C,C/F,C/L,C/W"
V+J,human,TRAV35,TRAJ29,C/F,1.0,129,TRA,"C/C,C/F,C/L,C/W"
V+J,human,TRAV26-2,TRAJ11,C/F,1.0,128,TRA,"C/C,C/F,C/L,C/W"
V+J,human,TRAV35,TRAJ28,C/F,1.0,128,TRA,"C/C,C/F,C/L,C/W"
V+J,human,TRAV40,TRAJ43,C/F,1.0,128,TRA,"C/C,C/F,C/L,C/W"
V+J,mouse,TRAV19,TRAJ57,C/F,1.0,127,TRA,"C/C,C/F,C/L,C/W"
V+J,human,TRAV26-1,TRAJ7,C/F,1.0,127,TRA,"C/C,C/F,C/L,C/W"
V+J,human,TRAV41,TRAJ39,C/F,1.0,126,TRA,"C/C,C/F,C/L,C/W"
V+J,human,TRAV40,TRAJ33,C/W,1.0,125,TRA,"C/C,C/F,C/L,C/W"
V+J,human,TRAV39,TRAJ17,C/F,1.0,124,TRA,"C/C,C/F,C/L,C/W"
V+J,human,TRAV35,TRAJ30,C/F,1.0,124,TRA,"C/C,C/F,C/L,C/W"
V+J,mouse,TRAV3-3,TRAJ26,C/F,1.0,123,TRA,"C/C,C/F,C/L,C/W"
V+J,human,TRAV40,TRAJ40,C/F,1.0,123,TRA,"C/C,C/F,C/L,C/W"
V+J,human,TRAV1-1,TRAJ41,C/F,1.0,122,TRA,"C/C,C/F,C/L,C/W"
V+J,human,TRAV30,TRAJ27,C/F,1.0,121,TRA,"C/C,C/F,C/L,C/W"
V+J,human,TRAV39,TRAJ15,C/F,1.0,121,TRA,"C/C,C/F,C/L,C/W"
V+J,human,TRAV34,TRAJ36,C/F,1.0,120,TRA,"C/C,C/F,C/L,C/W"
V+J,human,TRAV34,TRAJ15,C/F,1.0,120,TRA,"C/C,C/F,C/L,C/W"
V+J,human,TRAV35,TRAJ38,C/W,1.0,120,TRA,"C/C,C/F,C/L,C/W"
V+J,human,TRAV35,TRAJ47,C/F,1.0,119,TRA,"C/C,C/F,C/L,C/W"
V+J,human,TRAV35,TRAJ41,C/F,1.0,118,TRA,"C/C,C/F,C/L,C/W"
V+J,human,TRAV1-1,TRAJ35,C/C,1.0,118,TRA,"C/C,C/F,C/L,C/W"
V+J,human,TRAV10,TRAJ5,C/F,1.0,117,TRA,"C/C,C/F,C/L,C/W"
V+J,human,TRAV4,TRAJ7,C/F,1.0,117,TRA,"C/C,C/F,C/L,C/W"
V+J,human,TRAV34,TRAJ32,C/F,1.0,116,TRA,"C/C,C/F,C/L,C/W"
V+J,human,TRAV34,TRAJ24,C/F,1.0,115,TRA,"C/C,C/F,C/L,C/W"
V+J,human,TRAV30,TRAJ21,C/F,1.0,115,TRA,"C/C,C/F,C/L,C/W"
V+J,human,TRAV30,TRAJ9,C/F,1.0,115,TRA,"C/C,C/F,C/L,C/W"
V+J,mouse,TRAV1,TRAJ21,C/F,1.0,114,TRA,"C/C,C/F,C/L,C/W"
V+J,human,TRAV10,TRAJ21,C/F,1.0,114,TRA,"C/C,C/F,C/L,C/W"
V+J,human,TRAV23/DV6,TRAJ56,C/F,1.0,114,TRA,"C/C,C/F,C/L,C/W"
V+J,human,TRAV34,TRAJ58,C/F,1.0,114,TRA,"C/C,C/F,C/L,C/W"
V+J,human,TRAV38-2/DV8,TRAJ10,C/F,1.0,113,TRA,"C/C,C/F,C/L,C/W"
V+J,human,TRAV39,TRAJ18,C/F,1.0,113,TRA,"C/C,C/F,C/L,C/W"
V+J,human,TRAV25,TRAJ7,C/F,1.0,112,TRA,"C/C,C/F,C/L,C/W"
V+J,human,TRAV39,TRAJ50,C/F,1.0,112,TRA,"C/C,C/F,C/L,C/W"
V+J,human,TRAV26-2,TRAJ10,C/F,1.0,111,TRA,"C/C,C/F,C/L,C/W"
V+J,human,TRAV1-1,TRAJ43,C/F,1.0,111,TRA,"C/C,C/F,C/L,C/W"
V+J,human,TRAV2,TRAJ48,C/F,1.0,111,TRA,"C/C,C/F,C/L,C/W"
V+J,human,TRAV17,TRAJ46,C/F,1.0,111,TRA,"C/C,C/F,C/L,C/W"
V+J,human,TRAV30,TRAJ35,C/C,1.0,110,TRA,"C/C,C/F,C/L,C/W"
V+J,human,TRAV8-3,TRAJ46,C/F,1.0,110,TRA,"C/C,C/F,C/L,C/W"
V+J,human,TRAV8-1,TRAJ54,C/F,1.0,108,TRA,"C/C,C/F,C/L,C/W"
V+J,human,TRAV40,TRAJ45,C/F,1.0,107,TRA,"C/C,C/F,C/L,C/W"
V+J,human,TRAV35,TRAJ56,C/F,1.0,107,TRA,"C/C,C/F,C/L,C/W"
V+J,human,TRAV12-2,TRAJ31,C/F,1.0,107,TRA,"C/C,C/F,C/L,C/W"
V+J,human,TRAV38-1,TRAJ16,C/F,1.0,105,TRA,"C/C,C/F,C/L,C/W"
V+J,human,TRAV35,TRAJ20,C/F,1.0,105,TRA,"C/C,C/F,C/L,C/W"
V+J,human,TRAV35,TRAJ22,C/F,1.0,105,TRA,"C/C,C/F,C/L,C/W"
V+J,human,TRAV5,TRAJ31,C/F,1.0,105,TRA,"C/C,C/F,C/L,C/W"
V+J,human,TRAV30,TRAJ12,C/F,1.0,104,TRA,"C/C,C/F,C/L,C/W"
V+J,human,TRAV38-1,TRAJ35,C/C,1.0,104,TRA,"C/C,C/F,C/L,C/W"
V+J,human,TRAV35,TRAJ34,C/F,1.0,103,TRA,"C/C,C/F,C/L,C/W"
V+J,human,TRAV30,TRAJ6,C/F,1.0,102,TRA,"C/C,C/F,C/L,C/W"
V+J,human,TRAV41,TRAJ21,C/F,1.0,101,TRA,"C/C,C/F,C/L,C/W"
V+J,human,TRAV39,TRAJ38,C/W,1.0,101,TRA,"C/C,C/F,C/L,C/W"
V+J,human,TRAV8-3,TRAJ58,C/F,1.0,100,TRA,"C/C,C/F,C/L,C/W"
V+J,human,TRAV35,TRAJ27,C/F,1.0,100,TRA,"C/C,C/F,C/L,C/W"
V+J,human,TRAV12-1,TRAJ46,C/F,1.0,99,TRA,"C/C,C/F,C/L,C/W"
V+J,human,TRAV38-1,TRAJ11,C/F,1.0,99,TRA,"C/C,C/F,C/L,C/W"
V+J,human,TRAV36/DV7,TRAJ35,C/C,1.0,99,TRA,"C/C,C/F,C/L,C/W"
V+J,human,TRAV30,TRAJ4,C/F,1.0,99,TRA,"C/C,C/F,C/L,C/W"
V+J,human,TRAV38-1,TRAJ12,C/F,1.0,98,TRA,"C/C,C/F,C/L,C/W"
V+J,human,TRAV38-1,TRAJ18,C/F,1.0,97,TRA,"C/C,C/F,C/L,C/W"
V+J,human,TRAV12-1,TRAJ57,C/F,1.0,95,TRA,"C/C,C/F,C/L,C/W"
V+J,human,TRAV4,TRAJ35,C/C,1.0,94,TRA,"C/C,C/F,C/L,C/W"
V+J,human,TRAV23/DV6,TRAJ7,C/F,1.0,93,TRA,"C/C,C/F,C/L,C/W"
V+J,human,TRAV34,TRAJ21,C/F,1.0,93,TRA,"C/C,C/F,C/L,C/W"
V+J,human,TRAV35,TRAJ50,C/F,1.0,93,TRA,"C/C,C/F,C/L,C/W"
V+J,human,TRAV24,TRAJ7,C/F,1.0,92,TRA,"C/C,C/F,C/L,C/W"
V+J,human,TRAV35,TRAJ23,C/F,1.0,92,TRA,"C/C,C/F,C/L,C/W"
V+J,human,TRAV26-2,TRAJ5,C/F,1.0,92,TRA,"C/C,C/F,C/L,C/W"
V+J,human,TRAV30,TRAJ8,C/F,1.0,91,TRA,"C/C,C/F,C/L,C/W"
V+J,human,TRAV26-2,TRAJ4,C/F,1.0,90,TRA,"C/C,C/F,C/L,C/W"
V+J,human,TRAV38-1,TRAJ10,C/F,1.0,90,TRA,"C/C,C/F,C/L,C/W"
V+J,human,TRAV34,TRAJ27,C/F,1.0,90,TRA,"C/C,C/F,C/L,C/W"
V+J,human,TRAV39,TRAJ36,C/F,1.0,89,TRA,"C/C,C/F,C/L,C/W"
V+J,human,TRAV3,TRAJ50,C/F,1.0,89,TRA,"C/C,C/F,C/L,C/W"
V+J,human,TRAV36/DV7,TRAJ10,C/F,1.0,89,TRA,"C/C,C/F,C/L,C/W"
V+J,human,TRAV1-1,TRAJ44,C/F,1.0,87,TRA,"C/C,C/F,C/L,C/W"
V+J,human,TRAV40,TRAJ47,C/F,1.0,86,TRA,"C/C,C/F,C/L,C/W"
V+J,human,TRAV26-2,TRAJ6,C/F,1.0,85,TRA,"C/C,C/F,C/L,C/W"
V+J,human,TRAV41,TRAJ46,C/F,1.0,85,TRA,"C/C,C/F,C/L,C/W"
V+J,human,TRAV40,TRAJ58,C/F,1.0,85,TRA,"C/C,C/F,C/L,C/W"
V+J,human,TRAV38-2/DV8,TRAJ5,C/F,1.0,84,TRA,"C/C,C/F,C/L,C/W"
V+J,human,TRAV34,TRAJ38,C/W,1.0,84,TRA,"C/C,C/F,C/L,C/W"
V+J,human,TRAV36/DV7,TRAJ16,C/F,1.0,84,TRA,"C/C,C/F,C/L,C/W"
V+J,human,TRAV35,TRAJ32,C/F,1.0,84,TRA,"C/C,C/F,C/L,C/W"
V+J,human,TRAV5,TRAJ53,C/F,1.0,83,TRA,"C/C,C/F,C/L,C/W"
V+J,human,TRAV39,TRAJ13,C/F,1.0,83,TRA,"C/C,C/F,C/L,C/W"
V+J,mouse,TRAV4D-4,TRAJ12,C/F,1.0,81,TRA,"C/C,C/F,C/L,C/W"
V+J,human,TRAV38-2/DV8,TRAJ8,C/F,1.0,81,TRA,"C/C,C/F,C/L,C/W"
V+J,human,TRAV21,TRAJ46,C/F,1.0,80,TRA,"C/C,C/F,C/L,C/W"
V+J,human,TRAV35,TRAJ24,C/F,1.0,80,TRA,"C/C,C/F,C/L,C/W"
V+J,human,TRAV36/DV7,TRAJ9,C/F,1.0,79,TRA,"C/C,C/F,C/L,C/W"
V+J,human,TRAV34,TRAJ56,C/F,1.0,79,TRA,"C/C,C/F,C/L,C/W"
V+J,human,TRAV1-1,TRAJ45,C/F,1.0,78,TRA,"C/C,C/F,C/L,C/W"
V+J,human,TRAV6,TRAJ53,C/F,1.0,77,TRA,"C/C,C/F,C/L,C/W"
V+J,human,TRAV38-1,TRAJ9,C/F,1.0,77,TRA,"C/C,C/F,C/L,C/W"
V+J,human,TRAV26-2,TRAJ35,C/C,1.0,77,TRA,"C/C,C/F,C/L,C/W"
V+J,human,TRAV30,TRAJ11,C/F,1.0,76,TRA,"C/C,C/F,C/L,C/W"
V+J,human,TRAV38-1,TRAJ8,C/F,1.0,76,TRA,"C/C,C/F,C/L,C/W"
V+J,human,TRAV34,TRAJ50,C/F,1.0,76,TRA,"C/C,C/F,C/L,C/W"
V+J,human,TRAV30,TRAJ5,C/F,1.0,76,TRA,"C/C,C/F,C/L,C/W"
V+J,human,TRAV1-2,TRAJ48,C/F,1.0,76,TRA,"C/C,C/F,C/L,C/W"
V+J,human,TRAV41,TRAJ27,C/F,1.0,75,TRA,"C/C,C/F,C/L,C/W"
V+J,human,TRAV41,TRAJ23,C/F,1.0,75,TRA,"C/C,C/F,C/L,C/W"
V+J,human,TRAV9-2,TRAJ46,C/F,1.0,75,TRA,"C/C,C/F,C/L,C/W"
V+J,human,TRAV26-1,TRAJ46,C/F,1.0,75,TRA,"C/C,C/F,C/L,C/W"
V+J,human,TRAV39,TRAJ16,C/F,1.0,74,TRA,"C/C,C/F,C/L,C/W"
V+J,human,TRAV1-2,TRAJ31,C/F,1.0,73,TRA,"C/C,C/F,C/L,C/W"
V+J,human,TRAV34,TRAJ18,C/F,1.0,72,TRA,"C/C,C/F,C/L,C/W"
V+J,human,TRAV1-2,TRAJ49,C/F,1.0,72,TRA,"C/C,C/F,C/L,C/W"
V+J,human,TRAV38-2/DV8,TRAJ4,C/F,1.0,70,TRA,"C/C,C/F,C/L,C/W"
V+J,human,TRAV30,TRAJ3,C/F,1.0,70,TRA,"C/C,C/F,C/L,C/W"
V+J,human,TRAV8-4,TRAJ46,C/F,1.0,70,TRA,"C/C,C/F,C/L,C/W"
V+J,human,TRAV40,TRAJ57,C/F,1.0,70,TRA,"C/C,C/F,C/L,C/W"
V+J,human,TRAV34,TRAJ17,C/F,1.0,70,TRA,"C/C,C/F,C/L,C/W"
V+J,human,TRAV30,TRAJ16,C/F,1.0,70,TRA,"C/C,C/F,C/L,C/W"
V+J,human,TRAV41,TRAJ13,C/F,1.0,69,TRA,"C/C,C/F,C/L,C/W"
V+J,mouse,TRAV9D-3,TRAJ12,C/F,1.0,67,TRA,"C/C,C/F,C/L,C/W"
V+J,human,TRAV40,TRAJ56,C/F,1.0,67,TRA,"C/C,C/F,C/L,C/W"
V+J,human,TRAV10,TRAJ54,C/F,1.0,67,TRA,"C/C,C/F,C/L,C/W"
V+J,human,TRAV34,TRAJ9,C/F,1.0,67,TRA,"C/C,C/F,C/L,C/W"
V+J,human,TRAV8-2,TRAJ7,C/F,1.0,67,TRA,"C/C,C/F,C/L,C/W"
V+J,human,TRAV38-1,TRAJ46,C/F,1.0,66,TRA,"C/C,C/F,C/L,C/W"
V+J,human,TRAV12-2,TRAJ46,C/F,1.0,65,TRA,"C/C,C/F,C/L,C/W"
V+J,human,TRAV35,TRAJ36,C/F,1.0,65,TRA,"C/C,C/F,C/L,C/W"
V+J,human,TRAV26-2,TRAJ16,C/F,1.0,64,TRA,"C/C,C/F,C/L,C/W"
V+J,human,TRAV26-2,TRAJ3,C/F,1.0,63,TRA,"C/C,C/F,C/L,C/W"
V+J,human,TRAV36/DV7,TRAJ11,C/F,1.0,63,TRA,"C/C,C/F,C/L,C/W"
V+J,human,TRAV12-3,TRAJ46,C/F,1.0,63,TRA,"C/C,C/F,C/L,C/W"
V+J,mouse,TRAV6-6,TRAJ31,C/F,1.0,62,TRA,"C/C,C/F,C/L,C/W"
V+J,human,TRAV3,TRAJ53,C/F,1.0,62,TRA,"C/C,C/F,C/L,C/W"
V+J,human,TRAV2,TRAJ7,C/F,1.0,62,TRA,"C/C,C/F,C/L,C/W"
V+J,human,TRAV8-2,TRAJ35,C/C,1.0,61,TRA,"C/C,C/F,C/L,C/W"
V+J,human,TRAV41,TRAJ24,C/F,1.0,61,TRA,"C/C,C/F,C/L,C/W"
V+J,mouse,TRAV10,TRAJ31,C/F,1.0,60,TRA,"C/C,C/F,C/L,C/W"
V+J,human,TRAV6,TRAJ50,C/F,1.0,60,TRA,"C/C,C/F,C/L,C/W"
V+J,human,TRAV12-1,TRAJ31,C/F,1.0,60,TRA,"C/C,C/F,C/L,C/W"
V+J,mouse,TRAV5-1,TRAJ42,C/F,1.0,59,TRA,"C/C,C/F,C/L,C/W"
V+J,human,TRAV41,TRAJ20,C/F,1.0,59,TRA,"C/C,C/F,C/L,C/W"
V+J,human,TRAV40,TRAJ44,C/F,1.0,59,TRA,"C/C,C/F,C/L,C/W"
V+J,mouse,TRAV3D-3,TRAJ22,C/F,1.0,58,TRA,"C/C,C/F,C/L,C/W"
V+J,human,TRAV35,TRAJ21,C/F,1.0,58,TRA,"C/C,C/F,C/L,C/W"
V+J,mouse,TRAV7-2,TRAJ31,C/F,1.0,57,TRA,"C/C,C/F,C/L,C/W"
V+J,mouse,TRAV13-1,TRAJ31,C/F,1.0,57,TRA,"C/C,C/F,C/L,C/W"
V+J,mouse,TRAV3D-3,TRAJ26,C/F,1.0,57,TRA,"C/C,C/F,C/L,C/W"
V+J,human,TRAV34,TRAJ10,C/F,1.0,57,TRA,"C/C,C/F,C/L,C/W"
V+J,human,TRAV23/DV6,TRAJ46,C/F,1.0,57,TRA,"C/C,C/F,C/L,C/W"
V+J,human,TRAV26-2,TRAJ46,C/F,1.0,57,TRA,"C/C,C/F,C/L,C/W"
V+J,human,TRAV19,TRAJ46,C/F,1.0,57,TRA,"C/C,C/F,C/L,C/W"
V+J,human,TRAV35,TRAJ17,C/F,1.0,57,TRA,"C/C,C/F,C/L,C/W"
V+J,mouse,TRAV12D-2,TRAJ21,C/F,1.0,56,TRA,"C/C,C/F,C/L,C/W"
V+J,mouse,TRAV3D-3,TRAJ7,C/L,1.0,56,TRA,"C/C,C/F,C/L,C/W"
V+J,mouse,TRAV13-1,TRAJ49,C/F,1.0,56,TRA,"C/C,C/F,C/L,C/W"
V+J,human,TRAV34,TRAJ16,C/F,1.0,56,TRA,"C/C,C/F,C/L,C/W"
V+J,mouse,TRAV6-6,TRAJ37,C/F,1.0,55,TRA,"C/C,C/F,C/L,C/W"
V+J,human,TRAV36/DV7,TRAJ6,C/F,1.0,54,TRA,"C/C,C/F,C/L,C/W"
V+J,human,TRAV38-1,TRAJ4,C/F,1.0,54,TRA,"C/C,C/F,C/L,C/W"
V+J,human,TRAV40,TRAJ32,C/F,1.0,54,TRA,"C/C,C/F,C/L,C/W"
V+J,human,TRAV29/DV5,TRAJ31,C/F,1.0,54,TRA,"C/C,C/F,C/L,C/W"
V+J,human,TRAV40,TRAJ54,C/F,1.0,53,TRA,"C/C,C/F,C/L,C/W"
V+J,mouse,TRAV13-1,TRAJ39,C/F,1.0,52,TRA,"C/C,C/F,C/L,C/W"
V+J,mouse,TRAV6-6,TRAJ30,C/F,1.0,52,TRA,"C/C,C/F,C/L,C/W"
V+J,human,TRAV38-2/DV8,TRAJ6,C/F,1.0,52,TRA,"C/C,C/F,C/L,C/W"
V+J,mouse,TRAV6-6,TRAJ26,C/F,1.0,51,TRA,"C/C,C/F,C/L,C/W"
V+J,mouse,TRAV9-1,TRAJ31,C/F,1.0,51,TRA,"C/C,C/F,C/L,C/W"
V+J,mouse,TRAV16,TRAJ49,C/F,1.0,51,TRA,"C/C,C/F,C/L,C/W"
V+J,human,TRAV36/DV7,TRAJ46,C/F,1.0,51,TRA,"C/C,C/F,C/L,C/W"
V+J,mouse,TRAV21/DV12,TRAJ57,C/F,1.0,50,TRA,"C/C,C/F,C/L,C/W"
V+J,mouse,TRAV12D-2,TRAJ22,C/F,1.0,50,TRA,"C/C,C/F,C/L,C/W"
V+J,mouse,TRAV4D-4,TRAJ22,C/F,1.0,50,TRA,"C/C,C/F,C/L,C/W"
V+J,mouse,TRAV12D-3,TRAJ12,C/F,1.0,50,TRA,"C/C,C/F,C/L,C/W"
V+J,mouse,TRAV21/DV12,TRAJ58,C/F,1.0,50,TRA,"C/C,C/F,C/L,C/W"
V+J,human,TRAV3,TRAJ31,C/F,1.0,50,TRA,"C/C,C/F,C/L,C/W"
V+J,mouse,TRAV12-1,TRAJ7,C/L,1.0,49,TRA,"C/C,C/F,C/L,C/W"
V+J,mouse,TRAV14D-3/DV8,TRAJ22,C/F,1.0,49,TRA,"C/C,C/F,C/L,C/W"
V+J,human,TRAV36/DV7,TRAJ12,C/F,1.0,49,TRA,"C/C,C/F,C/L,C/W"
V+J,human,TRAV34,TRAJ35,C/C,1.0,48,TRA,"C/C,C/F,C/L,C/W"
V+J,human,TRAV30,TRAJ7,C/F,1.0,48,TRA,"C/C,C/F,C/L,C/W"
V+J,human,TRAV34,TRAJ3,C/F,1.0,48,TRA,"C/C,C/F,C/L,C/W"
V+J,mouse,TRAV4-4/DV10,TRAJ49,C/F,1.0,47,TRA,"C/C,C/F,C/L,C/W"
V+J,mouse,TRAV14-2,TRAJ22,C/F,1.0,47,TRA,"C/C,C/F,C/L,C/W"
V+J,mouse,TRAV21/DV12,TRAJ56,C/F,1.0,47,TRA,"C/C,C/F,C/L,C/W"
V+J,mouse,TRAV19,TRAJ56,C/F,1.0,47,TRA,"C/C,C/F,C/L,C/W"
V+J,mouse,TRAV6-6,TRAJ34,C/F,1.0,47,TRA,"C/C,C/F,C/L,C/W"
V+J,mouse,TRAV8D-2,TRAJ5,C/F,1.0,47,TRA,"C/C,C/F,C/L,C/W"
V+J,mouse,TRAV3-3,TRAJ40,C/F,1.0,46,TRA,"C/C,C/F,C/L,C/W"
V+J,mouse,TRAV5-4,TRAJ49,C/F,1.0,46,TRA,"C/C,C/F,C/L,C/W"
V+J,mouse,TRAV14-3,TRAJ57,C/F,1.0,46,TRA,"C/C,C/F,C/L,C/W"
V+J,mouse,TRAV9-4,TRAJ31,C/F,1.0,46,TRA,"C/C,C/F,C/L,C/W"
V+J,human,TRAV3,TRAJ46,C/F,1.0,46,TRA,"C/C,C/F,C/L,C/W"
V+J,human,TRAV39,TRAJ9,C/F,1.0,46,TRA,"C/C,C/F,C/L,C/W"
V+J,mouse,TRAV4-4/DV10,TRAJ40,C/F,1.0,45,TRA,"C/C,C/F,C/L,C/W"
V+J,mouse,TRAV7-4,TRAJ26,C/F,1.0,45,TRA,"C/C,C/F,C/L,C/W"
V+J,mouse,TRAV16N,TRAJ23,C/F,1.0,45,TRA,"C/C,C/F,C/L,C/W"
V+J,mouse,TRAV12D-2,TRAJ12,C/F,1.0,45,TRA,"C/C,C/F,C/L,C/W"
V+J,human,TRAV36/DV7,TRAJ8,C/F,1.0,45,TRA,"C/C,C/F,C/L,C/W"
V+J,human,TRAV1-1,TRAJ47,C/F,1.0,45,TRA,"C/C,C/F,C/L,C/W"
V+J,human,TRAV8-4,TRAJ35,C/C,1.0,45,TRA,"C/C,C/F,C/L,C/W"
V+J,mouse,TRAV12-2,TRAJ31,C/F,1.0,44,TRA,"C/C,C/F,C/L,C/W"
V+J,mouse,TRAV7-4,TRAJ31,C/F,1.0,43,TRA,"C/C,C/F,C/L,C/W"
V+J,mouse,TRAV19,TRAJ58,C/F,1.0,43,TRA,"C/C,C/F,C/L,C/W"
V+J,mouse,TRAV9D-3,TRAJ9,C/F,1.0,43,TRA,"C/C,C/F,C/L,C/W"
V+J,mouse,TRAV7-2,TRAJ22,C/F,1.0,43,TRA,"C/C,C/F,C/L,C/W"
V+J,mouse,TRAV9D-3,TRAJ26,C/F,1.0,43,TRA,"C/C,C/F,C/L,C/W"
V+J,human,TRAV3,TRAJ54,C/F,1.0,43,TRA,"C/C,C/F,C/L,C/W"
V+J,human,TRAV34,TRAJ8,C/F,1.0,43,TRA,"C/C,C/F,C/L,C/W"
V+J,human,TRAV39,TRAJ12,C/F,1.0,43,TRA,"C/C,C/F,C/L,C/W"
V+J,human,TRAV41,TRAJ36,C/F,1.0,42,TRA,"C/C,C/F,C/L,C/W"
V+J,mouse,TRAV5-1,TRAJ45,C/F,1.0,42,TRA,"C/C,C/F,C/L,C/W"
V+J,mouse,TRAV12D-3,TRAJ22,C/F,1.0,41,TRA,"C/C,C/F,C/L,C/W"
V+J,mouse,TRAV6-6,TRAJ22,C/F,1.0,41,TRA,"C/C,C/F,C/L,C/W"
V+J,mouse,TRAV3D-3,TRAJ12,C/F,1.0,41,TRA,"C/C,C/F,C/L,C/W"
V+J,mouse,TRAV9-4,TRAJ40,C/F,1.0,41,TRA,"C/C,C/F,C/L,C/W"
V+J,human,TRAV4,TRAJ53,C/F,1.0,41,TRA,"C/C,C/F,C/L,C/W"
V+J,human,TRAV35,TRAJ15,C/F,1.0,41,TRA,"C/C,C/F,C/L,C/W"
V+J,mouse,TRAV13-1,TRAJ37,C/F,1.0,40,TRA,"C/C,C/F,C/L,C/W"
V+J,mouse,TRAV6-6,TRAJ23,C/F,1.0,40,TRA,"C/C,C/F,C/L,C/W"
V+J,mouse,TRAV9-1,TRAJ23,C/F,1.0,40,TRA,"C/C,C/F,C/L,C/W"
V+J,mouse,TRAV3D-3,TRAJ21,C/F,1.0,40,TRA,"C/C,C/F,C/L,C/W"
V+J,mouse,TRAV16,TRAJ53,C/F,1.0,40,TRA,"C/C,C/F,C/L,C/W"
V+J,mouse,TRAV8-1,TRAJ22,C/F,1.0,40,TRA,"C/C,C/F,C/L,C/W"
V+J,human,TRAV12-1,TRAJ58,C/F,1.0,40,TRA,"C/C,C/F,C/L,C/W"
V+J,human,TRAV27,TRAJ46,C/F,1.0,40,TRA,"C/C,C/F,C/L,C/W"
V+J,human,TRAV30,TRAJ56,C/F,1.0,40,TRA,"C/C,C/F,C/L,C/W"
V+J,mouse,TRAV13-1,TRAJ30,C/F,1.0,39,TRA,"C/C,C/F,C/L,C/W"
V+J,mouse,TRAV7-2,TRAJ27,C/F,1.0,39,TRA,"C/C,C/F,C/L,C/W"
V+J,mouse,TRAV12D-3,TRAJ23,C/F,1.0,39,TRA,"C/C,C/F,C/L,C/W"
V+J,mouse,TRAV6D-7,TRAJ22,C/F,1.0,39,TRA,"C/C,C/F,C/L,C/W"
V+J,mouse,TRAV12D-3,TRAJ9,C/F,1.0,39,TRA,"C/C,C/F,C/L,C/W"
V+J,mouse,TRAV14-3,TRAJ49,C/F,1.0,39,TRA,"C/C,C/F,C/L,C/W"
V+J,mouse,TRAV9-1,TRAJ22,C/F,1.0,39,TRA,"C/C,C/F,C/L,C/W"
V+J,mouse,TRAV5-1,TRAJ31,C/F,1.0,39,TRA,"C/C,C/F,C/L,C/W"
V+J,mouse,TRAV16N,TRAJ22,C/F,1.0,39,TRA,"C/C,C/F,C/L,C/W"
V+J,mouse,TRAV9D-3,TRAJ21,C/F,1.0,39,TRA,"C/C,C/F,C/L,C/W"
V+J,human,TRAV4,TRAJ50,C/F,1.0,39,TRA,"C/C,C/F,C/L,C/W"
V+J,human,TRAV40,TRAJ28,C/F,1.0,39,TRA,"C/C,C/F,C/L,C/W"
V+J,human,TRAV34,TRAJ4,C/F,1.0,39,TRA,"C/C,C/F,C/L,C/W"
V+J,human,TRAV8-1,TRAJ46,C/F,1.0,39,TRA,"C/C,C/F,C/L,C/W"
V+J,human,TRAV38-1,TRAJ6,C/F,1.0,39,TRA,"C/C,C/F,C/L,C/W"
V+J,mouse,TRAV6-7/DV9,TRAJ49,C/F,1.0,38,TRA,"C/C,C/F,C/L,C/W"
V+J,mouse,TRAV13-1,TRAJ22,C/F,1.0,38,TRA,"C/C,C/F,C/L,C/W"
V+J,mouse,TRAV4-4/DV10,TRAJ50,C/F,1.0,38,TRA,"C/C,C/F,C/L,C/W"
V+J,mouse,TRAV12D-2,TRAJ4,C/F,1.0,38,TRA,"C/C,C/F,C/L,C/W"
V+J,mouse,TRAV7-3,TRAJ26,C/F,1.0,38,TRA,"C/C,C/F,C/L,C/W"
V+J,mouse,TRAV16,TRAJ45,C/F,1.0,38,TRA,"C/C,C/F,C/L,C/W"
V+J,human,TRAV36/DV7,TRAJ4,C/F,1.0,38,TRA,"C/C,C/F,C/L,C/W"
V+J,human,TRAV34,TRAJ6,C/F,1.0,38,TRA,"C/C,C/F,C/L,C/W"
V+J,human,TRAV39,TRAJ11,C/F,1.0,38,TRA,"C/C,C/F,C/L,C/W"
V+J,human,TRAV40,TRAJ27,C/F,1.0,38,TRA,"C/C,C/F,C/L,C/W"
V+J,human,TRAV17,TRAJ31,C/F,1.0,38,TRA,"C/C,C/F,C/L,C/W"
V+J,mouse,TRAV12-2,TRAJ42,C/F,1.0,37,TRA,"C/C,C/F,C/L,C/W"
V+J,mouse,TRAV12-1,TRAJ49,C/F,1.0,37,TRA,"C/C,C/F,C/L,C/W"
V+J,mouse,TRAV6D-7,TRAJ30,C/F,1.0,37,TRA,"C/C,C/F,C/L,C/W"
V+J,mouse,TRAV12-2,TRAJ32,C/F,1.0,37,TRA,"C/C,C/F,C/L,C/W"
V+J,mouse,TRAV3-3,TRAJ33,C/W,1.0,37,TRA,"C/C,C/F,C/L,C/W"
V+J,human,TRAV34,TRAJ5,C/F,1.0,37,TRA,"C/C,C/F,C/L,C/W"
V+J,human,TRAV39,TRAJ46,C/F,1.0,37,TRA,"C/C,C/F,C/L,C/W"
V+J,human,TRAV34,TRAJ12,C/F,1.0,37,TRA,"C/C,C/F,C/L,C/W"
V+J,human,TRAV40,TRAJ52,C/F,1.0,37,TRA,"C/C,C/F,C/L,C/W"
V+J,mouse,TRAV10,TRAJ26,C/F,1.0,36,TRA,"C/C,C/F,C/L,C/W"
V+J,mouse,TRAV6-6,TRAJ49,C/F,1.0,36,TRA,"C/C,C/F,C/L,C/W"
V+J,mouse,TRAV3-3,TRAJ31,C/F,1.0,36,TRA,"C/C,C/F,C/L,C/W"
V+J,mouse,TRAV13-1,TRAJ33,C/W,1.0,36,TRA,"C/C,C/F,C/L,C/W"
V+J,mouse,TRAV8D-2,TRAJ12,C/F,1.0,36,TRA,"C/C,C/F,C/L,C/W"
V+J,mouse,TRAV13-1,TRAJ42,C/F,1.0,36,TRA,"C/C,C/F,C/L,C/W"
V+J,mouse,TRAV9D-3,TRAJ15,C/F,1.0,36,TRA,"C/C,C/F,C/L,C/W"
V+J,mouse,TRAV13-1,TRAJ34,C/F,1.0,36,TRA,"C/C,C/F,C/L,C/W"
V+J,human,TRAV36/DV7,TRAJ7,C/F,1.0,36,TRA,"C/C,C/F,C/L,C/W"
V+J,human,TRAV40,TRAJ39,C/F,1.0,36,TRA,"C/C,C/F,C/L,C/W"
V+J,human,TRAV21,TRAJ31,C/F,1.0,36,TRA,"C/C,C/F,C/L,C/W"
V+J,mouse,TRAV6-6,TRAJ27,C/F,1.0,35,TRA,"C/C,C/F,C/L,C/W"
V+J,mouse,TRAV6-6,TRAJ40,C/F,1.0,35,TRA,"C/C,C/F,C/L,C/W"
V+J,mouse,TRAV12D-3,TRAJ15,C/F,1.0,35,TRA,"C/C,C/F,C/L,C/W"
V+J,mouse,TRAV3D-3,TRAJ27,C/F,1.0,35,TRA,"C/C,C/F,C/L,C/W"
V+J,mouse,TRAV3-3,TRAJ49,C/F,1.0,35,TRA,"C/C,C/F,C/L,C/W"
V+J,mouse,TRAV12D-2,TRAJ7,C/L,1.0,35,TRA,"C/C,C/F,C/L,C/W"
V+J,mouse,TRAV12-2,TRAJ39,C/F,1.0,35,TRA,"C/C,C/F,C/L,C/W"
V+J,mouse,TRAV6D-7,TRAJ9,C/F,1.0,35,TRA,"C/C,C/F,C/L,C/W"
V+J,mouse,TRAV6-7/DV9,TRAJ33,C/W,1.0,35,TRA,"C/C,C/F,C/L,C/W"
V+J,mouse,TRAV14-2,TRAJ37,C/F,1.0,35,TRA,"C/C,C/F,C/L,C/W"
V+J,mouse,TRAV7-5,TRAJ31,C/F,1.0,35,TRA,"C/C,C/F,C/L,C/W"
V+J,human,TRAV34,TRAJ11,C/F,1.0,35,TRA,"C/C,C/F,C/L,C/W"
V+J,human,TRAV5,TRAJ54,C/F,1.0,35,TRA,"C/C,C/F,C/L,C/W"
V+J,human,TRAV38-1,TRAJ5,C/F,1.0,35,TRA,"C/C,C/F,C/L,C/W"
V+J,human,TRAV8-2,TRAJ57,C/F,1.0,35,TRA,"C/C,C/F,C/L,C/W"
V+J,human,TRAV38-2/DV8,TRAJ3,C/F,1.0,35,TRA,"C/C,C/F,C/L,C/W"
V+J,human,TRAV1-1,TRAJ7,C/F,1.0,35,TRA,"C/C,C/F,C/L,C/W"
V+J,mouse,TRAV14D-3/DV8,TRAJ31,C/F,1.0,34,TRA,"C/C,C/F,C/L,C/W"
V+J,mouse,TRAV7-2,TRAJ37,C/F,1.0,34,TRA,"C/C,C/F,C/L,C/W"
V+J,mouse,TRAV14-3,TRAJ56,C/F,1.0,34,TRA,"C/C,C/F,C/L,C/W"
V+J,mouse,TRAV12D-3,TRAJ26,C/F,1.0,34,TRA,"C/C,C/F,C/L,C/W"
V+J,mouse,TRAV13-1,TRAJ32,C/F,1.0,34,TRA,"C/C,C/F,C/L,C/W"
V+J,mouse,TRAV3-3,TRAJ34,C/F,1.0,34,TRA,"C/C,C/F,C/L,C/W"
V+J,mouse,TRAV3D-3,TRAJ23,C/F,1.0,34,TRA,"C/C,C/F,C/L,C/W"
V+J,mouse,TRAV16N,TRAJ42,C/F,1.0,34,TRA,"C/C,C/F,C/L,C/W"
V+J,mouse,TRAV13-1,TRAJ27,C/F,1.0,34,TRA,"C/C,C/F,C/L,C/W"
V+J,mouse,TRAV13-1,TRAJ26,C/F,1.0,34,TRA,"C/C,C/F,C/L,C/W"
V+J,mouse,TRAV16,TRAJ50,C/F,1.0,34,TRA,"C/C,C/F,C/L,C/W"
V+J,human,TRAV4,TRAJ46,C/F,1.0,34,TRA,"C/C,C/F,C/L,C/W"
V+J,human,TRAV4,TRAJ54,C/F,1.0,34,TRA,"C/C,C/F,C/L,C/W"
V+J,human,TRAV8-6,TRAJ46,C/F,1.0,34,TRA,"C/C,C/F,C/L,C/W"
V+J,mouse,TRAV9D-3,TRAJ22,C/F,1.0,33,TRA,"C/C,C/F,C/L,C/W"
V+J,mouse,TRAV5-4,TRAJ52,C/F,1.0,33,TRA,"C/C,C/F,C/L,C/W"
V+J,mouse,TRAV9-1,TRAJ26,C/F,1.0,33,TRA,"C/C,C/F,C/L,C/W"
V+J,mouse,TRAV6D-7,TRAJ40,C/F,1.0,33,TRA,"C/C,C/F,C/L,C/W"
V+J,mouse,TRAV9D-3,TRAJ23,C/F,1.0,33,TRA,"C/C,C/F,C/L,C/W"
V+J,mouse,TRAV7-2,TRAJ12,C/F,1.0,33,TRA,"C/C,C/F,C/L,C/W"
V+J,mouse,TRAV9D-3,TRAJ7,C/L,1.0,33,TRA,"C/C,C/F,C/L,C/W"
V+J,mouse,TRAV16N,TRAJ26,C/F,1.0,33,TRA,"C/C,C/F,C/L,C/W"
V+J,human,TRAV24,TRAJ56,C/F,1.0,33,TRA,"C/C,C/F,C/L,C/W"
V+J,mouse,TRAV9N-4,TRAJ31,C/F,1.0,32,TRA,"C/C,C/F,C/L,C/W"
V+J,mouse,TRAV7-4,TRAJ22,C/F,1.0,32,TRA,"C/C,C/F,C/L,C/W"
V+J,mouse,TRAV5-4,TRAJ56,C/F,1.0,32,TRA,"C/C,C/F,C/L,C/W"
V+J,mouse,TRAV16N,TRAJ21,C/F,1.0,32,TRA,"C/C,C/F,C/L,C/W"
V+J,mouse,TRAV6D-6,TRAJ53,C/F,1.0,32,TRA,"C/C,C/F,C/L,C/W"
V+J,human,TRAV39,TRAJ10,C/F,1.0,32,TRA,"C/C,C/F,C/L,C/W"
V+J,mouse,TRAV3D-3,TRAJ15,C/F,1.0,31,TRA,"C/C,C/F,C/L,C/W"
V+J,mouse,TRAV10,TRAJ23,C/F,1.0,31,TRA,"C/C,C/F,C/L,C/W"
V+J,mouse,TRAV12D-2,TRAJ15,C/F,1.0,31,TRA,"C/C,C/F,C/L,C/W"
V+J,mouse,TRAV12-2,TRAJ34,C/F,1.0,31,TRA,"C/C,C/F,C/L,C/W"
V+J,mouse,TRAV12-2,TRAJ22,C/F,1.0,31,TRA,"C/C,C/F,C/L,C/W"
V+J,mouse,TRAV7-2,TRAJ30,C/F,1.0,31,TRA,"C/C,C/F,C/L,C/W"
V+J,mouse,TRAV12-2,TRAJ37,C/F,1.0,31,TRA,"C/C,C/F,C/L,C/W"
V+J,mouse,TRAV6D-7,TRAJ15,C/F,1.0,31,TRA,"C/C,C/F,C/L,C/W"
V+J,mouse,TRAV9D-3,TRAJ6,C/F,1.0,31,TRA,"C/C,C/F,C/L,C/W"
V+J,mouse,TRAV12-2,TRAJ58,C/F,1.0,31,TRA,"C/C,C/F,C/L,C/W"
V+J,mouse,TRAV3D-3,TRAJ6,C/F,1.0,31,TRA,"C/C,C/F,C/L,C/W"
V+J,mouse,TRAV7-4,TRAJ49,C/F,1.0,31,TRA,"C/C,C/F,C/L,C/W"
V+J,mouse,TRAV9-1,TRAJ32,C/F,1.0,31,TRA,"C/C,C/F,C/L,C/W"
V+J,mouse,TRAV16,TRAJ57,C/F,1.0,31,TRA,"C/C,C/F,C/L,C/W"
V+J,human,TRAV34,TRAJ7,C/F,1.0,31,TRA,"C/C,C/F,C/L,C/W"
V+J,human,TRAV35,TRAJ13,C/F,1.0,31,TRA,"C/C,C/F,C/L,C/W"
V+J,human,TRAV40,TRAJ41,C/F,1.0,31,TRA,"C/C,C/F,C/L,C/W"
V+J,human,TRAV38-2/DV8,TRAJ31,C/F,1.0,31,TRA,"C/C,C/F,C/L,C/W"
V+J,mouse,TRAV12D-2,TRAJ26,C/F,1.0,30,TRA,"C/C,C/F,C/L,C/W"
V+J,mouse,TRAV13-1,TRAJ40,C/F,1.0,30,TRA,"C/C,C/F,C/L,C/W"
V+J,mouse,TRAV6-6,TRAJ42,C/F,1.0,30,TRA,"C/C,C/F,C/L,C/W"
V+J,mouse,TRAV7-2,TRAJ23,C/F,1.0,30,TRA,"C/C,C/F,C/L,C/W"
V+J,mouse,TRAV10,TRAJ40,C/F,1.0,30,TRA,"C/C,C/F,C/L,C/W"
V+J,mouse,TRAV7-3,TRAJ12,C/F,1.0,30,TRA,"C/C,C/F,C/L,C/W"
V+J,mouse,TRAV21/DV12,TRAJ49,C/F,1.0,30,TRA,"C/C,C/F,C/L,C/W"
V+J,mouse,TRAV6-7/DV9,TRAJ50,C/F,1.0,30,TRA,"C/C,C/F,C/L,C/W"
V+J,mouse,TRAV9-1,TRAJ12,C/F,1.0,30,TRA,"C/C,C/F,C/L,C/W"
V+J,mouse,TRAV9-4,TRAJ37,C/F,1.0,30,TRA,"C/C,C/F,C/L,C/W"
V+J,mouse,TRAV21/DV12,TRAJ53,C/F,1.0,30,TRA,"C/C,C/F,C/L,C/W"
V+J,mouse,TRAV16N,TRAJ15,C/F,1.0,30,TRA,"C/C,C/F,C/L,C/W"
V+J,mouse,TRAV7-5,TRAJ49,C/F,1.0,30,TRA,"C/C,C/F,C/L,C/W"
V+J,mouse,TRAV9-1,TRAJ27,C/F,1.0,30,TRA,"C/C,C/F,C/L,C/W"
V+J,human,TRAV6,TRAJ54,C/F,1.0,30,TRA,"C/C,C/F,C/L,C/W"
V+J,human,TRAV2,TRAJ52,C/F,1.0,30,TRA,"C/C,C/F,C/L,C/W"
V+J,human,TRAV38-2/DV8,TRAJ7,C/F,1.0,30,TRA,"C/C,C/F,C/L,C/W"
V+J,human,TRAV39,TRAJ6,C/F,1.0,30,TRA,"C/C,C/F,C/L,C/W"
V+J,human,TRAV1-1,TRAJ49,C/F,1.0,30,TRA,"C/C,C/F,C/L,C/W"
V+J,human,TRAV36/DV7,TRAJ5,C/F,1.0,30,TRA,"C/C,C/F,C/L,C/W"
V+J,human,TRAV41,TRAJ15,C/F,1.0,30,TRA,"C/C,C/F,C/L,C/W"
V+J,mouse,TRAV7-4,TRAJ30,C/F,1.0,29,TRA,"C/C,C/F,C/L,C/W"
V+J,mouse,TRAV7-2,TRAJ18,C/F,1.0,29,TRA,"C/C,C/F,C/L,C/W"
V+J,mouse,TRAV12D-3,TRAJ31,C/F,1.0,29,TRA,"C/C,C/F,C/L,C/W"
V+J,mouse,TRAV13-1,TRAJ45,C/F,1.0,29,TRA,"C/C,C/F,C/L,C/W"
V+J,mouse,TRAV8D-2,TRAJ22,C/F,1.0,29,TRA,"C/C,C/F,C/L,C/W"
V+J,mouse,TRAV9-4,TRAJ34,C/F,1.0,29,TRA,"C/C,C/F,C/L,C/W"
V+J,mouse,TRAV7-3,TRAJ22,C/F,1.0,29,TRA,"C/C,C/F,C/L,C/W"
V+J,mouse,TRAV14-3,TRAJ12,C/F,1.0,29,TRA,"C/C,C/F,C/L,C/W"
V+J,mouse,TRAV10,TRAJ32,C/F,1.0,29,TRA,"C/C,C/F,C/L,C/W"
V+J,mouse,TRAV6-5,TRAJ31,C/F,1.0,29,TRA,"C/C,C/F,C/L,C/W"
V+J,mouse,TRAV16,TRAJ52,C/F,1.0,29,TRA,"C/C,C/F,C/L,C/W"
V+J,mouse,TRAV9-2,TRAJ31,C/F,1.0,29,TRA,"C/C,C/F,C/L,C/W"
V+J,mouse,TRAV9-1,TRAJ15,C/F,1.0,29,TRA,"C/C,C/F,C/L,C/W"
V+J,mouse,TRAV9D-3,TRAJ17,C/F,1.0,29,TRA,"C/C,C/F,C/L,C/W"
V+J,mouse,TRAV6D-7,TRAJ23,C/F,1.0,29,TRA,"C/C,C/F,C/L,C/W"
V+J,mouse,TRAV16,TRAJ48,C/F,1.0,29,TRA,"C/C,C/F,C/L,C/W"
V+J,mouse,TRAV12-2,TRAJ30,C/F,1.0,29,TRA,"C/C,C/F,C/L,C/W"
V+J,human,TRAV38-1,TRAJ7,C/F,1.0,29,TRA,"C/C,C/F,C/L,C/W"
V+J,human,TRAV35,TRAJ16,C/F,1.0,29,TRA,"C/C,C/F,C/L,C/W"
V+J,human,TRAV4,TRAJ31,C/F,1.0,29,TRA,"C/C,C/F,C/L,C/W"
V+J,human,TRAV19,TRAJ31,C/F,1.0,29,TRA,"C/C,C/F,C/L,C/W"
V+J,mouse,TRAV12-3,TRAJ32,C/F,1.0,28,TRA,"C/C,C/F,C/L,C/W"
V+J,mouse,TRAV7-5,TRAJ40,C/F,1.0,28,TRA,"C/C,C/F,C/L,C/W"
V+J,mouse,TRAV14-2,TRAJ23,C/F,1.0,28,TRA,"C/C,C/F,C/L,C/W"
V+J,mouse,TRAV9-4,TRAJ48,C/F,1.0,28,TRA,"C/C,C/F,C/L,C/W"
V+J,mouse,TRAV9D-3,TRAJ4,C/F,1.0,28,TRA,"C/C,C/F,C/L,C/W"
V+J,mouse,TRAV12-2,TRAJ49,C/F,1.0,28,TRA,"C/C,C/F,C/L,C/W"
V+J,mouse,TRAV8D-2,TRAJ15,C/F,1.0,28,TRA,"C/C,C/F,C/L,C/W"
V+J,mouse,TRAV4-3,TRAJ40,C/F,1.0,28,TRA,"C/C,C/F,C/L,C/W"
V+J,mouse,TRAV9-1,TRAJ34,C/F,1.0,28,TRA,"C/C,C/F,C/L,C/W"
V+J,mouse,TRAV9-1,TRAJ49,C/F,1.0,28,TRA,"C/C,C/F,C/L,C/W"
V+J,mouse,TRAV12D-2,TRAJ13,C/F,1.0,28,TRA,"C/C,C/F,C/L,C/W"
V+J,mouse,TRAV12D-2,TRAJ9,C/F,1.0,28,TRA,"C/C,C/F,C/L,C/W"
V+J,mouse,TRAV16,TRAJ58,C/F,1.0,28,TRA,"C/C,C/F,C/L,C/W"
V+J,mouse,TRAV3-3,TRAJ37,C/F,1.0,28,TRA,"C/C,C/F,C/L,C/W"
V+J,mouse,TRAV12-2,TRAJ26,C/F,1.0,28,TRA,"C/C,C/F,C/L,C/W"
V+J,mouse,TRAV16N,TRAJ31,C/F,1.0,28,TRA,"C/C,C/F,C/L,C/W"
V+J,mouse,TRAV5D-4,TRAJ22,C/F,1.0,28,TRA,"C/C,C/F,C/L,C/W"
V+J,mouse,TRAV12-3,TRAJ40,C/F,1.0,28,TRA,"C/C,C/F,C/L,C/W"
V+J,mouse,TRAV19,TRAJ49,C/F,1.0,28,TRA,"C/C,C/F,C/L,C/W"
V+J,mouse,TRAV4-4/DV10,TRAJ33,C/W,1.0,28,TRA,"C/C,C/F,C/L,C/W"
V+J,mouse,TRAV16,TRAJ37,C/F,1.0,28,TRA,"C/C,C/F,C/L,C/W"
V+J,mouse,TRAV16D/DV11,TRAJ42,C/F,1.0,28,TRA,"C/C,C/F,C/L,C/W"
V+J,human,TRAV41,TRAJ16,C/F,1.0,28,TRA,"C/C,C/F,C/L,C/W"
V+J,human,TRAV35,TRAJ35,C/C,1.0,28,TRA,"C/C,C/F,C/L,C/W"
V+J,human,TRAV35,TRAJ10,C/F,1.0,28,TRA,"C/C,C/F,C/L,C/W"
V+J,mouse,TRAV12-3,TRAJ37,C/F,1.0,27,TRA,"C/C,C/F,C/L,C/W"
V+J,mouse,TRAV9D-3,TRAJ37,C/F,1.0,27,TRA,"C/C,C/F,C/L,C/W"
V+J,mouse,TRAV6-6,TRAJ52,C/F,1.0,27,TRA,"C/C,C/F,C/L,C/W"
V+J,mouse,TRAV6D-7,TRAJ18,C/F,1.0,27,TRA,"C/C,C/F,C/L,C/W"
V+J,mouse,TRAV6-6,TRAJ48,C/F,1.0,27,TRA,"C/C,C/F,C/L,C/W"
V+J,mouse,TRAV3-3,TRAJ27,C/F,1.0,27,TRA,"C/C,C/F,C/L,C/W"
V+J,mouse,TRAV6D-7,TRAJ27,C/F,1.0,27,TRA,"C/C,C/F,C/L,C/W"
V+J,mouse,TRAV14-3,TRAJ52,C/F,1.0,27,TRA,"C/C,C/F,C/L,C/W"
V+J,mouse,TRAV6-7/DV9,TRAJ48,C/F,1.0,27,TRA,"C/C,C/F,C/L,C/W"
V+J,mouse,TRAV3-3,TRAJ48,C/F,1.0,27,TRA,"C/C,C/F,C/L,C/W"
V+J,mouse,TRAV13-2,TRAJ49,C/F,1.0,27,TRA,"C/C,C/F,C/L,C/W"
V+J,mouse,TRAV9D-3,TRAJ2,C/F,1.0,27,TRA,"C/C,C/F,C/L,C/W"
V+J,mouse,TRAV13-1,TRAJ23,C/F,1.0,27,TRA,"C/C,C/F,C/L,C/W"
V+J,mouse,TRAV14-3,TRAJ7,C/L,1.0,27,TRA,"C/C,C/F,C/L,C/W"
V+J,mouse,TRAV16N,TRAJ37,C/F,1.0,27,TRA,"C/C,C/F,C/L,C/W"
V+J,mouse,TRAV16,TRAJ42,C/F,1.0,27,TRA,"C/C,C/F,C/L,C/W"
V+J,mouse,TRAV9-4,TRAJ49,C/F,1.0,27,TRA,"C/C,C/F,C/L,C/W"
V+J,mouse,TRAV13-1,TRAJ52,C/F,1.0,27,TRA,"C/C,C/F,C/L,C/W"
V+J,mouse,TRAV3D-3,TRAJ30,C/F,1.0,27,TRA,"C/C,C/F,C/L,C/W"
V+J,mouse,TRAV5-4,TRAJ48,C/F,1.0,27,TRA,"C/C,C/F,C/L,C/W"
V+J,mouse,TRAV16,TRAJ56,C/F,1.0,27,TRA,"C/C,C/F,C/L,C/W"
V+J,mouse,TRAV14D-1,TRAJ22,C/F,1.0,27,TRA,"C/C,C/F,C/L,C/W"
V+J,mouse,TRAV3-3,TRAJ45,C/F,1.0,27,TRA,"C/C,C/F,C/L,C/W"
V+J,mouse,TRAV12-1,TRAJ26,C/F,1.0,27,TRA,"C/C,C/F,C/L,C/W"
V+J,mouse,TRAV3-3,TRAJ32,C/F,1.0,27,TRA,"C/C,C/F,C/L,C/W"
V+J,mouse,TRAV16N,TRAJ13,C/F,1.0,27,TRA,"C/C,C/F,C/L,C/W"
V+J,human,TRAV2,TRAJ50,C/F,1.0,27,TRA,"C/C,C/F,C/L,C/W"
V+J,mouse,TRAV5-1,TRAJ53,C/F,1.0,27,TRA,"C/C,C/F,C/L,C/W"
V+J,human,TRAV13-1,TRAJ31,C/F,1.0,27,TRA,"C/C,C/F,C/L,C/W"
V+J,human,TRAV12-3,TRAJ31,C/F,1.0,27,TRA,"C/C,C/F,C/L,C/W"
V+J,mouse,TRAV14-3,TRAJ48,C/F,1.0,26,TRA,"C/C,C/F,C/L,C/W"
V+J,mouse,TRAV14-2,TRAJ49,C/F,1.0,26,TRA,"C/C,C/F,C/L,C/W"
V+J,mouse,TRAV4D-4,TRAJ21,C/F,1.0,26,TRA,"C/C,C/F,C/L,C/W"
V+J,mouse,TRAV13-1,TRAJ50,C/F,1.0,26,TRA,"C/C,C/F,C/L,C/W"
V+J,mouse,TRAV14-2,TRAJ40,C/F,1.0,26,TRA,"C/C,C/F,C/L,C/W"
V+J,mouse,TRAV7-4,TRAJ23,C/F,1.0,26,TRA,"C/C,C/F,C/L,C/W"
V+J,mouse,TRAV3-1,TRAJ22,C/F,1.0,26,TRA,"C/C,C/F,C/L,C/W"
V+J,mouse,TRAV7-3,TRAJ9,C/F,1.0,26,TRA,"C/C,C/F,C/L,C/W"
V+J,mouse,TRAV14-2,TRAJ26,C/F,1.0,26,TRA,"C/C,C/F,C/L,C/W"
V+J,mouse,TRAV9-4,TRAJ53,C/F,1.0,26,TRA,"C/C,C/F,C/L,C/W"
V+J,mouse,TRAV6-7/DV9,TRAJ52,C/F,1.0,26,TRA,"C/C,C/F,C/L,C/W"
V+J,mouse,TRAV17,TRAJ53,C/F,1.0,26,TRA,"C/C,C/F,C/L,C/W"
V+J,mouse,TRAV13D-2,TRAJ34,C/F,1.0,26,TRA,"C/C,C/F,C/L,C/W"
V+J,mouse,TRAV14-3,TRAJ40,C/F,1.0,26,TRA,"C/C,C/F,C/L,C/W"
V+J,mouse,TRAV12-1,TRAJ22,C/F,1.0,26,TRA,"C/C,C/F,C/L,C/W"
V+J,mouse,TRAV7-2,TRAJ9,C/F,1.0,26,TRA,"C/C,C/F,C/L,C/W"
V+J,mouse,TRAV4D-4,TRAJ9,C/F,1.0,26,TRA,"C/C,C/F,C/L,C/W"
V+J,mouse,TRAV7-3,TRAJ27,C/F,1.0,26,TRA,"C/C,C/F,C/L,C/W"
V+J,mouse,TRAV6-7/DV9,TRAJ56,C/F,1.0,26,TRA,"C/C,C/F,C/L,C/W"
V+J,mouse,TRAV12D-2,TRAJ18,C/F,1.0,26,TRA,"C/C,C/F,C/L,C/W"
V+J,mouse,TRAV16,TRAJ22,C/F,1.0,26,TRA,"C/C,C/F,C/L,C/W"
V+J,mouse,TRAV8N-2,TRAJ5,C/F,1.0,26,TRA,"C/C,C/F,C/L,C/W"
V+J,human,TRAV41,TRAJ6,C/F,1.0,26,TRA,"C/C,C/F,C/L,C/W"
V+J,human,TRAV14/DV4,TRAJ46,C/F,1.0,26,TRA,"C/C,C/F,C/L,C/W"
V+J,human,TRAV40,TRAJ49,C/F,1.0,26,TRA,"C/C,C/F,C/L,C/W"
V+J,human,TRAV8-2,TRAJ46,C/F,1.0,26,TRA,"C/C,C/F,C/L,C/W"
V+J,human,TRAV35,TRAJ9,C/F,1.0,26,TRA,"C/C,C/F,C/L,C/W"
V+J,human,TRAV25,TRAJ46,C/F,1.0,26,TRA,"C/C,C/F,C/L,C/W"
V+J,mouse,TRAV12-2,TRAJ33,C/W,1.0,25,TRA,"C/C,C/F,C/L,C/W"
V+J,mouse,TRAV12-2,TRAJ40,C/F,1.0,25,TRA,"C/C,C/F,C/L,C/W"
V+J,mouse,TRAV7D-3,TRAJ15,C/F,1.0,25,TRA,"C/C,C/F,C/L,C/W"
V+J,mouse,TRAV4D-4,TRAJ6,C/F,1.0,25,TRA,"C/C,C/F,C/L,C/W"
V+J,mouse,TRAV7-2,TRAJ21,C/F,1.0,25,TRA,"C/C,C/F,C/L,C/W"
V+J,mouse,TRAV12D-3,TRAJ5,C/F,1.0,25,TRA,"C/C,C/F,C/L,C/W"
V+J,mouse,TRAV5-4,TRAJ50,C/F,1.0,25,TRA,"C/C,C/F,C/L,C/W"
V+J,mouse,TRAV3-3,TRAJ50,C/F,1.0,25,TRA,"C/C,C/F,C/L,C/W"
V+J,mouse,TRAV9-4,TRAJ43,C/F,1.0,25,TRA,"C/C,C/F,C/L,C/W"
V+J,mouse,TRAV14-3,TRAJ22,C/F,1.0,25,TRA,"C/C,C/F,C/L,C/W"
V+J,mouse,TRAV6D-7,TRAJ26,C/F,1.0,25,TRA,"C/C,C/F,C/L,C/W"
V+J,mouse,TRAV7-3,TRAJ15,C/F,1.0,25,TRA,"C/C,C/F,C/L,C/W"
V+J,mouse,TRAV16N,TRAJ27,C/F,1.0,25,TRA,"C/C,C/F,C/L,C/W"
V+J,mouse,TRAV14-1,TRAJ31,C/F,1.0,25,TRA,"C/C,C/F,C/L,C/W"
V+J,mouse,TRAV7-4,TRAJ18,C/F,1.0,25,TRA,"C/C,C/F,C/L,C/W"
V+J,mouse,TRAV3D-3,TRAJ18,C/F,1.0,25,TRA,"C/C,C/F,C/L,C/W"
V+J,mouse,TRAV10,TRAJ22,C/F,1.0,25,TRA,"C/C,C/F,C/L,C/W"
V+J,mouse,TRAV19,TRAJ53,C/F,1.0,25,TRA,"C/C,C/F,C/L,C/W"
V+J,mouse,TRAV3D-3,TRAJ17,C/F,1.0,25,TRA,"C/C,C/F,C/L,C/W"
V+J,mouse,TRAV6D-7,TRAJ12,C/F,1.0,25,TRA,"C/C,C/F,C/L,C/W"
V+J,human,TRAV39,TRAJ4,C/F,1.0,25,TRA,"C/C,C/F,C/L,C/W"
V+J,human,TRAV36/DV7,TRAJ3,C/F,1.0,25,TRA,"C/C,C/F,C/L,C/W"
V+J,human,TRAV16,TRAJ46,C/F,1.0,25,TRA,"C/C,C/F,C/L,C/W"
V+J,mouse,TRAV7-3,TRAJ33,C/W,1.0,24,TRA,"C/C,C/F,C/L,C/W"
V+J,mouse,TRAV13D-2,TRAJ9,C/F,1.0,24,TRA,"C/C,C/F,C/L,C/W"
V+J,mouse,TRAV7-4,TRAJ32,C/F,1.0,24,TRA,"C/C,C/F,C/L,C/W"
V+J,mouse,TRAV14-2,TRAJ42,C/F,1.0,24,TRA,"C/C,C/F,C/L,C/W"
V+J,mouse,TRAV6-7/DV9,TRAJ40,C/F,1.0,24,TRA,"C/C,C/F,C/L,C/W"
V+J,mouse,TRAV4D-4,TRAJ30,C/F,1.0,24,TRA,"C/C,C/F,C/L,C/W"
V+J,mouse,TRAV8D-2,TRAJ7,C/L,1.0,24,TRA,"C/C,C/F,C/L,C/W"
V+J,mouse,TRAV12-1,TRAJ31,C/F,1.0,24,TRA,"C/C,C/F,C/L,C/W"
V+J,mouse,TRAV12D-3,TRAJ7,C/L,1.0,24,TRA,"C/C,C/F,C/L,C/W"
V+J,mouse,TRAV13-2,TRAJ34,C/F,1.0,24,TRA,"C/C,C/F,C/L,C/W"
V+J,mouse,TRAV9-4,TRAJ52,C/F,1.0,24,TRA,"C/C,C/F,C/L,C/W"
V+J,mouse,TRAV6-6,TRAJ58,C/F,1.0,24,TRA,"C/C,C/F,C/L,C/W"
V+J,mouse,TRAV7-4,TRAJ37,C/F,1.0,24,TRA,"C/C,C/F,C/L,C/W"
V+J,mouse,TRAV6-5,TRAJ22,C/F,1.0,24,TRA,"C/C,C/F,C/L,C/W"
V+J,mouse,TRAV6-6,TRAJ17,C/F,1.0,24,TRA,"C/C,C/F,C/L,C/W"
V+J,mouse,TRAV7-4,TRAJ33,C/W,1.0,24,TRA,"C/C,C/F,C/L,C/W"
V+J,mouse,TRAV7D-3,TRAJ13,C/F,1.0,24,TRA,"C/C,C/F,C/L,C/W"
V+J,mouse,TRAV9-1,TRAJ40,C/F,1.0,24,TRA,"C/C,C/F,C/L,C/W"
V+J,mouse,TRAV12-2,TRAJ48,C/F,1.0,24,TRA,"C/C,C/F,C/L,C/W"
V+J,mouse,TRAV4-4/DV10,TRAJ32,C/F,1.0,24,TRA,"C/C,C/F,C/L,C/W"
V+J,mouse,TRAV16D/DV11,TRAJ26,C/F,1.0,24,TRA,"C/C,C/F,C/L,C/W"
V+J,human,TRAV41,TRAJ5,C/F,1.0,24,TRA,"C/C,C/F,C/L,C/W"
V+J,human,TRAV8-2,TRAJ56,C/F,1.0,24,TRA,"C/C,C/F,C/L,C/W"
V+J,human,TRAV41,TRAJ9,C/F,1.0,24,TRA,"C/C,C/F,C/L,C/W"
V+J,human,TRAV41,TRAJ10,C/F,1.0,24,TRA,"C/C,C/F,C/L,C/W"
V+J,human,TRAV41,TRAJ61,C/F,1.0,24,TRA,"C/C,C/F,C/L,C/W"
V+J,human,TRAV10,TRAJ46,C/F,1.0,24,TRA,"C/C,C/F,C/L,C/W"
V+J,human,TRAV40,TRAJ35,C/C,1.0,24,TRA,"C/C,C/F,C/L,C/W"
V+J,human,TRAV6,TRAJ46,C/F,1.0,24,TRA,"C/C,C/F,C/L,C/W"
V+J,mouse,TRAV4-4/DV10,TRAJ56,C/F,1.0,23,TRA,"C/C,C/F,C/L,C/W"
V+J,mouse,TRAV9-4,TRAJ39,C/F,1.0,23,TRA,"C/C,C/F,C/L,C/W"
V+J,mouse,TRAV7-4,TRAJ40,C/F,1.0,23,TRA,"C/C,C/F,C/L,C/W"
V+J,mouse,TRAV3-3,TRAJ39,C/F,1.0,23,TRA,"C/C,C/F,C/L,C/W"
V+J,mouse,TRAV3D-3,TRAJ31,C/F,1.0,23,TRA,"C/C,C/F,C/L,C/W"
V+J,mouse,TRAV6-6,TRAJ32,C/F,1.0,23,TRA,"C/C,C/F,C/L,C/W"
V+J,mouse,TRAV3D-3,TRAJ9,C/F,1.0,23,TRA,"C/C,C/F,C/L,C/W"
V+J,mouse,TRAV5D-4,TRAJ31,C/F,1.0,23,TRA,"C/C,C/F,C/L,C/W"
V+J,mouse,TRAV12D-3,TRAJ6,C/F,1.0,23,TRA,"C/C,C/F,C/L,C/W"
V+J,mouse,TRAV9-1,TRAJ21,C/F,1.0,23,TRA,"C/C,C/F,C/L,C/W"
V+J,mouse,TRAV13-1,TRAJ57,C/F,1.0,23,TRA,"C/C,C/F,C/L,C/W"
V+J,mouse,TRAV7-2,TRAJ15,C/F,1.0,23,TRA,"C/C,C/F,C/L,C/W"
V+J,mouse,TRAV13-2,TRAJ40,C/F,1.0,23,TRA,"C/C,C/F,C/L,C/W"
V+J,mouse,TRAV6D-7,TRAJ31,C/F,1.0,23,TRA,"C/C,C/F,C/L,C/W"
V+J,mouse,TRAV9-2,TRAJ40,C/F,1.0,23,TRA,"C/C,C/F,C/L,C/W"
V+J,mouse,TRAV7-4,TRAJ21,C/F,1.0,23,TRA,"C/C,C/F,C/L,C/W"
V+J,mouse,TRAV9D-3,TRAJ31,C/F,1.0,23,TRA,"C/C,C/F,C/L,C/W"
V+J,mouse,TRAV6-6,TRAJ9,C/F,1.0,23,TRA,"C/C,C/F,C/L,C/W"
V+J,mouse,TRAV7-3,TRAJ13,C/F,1.0,23,TRA,"C/C,C/F,C/L,C/W"
V+J,mouse,TRAV12D-3,TRAJ30,C/F,1.0,23,TRA,"C/C,C/F,C/L,C/W"
V+J,mouse,TRAV14D-1,TRAJ31,C/F,1.0,23,TRA,"C/C,C/F,C/L,C/W"
V+J,mouse,TRAV16N,TRAJ33,C/W,1.0,23,TRA,"C/C,C/F,C/L,C/W"
V+J,mouse,TRAV12D-2,TRAJ6,C/F,1.0,23,TRA,"C/C,C/F,C/L,C/W"
V+J,mouse,TRAV7-3,TRAJ21,C/F,1.0,23,TRA,"C/C,C/F,C/L,C/W"
V+J,mouse,TRAV6D-6,TRAJ33,C/W,1.0,23,TRA,"C/C,C/F,C/L,C/W"
V+J,human,TRAV1-1,TRAJ48,C/F,1.0,23,TRA,"C/C,C/F,C/L,C/W"
V+J,human,TRAV13-2,TRAJ46,C/F,1.0,23,TRA,"C/C,C/F,C/L,C/W"
V+J,human,TRAV40,TRAJ20,C/F,1.0,23,TRA,"C/C,C/F,C/L,C/W"
V+J,mouse,TRAV5-1,TRAJ57,C/F,1.0,23,TRA,"C/C,C/F,C/L,C/W"
V+J,human,TRAV27,TRAJ31,C/F,1.0,23,TRA,"C/C,C/F,C/L,C/W"
V+J,mouse,TRAV6-6,TRAJ33,C/W,1.0,22,TRA,"C/C,C/F,C/L,C/W"
V+J,mouse,TRAV7-5,TRAJ23,C/F,1.0,22,TRA,"C/C,C/F,C/L,C/W"
V+J,mouse,TRAV13-1,TRAJ21,C/F,1.0,22,TRA,"C/C,C/F,C/L,C/W"
V+J,mouse,TRAV14D-1,TRAJ27,C/F,1.0,22,TRA,"C/C,C/F,C/L,C/W"
V+J,mouse,TRAV9D-3,TRAJ13,C/F,1.0,22,TRA,"C/C,C/F,C/L,C/W"
V+J,mouse,TRAV4-4/DV10,TRAJ42,C/F,1.0,22,TRA,"C/C,C/F,C/L,C/W"
V+J,mouse,TRAV6N-6,TRAJ22,C/F,1.0,22,TRA,"C/C,C/F,C/L,C/W"
V+J,mouse,TRAV14D-3/DV8,TRAJ30,C/F,1.0,22,TRA,"C/C,C/F,C/L,C/W"
V+J,mouse,TRAV14D-1,TRAJ12,C/F,1.0,22,TRA,"C/C,C/F,C/L,C/W"
V+J,mouse,TRAV17,TRAJ49,C/F,1.0,22,TRA,"C/C,C/F,C/L,C/W"
V+J,mouse,TRAV7-3,TRAJ32,C/F,1.0,22,TRA,"C/C,C/F,C/L,C/W"
V+J,mouse,TRAV6-6,TRAJ12,C/F,1.0,22,TRA,"C/C,C/F,C/L,C/W"
V+J,mouse,TRAV6N-6,TRAJ9,C/F,1.0,22,TRA,"C/C,C/F,C/L,C/W"
V+J,mouse,TRAV14-1,TRAJ30,C/F,1.0,22,TRA,"C/C,C/F,C/L,C/W"
V+J,mouse,TRAV6-6,TRAJ21,C/F,1.0,22,TRA,"C/C,C/F,C/L,C/W"
V+J,mouse,TRAV7-3,TRAJ23,C/F,1.0,22,TRA,"C/C,C/F,C/L,C/W"
V+J,mouse,TRAV10,TRAJ39,C/F,1.0,22,TRA,"C/C,C/F,C/L,C/W"
V+J,mouse,TRAV5-4,TRAJ53,C/F,1.0,22,TRA,"C/C,C/F,C/L,C/W"
V+J,mouse,TRAV8-1,TRAJ30,C/F,1.0,22,TRA,"C/C,C/F,C/L,C/W"
V+J,mouse,TRAV10,TRAJ49,C/F,1.0,22,TRA,"C/C,C/F,C/L,C/W"
V+J,mouse,TRAV7-2,TRAJ40,C/F,1.0,22,TRA,"C/C,C/F,C/L,C/W"
V+J,mouse,TRAV16,TRAJ40,C/F,1.0,22,TRA,"C/C,C/F,C/L,C/W"
V+J,mouse,TRAV3-3,TRAJ43,C/F,1.0,22,TRA,"C/C,C/F,C/L,C/W"
V+J,mouse,TRAV6-6,TRAJ13,C/F,1.0,22,TRA,"C/C,C/F,C/L,C/W"
V+J,mouse,TRAV14-1,TRAJ27,C/F,1.0,22,TRA,"C/C,C/F,C/L,C/W"
V+J,mouse,TRAV10,TRAJ21,C/F,1.0,22,TRA,"C/C,C/F,C/L,C/W"
V+J,mouse,TRAV14-1,TRAJ22,C/F,1.0,22,TRA,"C/C,C/F,C/L,C/W"
V+J,mouse,TRAV16N,TRAJ30,C/F,1.0,22,TRA,"C/C,C/F,C/L,C/W"
V+J,mouse,TRAV13D-2,TRAJ6,C/F,1.0,22,TRA,"C/C,C/F,C/L,C/W"
V+J,mouse,TRAV4-3,TRAJ27,C/F,1.0,22,TRA,"C/C,C/F,C/L,C/W"
V+J,human,TRAV41,TRAJ38,C/W,1.0,22,TRA,"C/C,C/F,C/L,C/W"
V+J,human,TRAV39,TRAJ5,C/F,1.0,22,TRA,"C/C,C/F,C/L,C/W"
V+J,human,TRAV12-1,TRAJ56,C/F,1.0,22,TRA,"C/C,C/F,C/L,C/W"
V+J,human,TRAV41,TRAJ4,C/F,1.0,22,TRA,"C/C,C/F,C/L,C/W"
V+J,human,TRAV40,TRAJ50,C/F,1.0,22,TRA,"C/C,C/F,C/L,C/W"
V+J,mouse,TRAV13-4/DV7,TRAJ49,C/F,1.0,21,TRA,"C/C,C/F,C/L,C/W"
V+J,mouse,TRAV9-2,TRAJ34,C/F,1.0,21,TRA,"C/C,C/F,C/L,C/W"
V+J,mouse,TRAV6N-6,TRAJ23,C/F,1.0,21,TRA,"C/C,C/F,C/L,C/W"
V+J,mouse,TRAV6-7/DV9,TRAJ53,C/F,1.0,21,TRA,"C/C,C/F,C/L,C/W"
V+J,mouse,TRAV4-3,TRAJ33,C/W,1.0,21,TRA,"C/C,C/F,C/L,C/W"
V+J,mouse,TRAV8D-2,TRAJ9,C/F,1.0,21,TRA,"C/C,C/F,C/L,C/W"
V+J,mouse,TRAV1,TRAJ33,C/W,1.0,21,TRA,"C/C,C/F,C/L,C/W"
V+J,mouse,TRAV14-2,TRAJ30,C/F,1.0,21,TRA,"C/C,C/F,C/L,C/W"
V+J,mouse,TRAV6-4,TRAJ22,C/F,1.0,21,TRA,"C/C,C/F,C/L,C/W"
V+J,mouse,TRAV6-7/DV9,TRAJ42,C/F,1.0,21,TRA,"C/C,C/F,C/L,C/W"
V+J,mouse,TRAV14D-1,TRAJ15,C/F,1.0,21,TRA,"C/C,C/F,C/L,C/W"
V+J,mouse,TRAV9-4,TRAJ26,C/F,1.0,21,TRA,"C/C,C/F,C/L,C/W"
V+J,mouse,TRAV21/DV12,TRAJ42,C/F,1.0,21,TRA,"C/C,C/F,C/L,C/W"
V+J,mouse,TRAV4-4/DV10,TRAJ45,C/F,1.0,21,TRA,"C/C,C/F,C/L,C/W"
V+J,mouse,TRAV4D-4,TRAJ18,C/F,1.0,21,TRA,"C/C,C/F,C/L,C/W"
V+J,mouse,TRAV7-2,TRAJ34,C/F,1.0,21,TRA,"C/C,C/F,C/L,C/W"
V+J,mouse,TRAV14-3,TRAJ50,C/F,1.0,21,TRA,"C/C,C/F,C/L,C/W"
V+J,mouse,TRAV6-6,TRAJ15,C/F,1.0,21,TRA,"C/C,C/F,C/L,C/W"
V+J,mouse,TRAV7-4,TRAJ12,C/F,1.0,21,TRA,"C/C,C/F,C/L,C/W"
V+J,mouse,TRAV16N,TRAJ48,C/F,1.0,21,TRA,"C/C,C/F,C/L,C/W"
V+J,mouse,TRAV5D-4,TRAJ13,C/F,1.0,21,TRA,"C/C,C/F,C/L,C/W"
V+J,mouse,TRAV5-1,TRAJ34,C/F,1.0,21,TRA,"C/C,C/F,C/L,C/W"
V+J,mouse,TRAV14-3,TRAJ45,C/F,1.0,21,TRA,"C/C,C/F,C/L,C/W"
V+J,mouse,TRAV16,TRAJ9,C/F,1.0,21,TRA,"C/C,C/F,C/L,C/W"
V+J,mouse,TRAV14-1,TRAJ37,C/F,1.0,21,TRA,"C/C,C/F,C/L,C/W"
V+J,mouse,TRAV3-3,TRAJ30,C/F,1.0,21,TRA,"C/C,C/F,C/L,C/W"
V+J,mouse,TRAV4-3,TRAJ34,C/F,1.0,21,TRA,"C/C,C/F,C/L,C/W"
V+J,human,TRAV1-2,TRAJ50,C/F,1.0,21,TRA,"C/C,C/F,C/L,C/W"
V+J,human,TRAV35,TRAJ18,C/F,1.0,21,TRA,"C/C,C/F,C/L,C/W"
V+J,human,TRAV14/DV4,TRAJ31,C/F,1.0,21,TRA,"C/C,C/F,C/L,C/W"
V+J,mouse,TRAV4-3,TRAJ37,C/F,1.0,20,TRA,"C/C,C/F,C/L,C/W"
V+J,mouse,TRAV4D-4,TRAJ15,C/F,1.0,20,TRA,"C/C,C/F,C/L,C/W"
V+J,mouse,TRAV7-3,TRAJ40,C/F,1.0,20,TRA,"C/C,C/F,C/L,C/W"
V+J,mouse,TRAV7-4,TRAJ9,C/F,1.0,20,TRA,"C/C,C/F,C/L,C/W"
V+J,mouse,TRAV6-6,TRAJ43,C/F,1.0,20,TRA,"C/C,C/F,C/L,C/W"
V+J,mouse,TRAV4-3,TRAJ31,C/F,1.0,20,TRA,"C/C,C/F,C/L,C/W"
V+J,mouse,TRAV14D-3/DV8,TRAJ12,C/F,1.0,20,TRA,"C/C,C/F,C/L,C/W"
V+J,mouse,TRAV6-6,TRAJ53,C/F,1.0,20,TRA,"C/C,C/F,C/L,C/W"
V+J,mouse,TRAV13-1,TRAJ18,C/F,1.0,20,TRA,"C/C,C/F,C/L,C/W"
V+J,mouse,TRAV7-5,TRAJ32,C/F,1.0,20,TRA,"C/C,C/F,C/L,C/W"
V+J,mouse,TRAV14-3,TRAJ53,C/F,1.0,20,TRA,"C/C,C/F,C/L,C/W"
V+J,mouse,TRAV4-4/DV10,TRAJ57,C/F,1.0,20,TRA,"C/C,C/F,C/L,C/W"
V+J,mouse,TRAV7-4,TRAJ39,C/F,1.0,20,TRA,"C/C,C/F,C/L,C/W"
V+J,mouse,TRAV17,TRAJ52,C/F,1.0,20,TRA,"C/C,C/F,C/L,C/W"
V+J,mouse,TRAV9-4,TRAJ33,C/W,1.0,20,TRA,"C/C,C/F,C/L,C/W"
V+J,mouse,TRAV7-4,TRAJ15,C/F,1.0,20,TRA,"C/C,C/F,C/L,C/W"
V+J,mouse,TRAV9-2,TRAJ33,C/W,1.0,20,TRA,"C/C,C/F,C/L,C/W"
V+J,mouse,TRAV12D-2,TRAJ23,C/F,1.0,20,TRA,"C/C,C/F,C/L,C/W"
V+J,mouse,TRAV12-2,TRAJ52,C/F,1.0,20,TRA,"C/C,C/F,C/L,C/W"
V+J,mouse,TRAV13N-1,TRAJ9,C/F,1.0,20,TRA,"C/C,C/F,C/L,C/W"
V+J,mouse,TRAV7-3,TRAJ30,C/F,1.0,20,TRA,"C/C,C/F,C/L,C/W"
V+J,mouse,TRAV5D-4,TRAJ15,C/F,1.0,20,TRA,"C/C,C/F,C/L,C/W"
V+J,mouse,TRAV16N,TRAJ9,C/F,1.0,20,TRA,"C/C,C/F,C/L,C/W"
V+J,mouse,TRAV9D-3,TRAJ30,C/F,1.0,20,TRA,"C/C,C/F,C/L,C/W"
V+J,mouse,TRAV7-5,TRAJ22,C/F,1.0,20,TRA,"C/C,C/F,C/L,C/W"
V+J,mouse,TRAV3-3,TRAJ52,C/F,1.0,20,TRA,"C/C,C/F,C/L,C/W"
V+J,mouse,TRAV4-4/DV10,TRAJ48,C/F,1.0,20,TRA,"C/C,C/F,C/L,C/W"
V+J,mouse,TRAV13-1,TRAJ56,C/F,1.0,20,TRA,"C/C,C/F,C/L,C/W"
V+J,mouse,TRAV13D-2,TRAJ15,C/F,1.0,20,TRA,"C/C,C/F,C/L,C/W"
V+J,mouse,TRAV7-5,TRAJ26,C/F,1.0,20,TRA,"C/C,C/F,C/L,C/W"
V+J,mouse,TRAV1,TRAJ26,C/F,1.0,20,TRA,"C/C,C/F,C/L,C/W"
V+J,mouse,TRAV3D-3,TRAJ11,C/F,1.0,20,TRA,"C/C,C/F,C/L,C/W"
V+J,mouse,TRAV5-1,TRAJ32,C/F,1.0,20,TRA,"C/C,C/F,C/L,C/W"
V+J,human,TRAV30,TRAJ46,C/F,1.0,20,TRA,"C/C,C/F,C/L,C/W"
V+J,human,TRAV26-2,TRAJ7,C/F,1.0,20,TRA,"C/C,C/F,C/L,C/W"
V+J,mouse,TRAV3N-3,TRAJ21,C/F,1.0,20,TRA,"C/C,C/F,C/L,C/W"
V+J,mouse,TRAV4D-4,TRAJ23,C/F,1.0,19,TRA,"C/C,C/F,C/L,C/W"
V+J,mouse,TRAV10,TRAJ33,C/W,1.0,19,TRA,"C/C,C/F,C/L,C/W"
V+J,mouse,TRAV12D-2,TRAJ27,C/F,1.0,19,TRA,"C/C,C/F,C/L,C/W"
V+J,mouse,TRAV4-4/DV10,TRAJ43,C/F,1.0,19,TRA,"C/C,C/F,C/L,C/W"
V+J,mouse,TRAV7-2,TRAJ6,C/F,1.0,19,TRA,"C/C,C/F,C/L,C/W"
V+J,mouse,TRAV4D-4,TRAJ31,C/F,1.0,19,TRA,"C/C,C/F,C/L,C/W"
V+J,mouse,TRAV7-5,TRAJ34,C/F,1.0,19,TRA,"C/C,C/F,C/L,C/W"
V+J,mouse,TRAV9D-3,TRAJ33,C/W,1.0,19,TRA,"C/C,C/F,C/L,C/W"
V+J,mouse,TRAV13D-2,TRAJ17,C/F,1.0,19,TRA,"C/C,C/F,C/L,C/W"
V+J,mouse,TRAV12-3,TRAJ49,C/F,1.0,19,TRA,"C/C,C/F,C/L,C/W"
V+J,mouse,TRAV14-2,TRAJ48,C/F,1.0,19,TRA,"C/C,C/F,C/L,C/W"
V+J,mouse,TRAV7-3,TRAJ18,C/F,1.0,19,TRA,"C/C,C/F,C/L,C/W"
V+J,mouse,TRAV7-4,TRAJ17,C/F,1.0,19,TRA,"C/C,C/F,C/L,C/W"
V+J,mouse,TRAV6-6,TRAJ45,C/F,1.0,19,TRA,"C/C,C/F,C/L,C/W"
V+J,mouse,TRAV7-1,TRAJ21,C/F,1.0,19,TRA,"C/C,C/F,C/L,C/W"
V+J,mouse,TRAV12D-2,TRAJ32,C/F,1.0,19,TRA,"C/C,C/F,C/L,C/W"
V+J,mouse,TRAV16N,TRAJ17,C/F,1.0,19,TRA,"C/C,C/F,C/L,C/W"
V+J,mouse,TRAV9D-3,TRAJ34,C/F,1.0,19,TRA,"C/C,C/F,C/L,C/W"
V+J,mouse,TRAV5-1,TRAJ12,C/F,1.0,19,TRA,"C/C,C/F,C/L,C/W"
V+J,mouse,TRAV14-2,TRAJ50,C/F,1.0,19,TRA,"C/C,C/F,C/L,C/W"
V+J,mouse,TRAV5-1,TRAJ26,C/F,1.0,19,TRA,"C/C,C/F,C/L,C/W"
V+J,mouse,TRAV7-4,TRAJ27,C/F,1.0,19,TRA,"C/C,C/F,C/L,C/W"
V+J,mouse,TRAV5-1,TRAJ33,C/W,1.0,19,TRA,"C/C,C/F,C/L,C/W"
V+J,mouse,TRAV6D-7,TRAJ32,C/F,1.0,19,TRA,"C/C,C/F,C/L,C/W"
V+J,mouse,TRAV6D-7,TRAJ7,C/L,1.0,19,TRA,"C/C,C/F,C/L,C/W"
V+J,mouse,TRAV8D-1,TRAJ15,C/F,1.0,19,TRA,"C/C,C/F,C/L,C/W"
V+J,mouse,TRAV4-3,TRAJ23,C/F,1.0,19,TRA,"C/C,C/F,C/L,C/W"
V+J,mouse,TRAV8D-2,TRAJ26,C/F,1.0,19,TRA,"C/C,C/F,C/L,C/W"
V+J,mouse,TRAV12-3,TRAJ42,C/F,1.0,19,TRA,"C/C,C/F,C/L,C/W"
V+J,mouse,TRAV8D-2,TRAJ4,C/F,1.0,19,TRA,"C/C,C/F,C/L,C/W"
V+J,mouse,TRAV7-4,TRAJ34,C/F,1.0,19,TRA,"C/C,C/F,C/L,C/W"
V+J,mouse,TRAV9-1,TRAJ39,C/F,1.0,19,TRA,"C/C,C/F,C/L,C/W"
V+J,mouse,TRAV8-1,TRAJ39,C/F,1.0,19,TRA,"C/C,C/F,C/L,C/W"
V+J,mouse,TRAV8-2,TRAJ49,C/F,1.0,19,TRA,"C/C,C/F,C/L,C/W"
V+J,mouse,TRAV8-2,TRAJ50,C/F,1.0,19,TRA,"C/C,C/F,C/L,C/W"
V+J,mouse,TRAV12-2,TRAJ27,C/F,1.0,19,TRA,"C/C,C/F,C/L,C/W"
V+J,mouse,TRAV13D-2,TRAJ26,C/F,1.0,19,TRA,"C/C,C/F,C/L,C/W"
V+J,mouse,TRAV16D/DV11,TRAJ13,C/F,1.0,19,TRA,"C/C,C/F,C/L,C/W"
V+J,human,TRAV8-1,TRAJ57,C/F,1.0,19,TRA,"C/C,C/F,C/L,C/W"
V+J,human,TRAV35,TRAJ11,C/F,1.0,19,TRA,"C/C,C/F,C/L,C/W"
V+J,human,TRAV41,TRAJ7,C/F,1.0,19,TRA,"C/C,C/F,C/L,C/W"
V+J,mouse,TRAV12D-1,TRAJ23,C/F,1.0,19,TRA,"C/C,C/F,C/L,C/W"
V+J,mouse,TRAV5N-4,TRAJ56,C/F,1.0,19,TRA,"C/C,C/F,C/L,C/W"
V+J,human,TRAV38-1,TRAJ31,C/F,1.0,19,TRA,"C/C,C/F,C/L,C/W"
V+J,mouse,TRAV14-2,TRAJ32,C/F,1.0,18,TRA,"C/C,C/F,C/L,C/W"
V+J,mouse,TRAV6-7/DV9,TRAJ37,C/F,1.0,18,TRA,"C/C,C/F,C/L,C/W"
V+J,mouse,TRAV9D-3,TRAJ40,C/F,1.0,18,TRA,"C/C,C/F,C/L,C/W"
V+J,mouse,TRAV21/DV12,TRAJ50,C/F,1.0,18,TRA,"C/C,C/F,C/L,C/W"
V+J,mouse,TRAV6D-7,TRAJ21,C/F,1.0,18,TRA,"C/C,C/F,C/L,C/W"
V+J,mouse,TRAV6D-7,TRAJ34,C/F,1.0,18,TRA,"C/C,C/F,C/L,C/W"
V+J,mouse,TRAV12-3,TRAJ34,C/F,1.0,18,TRA,"C/C,C/F,C/L,C/W"
V+J,mouse,TRAV3D-3,TRAJ34,C/F,1.0,18,TRA,"C/C,C/F,C/L,C/W"
V+J,mouse,TRAV9-1,TRAJ17,C/F,1.0,18,TRA,"C/C,C/F,C/L,C/W"
V+J,mouse,TRAV12-2,TRAJ44,C/L,1.0,18,TRA,"C/C,C/F,C/L,C/W"
V+J,mouse,TRAV7-5,TRAJ42,C/F,1.0,18,TRA,"C/C,C/F,C/L,C/W"
V+J,mouse,TRAV3D-3,TRAJ33,C/W,1.0,18,TRA,"C/C,C/F,C/L,C/W"
V+J,mouse,TRAV14-2,TRAJ33,C/W,1.0,18,TRA,"C/C,C/F,C/L,C/W"
V+J,mouse,TRAV12-3,TRAJ48,C/F,1.0,18,TRA,"C/C,C/F,C/L,C/W"
V+J,mouse,TRAV7-5,TRAJ33,C/W,1.0,18,TRA,"C/C,C/F,C/L,C/W"
V+J,mouse,TRAV4-3,TRAJ22,C/F,1.0,18,TRA,"C/C,C/F,C/L,C/W"
V+J,mouse,TRAV7-2,TRAJ17,C/F,1.0,18,TRA,"C/C,C/F,C/L,C/W"
V+J,mouse,TRAV3D-3,TRAJ13,C/F,1.0,18,TRA,"C/C,C/F,C/L,C/W"
V+J,mouse,TRAV6D-7,TRAJ37,C/F,1.0,18,TRA,"C/C,C/F,C/L,C/W"
V+J,mouse,TRAV12-3,TRAJ31,C/F,1.0,18,TRA,"C/C,C/F,C/L,C/W"
V+J,mouse,TRAV4-3,TRAJ26,C/F,1.0,18,TRA,"C/C,C/F,C/L,C/W"
V+J,mouse,TRAV9-1,TRAJ37,C/F,1.0,18,TRA,"C/C,C/F,C/L,C/W"
V+J,mouse,TRAV12-2,TRAJ50,C/F,1.0,18,TRA,"C/C,C/F,C/L,C/W"
V+J,mouse,TRAV12D-2,TRAJ31,C/F,1.0,18,TRA,"C/C,C/F,C/L,C/W"
V+J,mouse,TRAV6-5,TRAJ30,C/F,1.0,18,TRA,"C/C,C/F,C/L,C/W"
V+J,mouse,TRAV4-3,TRAJ42,C/F,1.0,18,TRA,"C/C,C/F,C/L,C/W"
V+J,mouse,TRAV13D-2,TRAJ22,C/F,1.0,18,TRA,"C/C,C/F,C/L,C/W"
V+J,mouse,TRAV14D-1,TRAJ17,C/F,1.0,18,TRA,"C/C,C/F,C/L,C/W"
V+J,mouse,TRAV12D-3,TRAJ33,C/W,1.0,18,TRA,"C/C,C/F,C/L,C/W"
V+J,mouse,TRAV4-2,TRAJ30,C/F,1.0,18,TRA,"C/C,C/F,C/L,C/W"
V+J,mouse,TRAV13-2,TRAJ30,C/F,1.0,18,TRA,"C/C,C/F,C/L,C/W"
V+J,mouse,TRAV3D-3,TRAJ32,C/F,1.0,18,TRA,"C/C,C/F,C/L,C/W"
V+J,mouse,TRAV7D-3,TRAJ40,C/F,1.0,18,TRA,"C/C,C/F,C/L,C/W"
V+J,mouse,TRAV6-7/DV9,TRAJ45,C/F,1.0,18,TRA,"C/C,C/F,C/L,C/W"
V+J,mouse,TRAV8-1,TRAJ31,C/F,1.0,18,TRA,"C/C,C/F,C/L,C/W"
V+J,mouse,TRAV4D-3,TRAJ9,C/F,1.0,18,TRA,"C/C,C/F,C/L,C/W"
V+J,mouse,TRAV3-3,TRAJ42,C/F,1.0,18,TRA,"C/C,C/F,C/L,C/W"
V+J,mouse,TRAV12-2,TRAJ23,C/F,1.0,18,TRA,"C/C,C/F,C/L,C/W"
V+J,mouse,TRAV13-4/DV7,TRAJ57,C/F,1.0,18,TRA,"C/C,C/F,C/L,C/W"
V+J,mouse,TRAV8D-1,TRAJ12,C/F,1.0,18,TRA,"C/C,C/F,C/L,C/W"
V+J,mouse,TRAV14-1,TRAJ26,C/F,1.0,18,TRA,"C/C,C/F,C/L,C/W"
V+J,mouse,TRAV8D-1,TRAJ22,C/F,1.0,18,TRA,"C/C,C/F,C/L,C/W"
V+J,mouse,TRAV7D-5,TRAJ17,C/F,1.0,18,TRA,"C/C,C/F,C/L,C/W"
V+J,mouse,TRAV5-1,TRAJ40,C/F,1.0,18,TRA,"C/C,C/F,C/L,C/W"
V+J,mouse,TRAV5-1,TRAJ49,C/F,1.0,18,TRA,"C/C,C/F,C/L,C/W"
V+J,human,TRAV1-2,TRAJ52,C/F,1.0,18,TRA,"C/C,C/F,C/L,C/W"
V+J,human,TRAV24,TRAJ46,C/F,1.0,18,TRA,"C/C,C/F,C/L,C/W"
V+J,human,TRAV6,TRAJ56,C/F,1.0,18,TRA,"C/C,C/F,C/L,C/W"
V+J,human,TRAV38-1,TRAJ3,C/F,1.0,18,TRA,"C/C,C/F,C/L,C/W"
V+J,human,TRAV22,TRAJ46,C/F,1.0,18,TRA,"C/C,C/F,C/L,C/W"
V+J,human,TRAV17,TRAJ25,C/F,1.0,18,TRA,"C/C,C/F,C/L,C/W"
V+J,mouse,TRAV5N-4,TRAJ32,C/F,1.0,18,TRA,"C/C,C/F,C/L,C/W"
V+J,mouse,TRAV9D-3,TRAJ27,C/F,1.0,17,TRA,"C/C,C/F,C/L,C/W"
V+J,mouse,TRAV4D-4,TRAJ17,C/F,1.0,17,TRA,"C/C,C/F,C/L,C/W"
V+J,mouse,TRAV6-6,TRAJ39,C/F,1.0,17,TRA,"C/C,C/F,C/L,C/W"
V+J,mouse,TRAV9-2,TRAJ37,C/F,1.0,17,TRA,"C/C,C/F,C/L,C/W"
V+J,mouse,TRAV14-2,TRAJ58,C/F,1.0,17,TRA,"C/C,C/F,C/L,C/W"
V+J,mouse,TRAV4-3,TRAJ50,C/F,1.0,17,TRA,"C/C,C/F,C/L,C/W"
V+J,mouse,TRAV6-7/DV9,TRAJ58,C/F,1.0,17,TRA,"C/C,C/F,C/L,C/W"
V+J,mouse,TRAV13D-1,TRAJ22,C/F,1.0,17,TRA,"C/C,C/F,C/L,C/W"
V+J,mouse,TRAV6-5,TRAJ27,C/F,1.0,17,TRA,"C/C,C/F,C/L,C/W"
V+J,mouse,TRAV14D-1,TRAJ9,C/F,1.0,17,TRA,"C/C,C/F,C/L,C/W"
V+J,mouse,TRAV8-1,TRAJ15,C/F,1.0,17,TRA,"C/C,C/F,C/L,C/W"
V+J,mouse,TRAV7-2,TRAJ32,C/F,1.0,17,TRA,"C/C,C/F,C/L,C/W"
V+J,mouse,TRAV4D-4,TRAJ11,C/F,1.0,17,TRA,"C/C,C/F,C/L,C/W"
V+J,mouse,TRAV4-4/DV10,TRAJ52,C/F,1.0,17,TRA,"C/C,C/F,C/L,C/W"
V+J,mouse,TRAV6-7/DV9,TRAJ31,C/F,1.0,17,TRA,"C/C,C/F,C/L,C/W"
V+J,mouse,TRAV9N-4,TRAJ17,C/F,1.0,17,TRA,"C/C,C/F,C/L,C/W"
V+J,mouse,TRAV10N,TRAJ31,C/F,1.0,17,TRA,"C/C,C/F,C/L,C/W"
V+J,mouse,TRAV7-3,TRAJ31,C/F,1.0,17,TRA,"C/C,C/F,C/L,C/W"
V+J,mouse,TRAV7-5,TRAJ30,C/F,1.0,17,TRA,"C/C,C/F,C/L,C/W"
V+J,mouse,TRAV4D-4,TRAJ33,C/W,1.0,17,TRA,"C/C,C/F,C/L,C/W"
V+J,mouse,TRAV6D-7,TRAJ13,C/F,1.0,17,TRA,"C/C,C/F,C/L,C/W"
V+J,mouse,TRAV16N,TRAJ12,C/F,1.0,17,TRA,"C/C,C/F,C/L,C/W"
V+J,mouse,TRAV12-2,TRAJ21,C/F,1.0,17,TRA,"C/C,C/F,C/L,C/W"
V+J,mouse,TRAV3-3,TRAJ23,C/F,1.0,17,TRA,"C/C,C/F,C/L,C/W"
V+J,mouse,TRAV12D-3,TRAJ13,C/F,1.0,17,TRA,"C/C,C/F,C/L,C/W"
V+J,mouse,TRAV7-2,TRAJ42,C/F,1.0,17,TRA,"C/C,C/F,C/L,C/W"
V+J,mouse,TRAV14-1,TRAJ49,C/F,1.0,17,TRA,"C/C,C/F,C/L,C/W"
V+J,mouse,TRAV6N-6,TRAJ12,C/F,1.0,17,TRA,"C/C,C/F,C/L,C/W"
V+J,mouse,TRAV8-1,TRAJ26,C/F,1.0,17,TRA,"C/C,C/F,C/L,C/W"
V+J,mouse,TRAV14D-3/DV8,TRAJ13,C/F,1.0,17,TRA,"C/C,C/F,C/L,C/W"
V+J,mouse,TRAV7D-6,TRAJ22,C/F,1.0,17,TRA,"C/C,C/F,C/L,C/W"
V+J,mouse,TRAV12-3,TRAJ27,C/F,1.0,17,TRA,"C/C,C/F,C/L,C/W"
V+J,mouse,TRAV14-1,TRAJ15,C/F,1.0,17,TRA,"C/C,C/F,C/L,C/W"
V+J,mouse,TRAV12-2,TRAJ56,C/F,1.0,17,TRA,"C/C,C/F,C/L,C/W"
V+J,mouse,TRAV10D,TRAJ31,C/F,1.0,17,TRA,"C/C,C/F,C/L,C/W"
V+J,mouse,TRAV5D-4,TRAJ21,C/F,1.0,17,TRA,"C/C,C/F,C/L,C/W"
V+J,mouse,TRAV9-2,TRAJ49,C/F,1.0,17,TRA,"C/C,C/F,C/L,C/W"
V+J,mouse,TRAV14-3,TRAJ58,C/F,1.0,17,TRA,"C/C,C/F,C/L,C/W"
V+J,mouse,TRAV7D-3,TRAJ9,C/F,1.0,17,TRA,"C/C,C/F,C/L,C/W"
V+J,mouse,TRAV13-2,TRAJ27,C/F,1.0,17,TRA,"C/C,C/F,C/L,C/W"
V+J,mouse,TRAV12D-3,TRAJ17,C/F,1.0,17,TRA,"C/C,C/F,C/L,C/W"
V+J,mouse,TRAV13-1,TRAJ48,C/F,1.0,17,TRA,"C/C,C/F,C/L,C/W"
V+J,mouse,TRAV3D-3,TRAJ16,C/F,1.0,17,TRA,"C/C,C/F,C/L,C/W"
V+J,mouse,TRAV14-3,TRAJ42,C/F,1.0,17,TRA,"C/C,C/F,C/L,C/W"
V+J,mouse,TRAV5-1,TRAJ27,C/F,1.0,17,TRA,"C/C,C/F,C/L,C/W"
V+J,mouse,TRAV6D-6,TRAJ31,C/F,1.0,17,TRA,"C/C,C/F,C/L,C/W"
V+J,mouse,TRAV13D-1,TRAJ26,C/F,1.0,17,TRA,"C/C,C/F,C/L,C/W"
V+J,mouse,TRAV6D-6,TRAJ30,C/F,1.0,17,TRA,"C/C,C/F,C/L,C/W"
V+J,mouse,TRAV3D-3,TRAJ4,C/F,1.0,17,TRA,"C/C,C/F,C/L,C/W"
V+J,mouse,TRAV4D-4,TRAJ4,C/F,1.0,17,TRA,"C/C,C/F,C/L,C/W"
V+J,mouse,TRAV16D/DV11,TRAJ32,C/F,1.0,17,TRA,"C/C,C/F,C/L,C/W"
V+J,mouse,TRAV16D/DV11,TRAJ22,C/F,1.0,17,TRA,"C/C,C/F,C/L,C/W"
V+J,mouse,TRAV5-1,TRAJ22,C/F,1.0,17,TRA,"C/C,C/F,C/L,C/W"
V+J,mouse,TRAV16N,TRAJ34,C/F,1.0,17,TRA,"C/C,C/F,C/L,C/W"
V+J,human,TRAV10,TRAJ56,C/F,1.0,17,TRA,"C/C,C/F,C/L,C/W"
V+J,human,TRAV39,TRAJ7,C/F,1.0,17,TRA,"C/C,C/F,C/L,C/W"
V+J,human,TRAV39,TRAJ3,C/F,1.0,17,TRA,"C/C,C/F,C/L,C/W"
V+J,mouse,TRAV3N-3,TRAJ33,C/W,1.0,17,TRA,"C/C,C/F,C/L,C/W"
V+J,mouse,TRAV13D-2,TRAJ31,C/F,1.0,16,TRA,"C/C,C/F,C/L,C/W"
V+J,mouse,TRAV5-4,TRAJ57,C/F,1.0,16,TRA,"C/C,C/F,C/L,C/W"
V+J,mouse,TRAV14-2,TRAJ12,C/F,1.0,16,TRA,"C/C,C/F,C/L,C/W"
V+J,mouse,TRAV13D-2,TRAJ27,C/F,1.0,16,TRA,"C/C,C/F,C/L,C/W"
V+J,mouse,TRAV6-1,TRAJ23,C/F,1.0,16,TRA,"C/C,C/F,C/L,C/W"
V+J,mouse,TRAV4-4/DV10,TRAJ53,C/F,1.0,16,TRA,"C/C,C/F,C/L,C/W"
V+J,mouse,TRAV6-7/DV9,TRAJ32,C/F,1.0,16,TRA,"C/C,C/F,C/L,C/W"
V+J,mouse,TRAV14D-1,TRAJ30,C/F,1.0,16,TRA,"C/C,C/F,C/L,C/W"
V+J,mouse,TRAV4D-4,TRAJ27,C/F,1.0,16,TRA,"C/C,C/F,C/L,C/W"
V+J,mouse,TRAV14D-1,TRAJ49,C/F,1.0,16,TRA,"C/C,C/F,C/L,C/W"
V+J,mouse,TRAV10,TRAJ34,C/F,1.0,16,TRA,"C/C,C/F,C/L,C/W"
V+J,mouse,TRAV13D-2,TRAJ21,C/F,1.0,16,TRA,"C/C,C/F,C/L,C/W"
V+J,mouse,TRAV13D-2,TRAJ23,C/F,1.0,16,TRA,"C/C,C/F,C/L,C/W"
V+J,mouse,TRAV12-2,TRAJ43,C/F,1.0,16,TRA,"C/C,C/F,C/L,C/W"
V+J,mouse,TRAV14D-1,TRAJ26,C/F,1.0,16,TRA,"C/C,C/F,C/L,C/W"
V+J,mouse,TRAV9-2,TRAJ26,C/F,1.0,16,TRA,"C/C,C/F,C/L,C/W"
V+J,mouse,TRAV7-5,TRAJ21,C/F,1.0,16,TRA,"C/C,C/F,C/L,C/W"
V+J,mouse,TRAV6D-7,TRAJ17,C/F,1.0,16,TRA,"C/C,C/F,C/L,C/W"
V+J,mouse,TRAV6-7/DV9,TRAJ44,C/L,1.0,16,TRA,"C/C,C/F,C/L,C/W"
V+J,mouse,TRAV14D-1,TRAJ7,C/L,1.0,16,TRA,"C/C,C/F,C/L,C/W"
V+J,mouse,TRAV13-2,TRAJ50,C/F,1.0,16,TRA,"C/C,C/F,C/L,C/W"
V+J,mouse,TRAV6-5,TRAJ23,C/F,1.0,16,TRA,"C/C,C/F,C/L,C/W"
V+J,mouse,TRAV9-1,TRAJ52,C/F,1.0,16,TRA,"C/C,C/F,C/L,C/W"
V+J,mouse,TRAV7-2,TRAJ26,C/F,1.0,16,TRA,"C/C,C/F,C/L,C/W"
V+J,mouse,TRAV17,TRAJ57,C/F,1.0,16,TRA,"C/C,C/F,C/L,C/W"
V+J,mouse,TRAV12-2,TRAJ57,C/F,1.0,16,TRA,"C/C,C/F,C/L,C/W"
V+J,mouse,TRAV16N,TRAJ40,C/F,1.0,16,TRA,"C/C,C/F,C/L,C/W"
V+J,mouse,TRAV19,TRAJ50,C/F,1.0,16,TRA,"C/C,C/F,C/L,C/W"
V+J,mouse,TRAV13-2,TRAJ52,C/F,1.0,16,TRA,"C/C,C/F,C/L,C/W"
V+J,mouse,TRAV5D-4,TRAJ26,C/F,1.0,16,TRA,"C/C,C/F,C/L,C/W"
V+J,mouse,TRAV7D-4,TRAJ37,C/F,1.0,16,TRA,"C/C,C/F,C/L,C/W"
V+J,mouse,TRAV7-3,TRAJ39,C/F,1.0,16,TRA,"C/C,C/F,C/L,C/W"
V+J,mouse,TRAV14-2,TRAJ27,C/F,1.0,16,TRA,"C/C,C/F,C/L,C/W"
V+J,mouse,TRAV16N,TRAJ7,C/L,1.0,16,TRA,"C/C,C/F,C/L,C/W"
V+J,mouse,TRAV8N-2,TRAJ15,C/F,1.0,16,TRA,"C/C,C/F,C/L,C/W"
V+J,mouse,TRAV16N,TRAJ43,C/F,1.0,16,TRA,"C/C,C/F,C/L,C/W"
V+J,mouse,TRAV6-6,TRAJ18,C/F,1.0,16,TRA,"C/C,C/F,C/L,C/W"
V+J,mouse,TRAV9-1,TRAJ42,C/F,1.0,16,TRA,"C/C,C/F,C/L,C/W"
V+J,mouse,TRAV12D-2,TRAJ11,C/F,1.0,16,TRA,"C/C,C/F,C/L,C/W"
V+J,mouse,TRAV14-1,TRAJ40,C/F,1.0,16,TRA,"C/C,C/F,C/L,C/W"
V+J,mouse,TRAV21/DV12,TRAJ44,C/L,1.0,16,TRA,"C/C,C/F,C/L,C/W"
V+J,mouse,TRAV13-4/DV7,TRAJ58,C/F,1.0,16,TRA,"C/C,C/F,C/L,C/W"
V+J,mouse,TRAV12-3,TRAJ26,C/F,1.0,16,TRA,"C/C,C/F,C/L,C/W"
V+J,mouse,TRAV14-1,TRAJ45,C/F,1.0,16,TRA,"C/C,C/F,C/L,C/W"
V+J,mouse,TRAV16N,TRAJ32,C/F,1.0,16,TRA,"C/C,C/F,C/L,C/W"
V+J,mouse,TRAV13D-2,TRAJ12,C/F,1.0,16,TRA,"C/C,C/F,C/L,C/W"
V+J,mouse,TRAV9D-3,TRAJ58,C/F,1.0,16,TRA,"C/C,C/F,C/L,C/W"
V+J,mouse,TRAV4-3,TRAJ45,C/F,1.0,16,TRA,"C/C,C/F,C/L,C/W"
V+J,mouse,TRAV14D-3/DV8,TRAJ26,C/F,1.0,16,TRA,"C/C,C/F,C/L,C/W"
V+J,mouse,TRAV12D-1,TRAJ49,C/F,1.0,16,TRA,"C/C,C/F,C/L,C/W"
V+J,mouse,TRAV5-1,TRAJ18,C/F,1.0,16,TRA,"C/C,C/F,C/L,C/W"
V+J,mouse,TRAV13-4/DV7,TRAJ52,C/F,1.0,16,TRA,"C/C,C/F,C/L,C/W"
V+J,mouse,TRAV14-1,TRAJ57,C/F,1.0,16,TRA,"C/C,C/F,C/L,C/W"
V+J,mouse,TRAV8D-2,TRAJ40,C/F,1.0,16,TRA,"C/C,C/F,C/L,C/W"
V+J,mouse,TRAV16D/DV11,TRAJ31,C/F,1.0,16,TRA,"C/C,C/F,C/L,C/W"
V+J,human,TRAV35,TRAJ12,C/F,1.0,16,TRA,"C/C,C/F,C/L,C/W"
V+J,human,TRAV21,TRAJ61,C/F,1.0,16,TRA,"C/C,C/F,C/L,C/W"
V+J,human,TRAV8-2,TRAJ58,C/F,1.0,16,TRA,"C/C,C/F,C/L,C/W"
V+J,mouse,TRAV6N-7,TRAJ12,C/F,1.0,16,TRA,"C/C,C/F,C/L,C/W"
V+J,mouse,TRAV5-1,TRAJ56,C/F,1.0,16,TRA,"C/C,C/F,C/L,C/W"
V+J,human,TRAV39,TRAJ31,C/F,1.0,16,TRA,"C/C,C/F,C/L,C/W"
V+J,mouse,TRAV16,TRAJ26,C/F,1.0,15,TRA,"C/C,C/F,C/L,C/W"
V+J,mouse,TRAV4-3,TRAJ39,C/F,1.0,15,TRA,"C/C,C/F,C/L,C/W"
V+J,mouse,TRAV13-2,TRAJ37,C/F,1.0,15,TRA,"C/C,C/F,C/L,C/W"
V+J,mouse,TRAV9N-4,TRAJ23,C/F,1.0,15,TRA,"C/C,C/F,C/L,C/W"
V+J,mouse,TRAV6-3,TRAJ22,C/F,1.0,15,TRA,"C/C,C/F,C/L,C/W"
V+J,mouse,TRAV14D-3/DV8,TRAJ9,C/F,1.0,15,TRA,"C/C,C/F,C/L,C/W"
V+J,mouse,TRAV14-2,TRAJ9,C/F,1.0,15,TRA,"C/C,C/F,C/L,C/W"
V+J,mouse,TRAV4D-3,TRAJ6,C/F,1.0,15,TRA,"C/C,C/F,C/L,C/W"
V+J,mouse,TRAV6-4,TRAJ40,C/F,1.0,15,TRA,"C/C,C/F,C/L,C/W"
V+J,mouse,TRAV5-4,TRAJ43,C/F,1.0,15,TRA,"C/C,C/F,C/L,C/W"
V+J,mouse,TRAV7-2,TRAJ7,C/L,1.0,15,TRA,"C/C,C/F,C/L,C/W"
V+J,mouse,TRAV6D-7,TRAJ4,C/F,1.0,15,TRA,"C/C,C/F,C/L,C/W"
V+J,mouse,TRAV3D-3,TRAJ40,C/F,1.0,15,TRA,"C/C,C/F,C/L,C/W"
V+J,mouse,TRAV6D-7,TRAJ6,C/F,1.0,15,TRA,"C/C,C/F,C/L,C/W"
V+J,mouse,TRAV13D-2,TRAJ4,C/F,1.0,15,TRA,"C/C,C/F,C/L,C/W"
V+J,mouse,TRAV12-3,TRAJ43,C/F,1.0,15,TRA,"C/C,C/F,C/L,C/W"
V+J,mouse,TRAV8N-2,TRAJ22,C/F,1.0,15,TRA,"C/C,C/F,C/L,C/W"
V+J,mouse,TRAV10,TRAJ30,C/F,1.0,15,TRA,"C/C,C/F,C/L,C/W"
V+J,mouse,TRAV8-1,TRAJ40,C/F,1.0,15,TRA,"C/C,C/F,C/L,C/W"
V+J,mouse,TRAV4D-4,TRAJ32,C/F,1.0,15,TRA,"C/C,C/F,C/L,C/W"
V+J,mouse,TRAV12D-3,TRAJ21,C/F,1.0,15,TRA,"C/C,C/F,C/L,C/W"
V+J,mouse,TRAV12-1,TRAJ40,C/F,1.0,15,TRA,"C/C,C/F,C/L,C/W"
V+J,mouse,TRAV10N,TRAJ15,C/F,1.0,15,TRA,"C/C,C/F,C/L,C/W"
V+J,mouse,TRAV10D,TRAJ22,C/F,1.0,15,TRA,"C/C,C/F,C/L,C/W"
V+J,mouse,TRAV7-4,TRAJ7,C/L,1.0,15,TRA,"C/C,C/F,C/L,C/W"
V+J,mouse,TRAV10D,TRAJ15,C/F,1.0,15,TRA,"C/C,C/F,C/L,C/W"
V+J,mouse,TRAV7D-6,TRAJ23,C/F,1.0,15,TRA,"C/C,C/F,C/L,C/W"
V+J,mouse,TRAV16,TRAJ15,C/F,1.0,15,TRA,"C/C,C/F,C/L,C/W"
V+J,mouse,TRAV16,TRAJ23,C/F,1.0,15,TRA,"C/C,C/F,C/L,C/W"
V+J,mouse,TRAV12-1,TRAJ32,C/F,1.0,15,TRA,"C/C,C/F,C/L,C/W"
V+J,mouse,TRAV12-3,TRAJ52,C/F,1.0,15,TRA,"C/C,C/F,C/L,C/W"
V+J,mouse,TRAV8D-2,TRAJ52,C/F,1.0,15,TRA,"C/C,C/F,C/L,C/W"
V+J,mouse,TRAV4-4/DV10,TRAJ31,C/F,1.0,15,TRA,"C/C,C/F,C/L,C/W"
V+J,mouse,TRAV14D-1,TRAJ23,C/F,1.0,15,TRA,"C/C,C/F,C/L,C/W"
V+J,mouse,TRAV14-2,TRAJ43,C/F,1.0,15,TRA,"C/C,C/F,C/L,C/W"
V+J,mouse,TRAV6-6,TRAJ57,C/F,1.0,15,TRA,"C/C,C/F,C/L,C/W"
V+J,mouse,TRAV14-3,TRAJ31,C/F,1.0,15,TRA,"C/C,C/F,C/L,C/W"
V+J,mouse,TRAV7-5,TRAJ17,C/F,1.0,15,TRA,"C/C,C/F,C/L,C/W"
V+J,mouse,TRAV3-3,TRAJ7,C/L,1.0,15,TRA,"C/C,C/F,C/L,C/W"
V+J,mouse,TRAV12D-3,TRAJ18,C/F,1.0,15,TRA,"C/C,C/F,C/L,C/W"
V+J,mouse,TRAV5-4,TRAJ42,C/F,1.0,15,TRA,"C/C,C/F,C/L,C/W"
V+J,mouse,TRAV12D-2,TRAJ17,C/F,1.0,15,TRA,"C/C,C/F,C/L,C/W"
V+J,mouse,TRAV9-1,TRAJ30,C/F,1.0,15,TRA,"C/C,C/F,C/L,C/W"
V+J,mouse,TRAV7D-3,TRAJ21,C/F,1.0,15,TRA,"C/C,C/F,C/L,C/W"
V+J,mouse,TRAV7D-3,TRAJ6,C/F,1.0,15,TRA,"C/C,C/F,C/L,C/W"
V+J,mouse,TRAV2,TRAJ26,C/F,1.0,15,TRA,"C/C,C/F,C/L,C/W"
V+J,mouse,TRAV13D-2,TRAJ13,C/F,1.0,15,TRA,"C/C,C/F,C/L,C/W"
V+J,mouse,TRAV7-6,TRAJ49,C/F,1.0,15,TRA,"C/C,C/F,C/L,C/W"
V+J,mouse,TRAV3-4,TRAJ49,C/F,1.0,15,TRA,"C/C,C/F,C/L,C/W"
V+J,mouse,TRAV3-3,TRAJ56,C/F,1.0,15,TRA,"C/C,C/F,C/L,C/W"
V+J,mouse,TRAV13D-2,TRAJ30,C/F,1.0,15,TRA,"C/C,C/F,C/L,C/W"
V+J,mouse,TRAV1,TRAJ30,C/F,1.0,15,TRA,"C/C,C/F,C/L,C/W"
V+J,mouse,TRAV12D-2,TRAJ2,C/F,1.0,15,TRA,"C/C,C/F,C/L,C/W"
V+J,mouse,TRAV15D-2/DV6D-2,TRAJ9,C/F,1.0,15,TRA,"C/C,C/F,C/L,C/W"
V+J,mouse,TRAV9D-4,TRAJ12,C/F,1.0,15,TRA,"C/C,C/F,C/L,C/W"
V+J,mouse,TRAV14-1,TRAJ58,C/F,1.0,15,TRA,"C/C,C/F,C/L,C/W"
V+J,mouse,TRAV4-4/DV10,TRAJ58,C/F,1.0,15,TRA,"C/C,C/F,C/L,C/W"
V+J,mouse,TRAV12-3,TRAJ23,C/F,1.0,15,TRA,"C/C,C/F,C/L,C/W"
V+J,mouse,TRAV12D-2,TRAJ30,C/F,1.0,15,TRA,"C/C,C/F,C/L,C/W"
V+J,mouse,TRAV6-6,TRAJ38,C/W,1.0,15,TRA,"C/C,C/F,C/L,C/W"
V+J,mouse,TRAV3-1,TRAJ7,C/L,1.0,15,TRA,"C/C,C/F,C/L,C/W"
V+J,mouse,TRAV5-1,TRAJ30,C/F,1.0,15,TRA,"C/C,C/F,C/L,C/W"
V+J,mouse,TRAV14-1,TRAJ56,C/F,1.0,15,TRA,"C/C,C/F,C/L,C/W"
V+J,mouse,TRAV4-3,TRAJ43,C/F,1.0,15,TRA,"C/C,C/F,C/L,C/W"
V+J,mouse,TRAV13N-1,TRAJ22,C/F,1.0,15,TRA,"C/C,C/F,C/L,C/W"
V+J,mouse,TRAV6D-6,TRAJ12,C/F,1.0,15,TRA,"C/C,C/F,C/L,C/W"
V+J,mouse,TRAV7-1,TRAJ33,C/W,1.0,15,TRA,"C/C,C/F,C/L,C/W"
V+J,human,TRAV35,TRAJ8,C/F,1.0,15,TRA,"C/C,C/F,C/L,C/W"
V+J,human,TRAV10,TRAJ57,C/F,1.0,15,TRA,"C/C,C/F,C/L,C/W"
V+J,human,TRAV35,TRAJ3,C/F,1.0,15,TRA,"C/C,C/F,C/L,C/W"
V+J,human,TRAV20,TRAJ46,C/F,1.0,15,TRA,"C/C,C/F,C/L,C/W"
V+J,human,TRAV12-1,TRAJ25,C/F,1.0,15,TRA,"C/C,C/F,C/L,C/W"
V+J,mouse,TRAV5N-4,TRAJ37,C/F,1.0,15,TRA,"C/C,C/F,C/L,C/W"
V+J,mouse,TRAV6N-7,TRAJ49,C/F,1.0,15,TRA,"C/C,C/F,C/L,C/W"
V+J,human,TRAV8-1,TRAJ31,C/F,1.0,15,TRA,"C/C,C/F,C/L,C/W"
V+J,human,TRAV35,TRAJ31,C/F,1.0,15,TRA,"C/C,C/F,C/L,C/W"
V+J,mouse,TRAV4-3,TRAJ49,C/F,1.0,14,TRA,"C/C,C/F,C/L,C/W"
V+J,mouse,TRAV9-2,TRAJ44,C/L,1.0,14,TRA,"C/C,C/F,C/L,C/W"
V+J,mouse,TRAV14D-3/DV8,TRAJ21,C/F,1.0,14,TRA,"C/C,C/F,C/L,C/W"
V+J,mouse,TRAV6-7/DV9,TRAJ57,C/F,1.0,14,TRA,"C/C,C/F,C/L,C/W"
V+J,mouse,TRAV9-2,TRAJ30,C/F,1.0,14,TRA,"C/C,C/F,C/L,C/W"
V+J,mouse,TRAV19,TRAJ48,C/F,1.0,14,TRA,"C/C,C/F,C/L,C/W"
V+J,mouse,TRAV5D-4,TRAJ17,C/F,1.0,14,TRA,"C/C,C/F,C/L,C/W"
V+J,mouse,TRAV14D-1,TRAJ13,C/F,1.0,14,TRA,"C/C,C/F,C/L,C/W"
V+J,mouse,TRAV12D-3,TRAJ4,C/F,1.0,14,TRA,"C/C,C/F,C/L,C/W"
V+J,mouse,TRAV4-4/DV10,TRAJ37,C/F,1.0,14,TRA,"C/C,C/F,C/L,C/W"
V+J,mouse,TRAV6-5,TRAJ42,C/F,1.0,14,TRA,"C/C,C/F,C/L,C/W"
V+J,mouse,TRAV14-3,TRAJ39,C/F,1.0,14,TRA,"C/C,C/F,C/L,C/W"
V+J,mouse,TRAV14D-3/DV8,TRAJ23,C/F,1.0,14,TRA,"C/C,C/F,C/L,C/W"
V+J,mouse,TRAV6N-6,TRAJ13,C/F,1.0,14,TRA,"C/C,C/F,C/L,C/W"
V+J,mouse,TRAV7-5,TRAJ12,C/F,1.0,14,TRA,"C/C,C/F,C/L,C/W"
V+J,mouse,TRAV9-2,TRAJ22,C/F,1.0,14,TRA,"C/C,C/F,C/L,C/W"
V+J,mouse,TRAV7D-6,TRAJ12,C/F,1.0,14,TRA,"C/C,C/F,C/L,C/W"
V+J,mouse,TRAV14-2,TRAJ2,C/F,1.0,14,TRA,"C/C,C/F,C/L,C/W"
V+J,mouse,TRAV7D-4,TRAJ12,C/F,1.0,14,TRA,"C/C,C/F,C/L,C/W"
V+J,mouse,TRAV12D-3,TRAJ27,C/F,1.0,14,TRA,"C/C,C/F,C/L,C/W"
V+J,mouse,TRAV4D-3,TRAJ15,C/F,1.0,14,TRA,"C/C,C/F,C/L,C/W"
V+J,mouse,TRAV14-2,TRAJ31,C/F,1.0,14,TRA,"C/C,C/F,C/L,C/W"
V+J,mouse,TRAV7-6,TRAJ40,C/F,1.0,14,TRA,"C/C,C/F,C/L,C/W"
V+J,mouse,TRAV14-1,TRAJ48,C/F,1.0,14,TRA,"C/C,C/F,C/L,C/W"
V+J,mouse,TRAV17,TRAJ58,C/F,1.0,14,TRA,"C/C,C/F,C/L,C/W"
V+J,mouse,TRAV16,TRAJ27,C/F,1.0,14,TRA,"C/C,C/F,C/L,C/W"
V+J,mouse,TRAV7-2,TRAJ33,C/W,1.0,14,TRA,"C/C,C/F,C/L,C/W"
V+J,mouse,TRAV10,TRAJ17,C/F,1.0,14,TRA,"C/C,C/F,C/L,C/W"
V+J,mouse,TRAV6-4,TRAJ34,C/F,1.0,14,TRA,"C/C,C/F,C/L,C/W"
V+J,mouse,TRAV6N-6,TRAJ15,C/F,1.0,14,TRA,"C/C,C/F,C/L,C/W"
V+J,mouse,TRAV6-6,TRAJ56,C/F,1.0,14,TRA,"C/C,C/F,C/L,C/W"
V+J,mouse,TRAV6D-7,TRAJ39,C/F,1.0,14,TRA,"C/C,C/F,C/L,C/W"
V+J,mouse,TRAV5-1,TRAJ17,C/F,1.0,14,TRA,"C/C,C/F,C/L,C/W"
V+J,mouse,TRAV8-1,TRAJ12,C/F,1.0,14,TRA,"C/C,C/F,C/L,C/W"
V+J,mouse,TRAV14-3,TRAJ37,C/F,1.0,14,TRA,"C/C,C/F,C/L,C/W"
V+J,mouse,TRAV14-2,TRAJ21,C/F,1.0,14,TRA,"C/C,C/F,C/L,C/W"
V+J,mouse,TRAV5-4,TRAJ37,C/F,1.0,14,TRA,"C/C,C/F,C/L,C/W"
V+J,mouse,TRAV7D-4,TRAJ31,C/F,1.0,14,TRA,"C/C,C/F,C/L,C/W"
V+J,mouse,TRAV2,TRAJ22,C/F,1.0,14,TRA,"C/C,C/F,C/L,C/W"
V+J,mouse,TRAV16,TRAJ34,C/F,1.0,14,TRA,"C/C,C/F,C/L,C/W"
V+J,mouse,TRAV19,TRAJ52,C/F,1.0,14,TRA,"C/C,C/F,C/L,C/W"
V+J,mouse,TRAV9D-1,TRAJ49,C/F,1.0,14,TRA,"C/C,C/F,C/L,C/W"
V+J,mouse,TRAV10,TRAJ48,C/F,1.0,14,TRA,"C/C,C/F,C/L,C/W"
V+J,mouse,TRAV12D-3,TRAJ11,C/F,1.0,14,TRA,"C/C,C/F,C/L,C/W"
V+J,mouse,TRAV6N-6,TRAJ6,C/F,1.0,14,TRA,"C/C,C/F,C/L,C/W"
V+J,mouse,TRAV14-3,TRAJ34,C/F,1.0,14,TRA,"C/C,C/F,C/L,C/W"
V+J,mouse,TRAV12D-3,TRAJ2,C/F,1.0,14,TRA,"C/C,C/F,C/L,C/W"
V+J,mouse,TRAV8D-2,TRAJ27,C/F,1.0,14,TRA,"C/C,C/F,C/L,C/W"
V+J,mouse,TRAV13-1,TRAJ13,C/F,1.0,14,TRA,"C/C,C/F,C/L,C/W"
V+J,mouse,TRAV9D-3,TRAJ5,C/F,1.0,14,TRA,"C/C,C/F,C/L,C/W"
V+J,mouse,TRAV6-3,TRAJ33,C/W,1.0,14,TRA,"C/C,C/F,C/L,C/W"
V+J,mouse,TRAV7-5,TRAJ53,C/F,1.0,14,TRA,"C/C,C/F,C/L,C/W"
V+J,mouse,TRAV4-2,TRAJ31,C/F,1.0,14,TRA,"C/C,C/F,C/L,C/W"
V+J,mouse,TRAV6-4,TRAJ30,C/F,1.0,14,TRA,"C/C,C/F,C/L,C/W"
V+J,mouse,TRAV6-5,TRAJ34,C/F,1.0,14,TRA,"C/C,C/F,C/L,C/W"
V+J,mouse,TRAV5-1,TRAJ23,C/F,1.0,14,TRA,"C/C,C/F,C/L,C/W"
V+J,mouse,TRAV1,TRAJ17,C/F,1.0,14,TRA,"C/C,C/F,C/L,C/W"
V+J,mouse,TRAV9D-3,TRAJ18,C/F,1.0,14,TRA,"C/C,C/F,C/L,C/W"
V+J,mouse,TRAV14-3,TRAJ15,C/F,1.0,14,TRA,"C/C,C/F,C/L,C/W"
V+J,mouse,TRAV9-4,TRAJ35,C/F,1.0,14,TRA,"C/C,C/F,C/L,C/W"
V+J,mouse,TRAV16,TRAJ33,C/W,1.0,14,TRA,"C/C,C/F,C/L,C/W"
V+J,mouse,TRAV13-1,TRAJ53,C/F,1.0,14,TRA,"C/C,C/F,C/L,C/W"
V+J,mouse,TRAV8D-2,TRAJ39,C/F,1.0,14,TRA,"C/C,C/F,C/L,C/W"
V+J,mouse,TRAV16D/DV11,TRAJ15,C/F,1.0,14,TRA,"C/C,C/F,C/L,C/W"
V+J,mouse,TRAV7-4,TRAJ13,C/F,1.0,14,TRA,"C/C,C/F,C/L,C/W"
V+J,mouse,TRAV7D-2,TRAJ18,C/F,1.0,14,TRA,"C/C,C/F,C/L,C/W"
V+J,mouse,TRAV9D-3,TRAJ11,C/F,1.0,14,TRA,"C/C,C/F,C/L,C/W"
V+J,mouse,TRAV7-4,TRAJ50,C/F,1.0,14,TRA,"C/C,C/F,C/L,C/W"
V+J,mouse,TRAV5-1,TRAJ21,C/F,1.0,14,TRA,"C/C,C/F,C/L,C/W"
V+J,mouse,TRAV13-2,TRAJ26,C/F,1.0,14,TRA,"C/C,C/F,C/L,C/W"
V+J,mouse,TRAV4D-3,TRAJ12,C/F,1.0,14,TRA,"C/C,C/F,C/L,C/W"
V+J,mouse,TRAV3-4,TRAJ53,C/F,1.0,14,TRA,"C/C,C/F,C/L,C/W"
V+J,mouse,TRAV6-1,TRAJ39,C/F,1.0,14,TRA,"C/C,C/F,C/L,C/W"
V+J,mouse,TRAV16D/DV11,TRAJ53,C/F,1.0,14,TRA,"C/C,C/F,C/L,C/W"
V+J,human,TRAV9-2,TRAJ25,C/F,1.0,14,TRA,"C/C,C/F,C/L,C/W"
V+J,human,TRAV40,TRAJ17,C/F,1.0,14,TRA,"C/C,C/F,C/L,C/W"
V+J,human,TRAV39,TRAJ8,C/F,1.0,14,TRA,"C/C,C/F,C/L,C/W"
V+J,human,TRAV35,TRAJ6,C/F,1.0,14,TRA,"C/C,C/F,C/L,C/W"
V+J,human,TRAV5,TRAJ56,C/F,1.0,14,TRA,"C/C,C/F,C/L,C/W"
V+J,human,TRAV8-1,TRAJ58,C/F,1.0,14,TRA,"C/C,C/F,C/L,C/W"
V+J,mouse,TRAV6N-7,TRAJ40,C/F,1.0,14,TRA,"C/C,C/F,C/L,C/W"
V+J,mouse,TRAV5N-4,TRAJ18,C/F,1.0,14,TRA,"C/C,C/F,C/L,C/W"
V+J,mouse,TRAV6N-7,TRAJ43,C/F,1.0,14,TRA,"C/C,C/F,C/L,C/W"
V+J,mouse,TRAV12N-2,TRAJ39,C/F,1.0,14,TRA,"C/C,C/F,C/L,C/W"
V+J,mouse,TRAV6N-7,TRAJ48,C/F,1.0,14,TRA,"C/C,C/F,C/L,C/W"
V+J,human,TRAV8-3,TRAJ31,C/F,1.0,14,TRA,"C/C,C/F,C/L,C/W"
V+J,human,TRAV1-1,TRAJ31,C/F,1.0,14,TRA,"C/C,C/F,C/L,C/W"
V+J,human,TRAV2,TRAJ31,C/F,1.0,14,TRA,"C/C,C/F,C/L,C/W"
V+J,human,TRAV8-4,TRAJ31,C/F,1.0,14,TRA,"C/C,C/F,C/L,C/W"
V+J,mouse,TRAV7-4,TRAJ42,C/F,1.0,13,TRA,"C/C,C/F,C/L,C/W"
V+J,mouse,TRAV12-2,TRAJ45,C/F,1.0,13,TRA,"C/C,C/F,C/L,C/W"
V+J,mouse,TRAV8D-2,TRAJ21,C/F,1.0,13,TRA,"C/C,C/F,C/L,C/W"
V+J,mouse,TRAV14-1,TRAJ39,C/F,1.0,13,TRA,"C/C,C/F,C/L,C/W"
V+J,mouse,TRAV7-6,TRAJ56,C/F,1.0,13,TRA,"C/C,C/F,C/L,C/W"
V+J,mouse,TRAV12D-3,TRAJ28,C/F,1.0,13,TRA,"C/C,C/F,C/L,C/W"
V+J,mouse,TRAV4D-4,TRAJ13,C/F,1.0,13,TRA,"C/C,C/F,C/L,C/W"
V+J,mouse,TRAV9-4,TRAJ44,C/L,1.0,13,TRA,"C/C,C/F,C/L,C/W"
V+J,mouse,TRAV8D-1,TRAJ40,C/F,1.0,13,TRA,"C/C,C/F,C/L,C/W"
V+J,mouse,TRAV10,TRAJ53,C/F,1.0,13,TRA,"C/C,C/F,C/L,C/W"
V+J,mouse,TRAV14-2,TRAJ7,C/L,1.0,13,TRA,"C/C,C/F,C/L,C/W"
V+J,mouse,TRAV3-1,TRAJ9,C/F,1.0,13,TRA,"C/C,C/F,C/L,C/W"
V+J,mouse,TRAV9D-3,TRAJ32,C/F,1.0,13,TRA,"C/C,C/F,C/L,C/W"
V+J,mouse,TRAV4D-3,TRAJ22,C/F,1.0,13,TRA,"C/C,C/F,C/L,C/W"
V+J,mouse,TRAV6N-6,TRAJ17,C/F,1.0,13,TRA,"C/C,C/F,C/L,C/W"
V+J,mouse,TRAV6-7/DV9,TRAJ43,C/F,1.0,13,TRA,"C/C,C/F,C/L,C/W"
V+J,mouse,TRAV7-1,TRAJ9,C/F,1.0,13,TRA,"C/C,C/F,C/L,C/W"
V+J,mouse,TRAV14-1,TRAJ52,C/F,1.0,13,TRA,"C/C,C/F,C/L,C/W"
V+J,mouse,TRAV5-1,TRAJ13,C/F,1.0,13,TRA,"C/C,C/F,C/L,C/W"
V+J,mouse,TRAV12D-3,TRAJ16,C/F,1.0,13,TRA,"C/C,C/F,C/L,C/W"
V+J,mouse,TRAV9-1,TRAJ16,C/F,1.0,13,TRA,"C/C,C/F,C/L,C/W"
V+J,mouse,TRAV3-1,TRAJ21,C/F,1.0,13,TRA,"C/C,C/F,C/L,C/W"
V+J,mouse,TRAV5-4,TRAJ31,C/F,1.0,13,TRA,"C/C,C/F,C/L,C/W"
V+J,mouse,TRAV1,TRAJ23,C/F,1.0,13,TRA,"C/C,C/F,C/L,C/W"
V+J,mouse,TRAV9-2,TRAJ27,C/F,1.0,13,TRA,"C/C,C/F,C/L,C/W"
V+J,mouse,TRAV14D-1,TRAJ6,C/F,1.0,13,TRA,"C/C,C/F,C/L,C/W"
V+J,mouse,TRAV14D-1,TRAJ21,C/F,1.0,13,TRA,"C/C,C/F,C/L,C/W"
V+J,mouse,TRAV12-3,TRAJ39,C/F,1.0,13,TRA,"C/C,C/F,C/L,C/W"
V+J,mouse,TRAV6-3,TRAJ30,C/F,1.0,13,TRA,"C/C,C/F,C/L,C/W"
V+J,mouse,TRAV6-5,TRAJ26,C/F,1.0,13,TRA,"C/C,C/F,C/L,C/W"
V+J,mouse,TRAV6-2,TRAJ26,C/F,1.0,13,TRA,"C/C,C/F,C/L,C/W"
V+J,mouse,TRAV9-2,TRAJ39,C/F,1.0,13,TRA,"C/C,C/F,C/L,C/W"
V+J,mouse,TRAV4D-4,TRAJ37,C/F,1.0,13,TRA,"C/C,C/F,C/L,C/W"
V+J,mouse,TRAV6-2,TRAJ15,C/F,1.0,13,TRA,"C/C,C/F,C/L,C/W"
V+J,mouse,TRAV14-1,TRAJ23,C/F,1.0,13,TRA,"C/C,C/F,C/L,C/W"
V+J,mouse,TRAV6-4,TRAJ15,C/F,1.0,13,TRA,"C/C,C/F,C/L,C/W"
V+J,mouse,TRAV6-4,TRAJ32,C/F,1.0,13,TRA,"C/C,C/F,C/L,C/W"
V+J,mouse,TRAV13-2,TRAJ42,C/F,1.0,13,TRA,"C/C,C/F,C/L,C/W"
V+J,mouse,TRAV17,TRAJ56,C/F,1.0,13,TRA,"C/C,C/F,C/L,C/W"
V+J,mouse,TRAV6-6,TRAJ4,C/F,1.0,13,TRA,"C/C,C/F,C/L,C/W"
V+J,mouse,TRAV4-3,TRAJ30,C/F,1.0,13,TRA,"C/C,C/F,C/L,C/W"
V+J,mouse,TRAV14D-3/DV8,TRAJ32,C/F,1.0,13,TRA,"C/C,C/F,C/L,C/W"
V+J,mouse,TRAV7-3,TRAJ34,C/F,1.0,13,TRA,"C/C,C/F,C/L,C/W"
V+J,mouse,TRAV4-2,TRAJ9,C/F,1.0,13,TRA,"C/C,C/F,C/L,C/W"
V+J,mouse,TRAV4D-3,TRAJ33,C/W,1.0,13,TRA,"C/C,C/F,C/L,C/W"
V+J,mouse,TRAV9-1,TRAJ9,C/F,1.0,13,TRA,"C/C,C/F,C/L,C/W"
V+J,mouse,TRAV13-2,TRAJ53,C/F,1.0,13,TRA,"C/C,C/F,C/L,C/W"
V+J,mouse,TRAV5D-4,TRAJ11,C/F,1.0,13,TRA,"C/C,C/F,C/L,C/W"
V+J,mouse,TRAV14-2,TRAJ15,C/F,1.0,13,TRA,"C/C,C/F,C/L,C/W"
V+J,mouse,TRAV9-4,TRAJ50,C/F,1.0,13,TRA,"C/C,C/F,C/L,C/W"
V+J,mouse,TRAV3-1,TRAJ27,C/F,1.0,13,TRA,"C/C,C/F,C/L,C/W"
V+J,mouse,TRAV7-3,TRAJ37,C/F,1.0,13,TRA,"C/C,C/F,C/L,C/W"
V+J,mouse,TRAV7-2,TRAJ39,C/F,1.0,13,TRA,"C/C,C/F,C/L,C/W"
V+J,mouse,TRAV14-1,TRAJ21,C/F,1.0,13,TRA,"C/C,C/F,C/L,C/W"
V+J,mouse,TRAV6-3,TRAJ9,C/F,1.0,13,TRA,"C/C,C/F,C/L,C/W"
V+J,mouse,TRAV8-1,TRAJ32,C/F,1.0,13,TRA,"C/C,C/F,C/L,C/W"
V+J,mouse,TRAV10,TRAJ37,C/F,1.0,13,TRA,"C/C,C/F,C/L,C/W"
V+J,mouse,TRAV4-2,TRAJ22,C/F,1.0,13,TRA,"C/C,C/F,C/L,C/W"
V+J,mouse,TRAV12D-3,TRAJ32,C/F,1.0,13,TRA,"C/C,C/F,C/L,C/W"
V+J,mouse,TRAV7-3,TRAJ49,C/F,1.0,13,TRA,"C/C,C/F,C/L,C/W"
V+J,mouse,TRAV4-2,TRAJ32,C/F,1.0,13,TRA,"C/C,C/F,C/L,C/W"
V+J,mouse,TRAV14-2,TRAJ57,C/F,1.0,13,TRA,"C/C,C/F,C/L,C/W"
V+J,mouse,TRAV16N,TRAJ49,C/F,1.0,13,TRA,"C/C,C/F,C/L,C/W"
V+J,mouse,TRAV4-2,TRAJ26,C/F,1.0,13,TRA,"C/C,C/F,C/L,C/W"
V+J,mouse,TRAV4-2,TRAJ34,C/F,1.0,13,TRA,"C/C,C/F,C/L,C/W"
V+J,mouse,TRAV15D-2/DV6D-2,TRAJ27,C/F,1.0,13,TRA,"C/C,C/F,C/L,C/W"
V+J,mouse,TRAV6D-6,TRAJ26,C/F,1.0,13,TRA,"C/C,C/F,C/L,C/W"
V+J,mouse,TRAV4-3,TRAJ32,C/F,1.0,13,TRA,"C/C,C/F,C/L,C/W"
V+J,mouse,TRAV4-2,TRAJ13,C/F,1.0,13,TRA,"C/C,C/F,C/L,C/W"
V+J,mouse,TRAV13-2,TRAJ57,C/F,1.0,13,TRA,"C/C,C/F,C/L,C/W"
V+J,mouse,TRAV16D/DV11,TRAJ40,C/F,1.0,13,TRA,"C/C,C/F,C/L,C/W"
V+J,mouse,TRAV5D-4,TRAJ27,C/F,1.0,13,TRA,"C/C,C/F,C/L,C/W"
V+J,mouse,TRAV7D-2,TRAJ40,C/F,1.0,13,TRA,"C/C,C/F,C/L,C/W"
V+J,mouse,TRAV13-1,TRAJ28,C/F,1.0,13,TRA,"C/C,C/F,C/L,C/W"
V+J,mouse,TRAV4D-3,TRAJ4,C/F,1.0,13,TRA,"C/C,C/F,C/L,C/W"
V+J,mouse,TRAV7-3,TRAJ42,C/F,1.0,13,TRA,"C/C,C/F,C/L,C/W"
V+J,mouse,TRAV14-2,TRAJ52,C/F,1.0,13,TRA,"C/C,C/F,C/L,C/W"
V+J,mouse,TRAV9D-1,TRAJ15,C/F,1.0,13,TRA,"C/C,C/F,C/L,C/W"
V+J,mouse,TRAV1,TRAJ15,C/F,1.0,13,TRA,"C/C,C/F,C/L,C/W"
V+J,mouse,TRAV8D-1,TRAJ32,C/F,1.0,13,TRA,"C/C,C/F,C/L,C/W"
V+J,mouse,TRAV6-4,TRAJ26,C/F,1.0,13,TRA,"C/C,C/F,C/L,C/W"
V+J,mouse,TRAV4-3,TRAJ15,C/F,1.0,13,TRA,"C/C,C/F,C/L,C/W"
V+J,mouse,TRAV5-1,TRAJ9,C/F,1.0,13,TRA,"C/C,C/F,C/L,C/W"
V+J,mouse,TRAV13-1,TRAJ58,C/F,1.0,13,TRA,"C/C,C/F,C/L,C/W"
V+J,mouse,TRAV8D-2,TRAJ23,C/F,1.0,13,TRA,"C/C,C/F,C/L,C/W"
V+J,mouse,TRAV5-1,TRAJ39,C/F,1.0,13,TRA,"C/C,C/F,C/L,C/W"
V+J,mouse,TRAV7D-3,TRAJ22,C/F,1.0,13,TRA,"C/C,C/F,C/L,C/W"
V+J,mouse,TRAV7D-2,TRAJ31,C/F,1.0,13,TRA,"C/C,C/F,C/L,C/W"
V+J,mouse,TRAV7D-2,TRAJ26,C/F,1.0,13,TRA,"C/C,C/F,C/L,C/W"
V+J,human,TRAV41,TRAJ12,C/F,1.0,13,TRA,"C/C,C/F,C/L,C/W"
V+J,human,TRAV40,TRAJ38,C/W,1.0,13,TRA,"C/C,C/F,C/L,C/W"
V+J,human,TRAV23/DV6,TRAJ61,C/F,1.0,13,TRA,"C/C,C/F,C/L,C/W"
V+J,mouse,TRAV12N-3,TRAJ34,C/F,1.0,13,TRA,"C/C,C/F,C/L,C/W"
V+J,human,TRAV25,TRAJ31,C/F,1.0,13,TRA,"C/C,C/F,C/L,C/W"
V+J,human,TRAV13-2,TRAJ31,C/F,1.0,13,TRA,"C/C,C/F,C/L,C/W"
V+J,human,TRAV8-6,TRAJ31,C/F,1.0,13,TRA,"C/C,C/F,C/L,C/W"
V+J,mouse,TRAV8D-2,TRAJ31,C/F,1.0,12,TRA,"C/C,C/F,C/L,C/W"
V+J,mouse,TRAV7D-5,TRAJ15,C/F,1.0,12,TRA,"C/C,C/F,C/L,C/W"
V+J,mouse,TRAV3-1,TRAJ34,C/F,1.0,12,TRA,"C/C,C/F,C/L,C/W"
V+J,mouse,TRAV13-4/DV7,TRAJ42,C/F,1.0,12,TRA,"C/C,C/F,C/L,C/W"
V+J,mouse,TRAV14D-1,TRAJ48,C/F,1.0,12,TRA,"C/C,C/F,C/L,C/W"
V+J,mouse,TRAV14-2,TRAJ17,C/F,1.0,12,TRA,"C/C,C/F,C/L,C/W"
V+J,mouse,TRAV5-4,TRAJ45,C/F,1.0,12,TRA,"C/C,C/F,C/L,C/W"
V+J,mouse,TRAV5-4,TRAJ34,C/F,1.0,12,TRA,"C/C,C/F,C/L,C/W"
V+J,mouse,TRAV13-2,TRAJ48,C/F,1.0,12,TRA,"C/C,C/F,C/L,C/W"
V+J,mouse,TRAV13-1,TRAJ44,C/L,1.0,12,TRA,"C/C,C/F,C/L,C/W"
V+J,mouse,TRAV14-3,TRAJ9,C/F,1.0,12,TRA,"C/C,C/F,C/L,C/W"
V+J,mouse,TRAV16,TRAJ43,C/F,1.0,12,TRA,"C/C,C/F,C/L,C/W"
V+J,mouse,TRAV6D-3,TRAJ32,C/F,1.0,12,TRA,"C/C,C/F,C/L,C/W"
V+J,mouse,TRAV3-3,TRAJ44,C/L,1.0,12,TRA,"C/C,C/F,C/L,C/W"
V+J,mouse,TRAV6-5,TRAJ40,C/F,1.0,12,TRA,"C/C,C/F,C/L,C/W"
V+J,mouse,TRAV6-3,TRAJ23,C/F,1.0,12,TRA,"C/C,C/F,C/L,C/W"
V+J,mouse,TRAV8N-2,TRAJ18,C/F,1.0,12,TRA,"C/C,C/F,C/L,C/W"
V+J,mouse,TRAV14D-3/DV8,TRAJ7,C/L,1.0,12,TRA,"C/C,C/F,C/L,C/W"
V+J,mouse,TRAV12-3,TRAJ57,C/F,1.0,12,TRA,"C/C,C/F,C/L,C/W"
V+J,mouse,TRAV12-3,TRAJ33,C/W,1.0,12,TRA,"C/C,C/F,C/L,C/W"
V+J,mouse,TRAV12-1,TRAJ23,C/F,1.0,12,TRA,"C/C,C/F,C/L,C/W"
V+J,mouse,TRAV12D-2,TRAJ34,C/F,1.0,12,TRA,"C/C,C/F,C/L,C/W"
V+J,mouse,TRAV6D-7,TRAJ33,C/W,1.0,12,TRA,"C/C,C/F,C/L,C/W"
V+J,mouse,TRAV14-2,TRAJ34,C/F,1.0,12,TRA,"C/C,C/F,C/L,C/W"
V+J,mouse,TRAV7D-6,TRAJ32,C/F,1.0,12,TRA,"C/C,C/F,C/L,C/W"
V+J,mouse,TRAV7D-4,TRAJ22,C/F,1.0,12,TRA,"C/C,C/F,C/L,C/W"
V+J,mouse,TRAV8-1,TRAJ27,C/F,1.0,12,TRA,"C/C,C/F,C/L,C/W"
V+J,mouse,TRAV21/DV12,TRAJ48,C/F,1.0,12,TRA,"C/C,C/F,C/L,C/W"
V+J,mouse,TRAV4-3,TRAJ21,C/F,1.0,12,TRA,"C/C,C/F,C/L,C/W"
V+J,mouse,TRAV12-1,TRAJ27,C/F,1.0,12,TRA,"C/C,C/F,C/L,C/W"
V+J,mouse,TRAV9-1,TRAJ13,C/F,1.0,12,TRA,"C/C,C/F,C/L,C/W"
V+J,mouse,TRAV7-4,TRAJ45,C/F,1.0,12,TRA,"C/C,C/F,C/L,C/W"
V+J,mouse,TRAV10,TRAJ13,C/F,1.0,12,TRA,"C/C,C/F,C/L,C/W"
V+J,mouse,TRAV10,TRAJ50,C/F,1.0,12,TRA,"C/C,C/F,C/L,C/W"
V+J,mouse,TRAV4-4/DV10,TRAJ34,C/F,1.0,12,TRA,"C/C,C/F,C/L,C/W"
V+J,mouse,TRAV13-2,TRAJ32,C/F,1.0,12,TRA,"C/C,C/F,C/L,C/W"
V+J,mouse,TRAV16,TRAJ38,C/W,1.0,12,TRA,"C/C,C/F,C/L,C/W"
V+J,mouse,TRAV14D-3/DV8,TRAJ15,C/F,1.0,12,TRA,"C/C,C/F,C/L,C/W"
V+J,mouse,TRAV7-1,TRAJ6,C/F,1.0,12,TRA,"C/C,C/F,C/L,C/W"
V+J,mouse,TRAV7-5,TRAJ37,C/F,1.0,12,TRA,"C/C,C/F,C/L,C/W"
V+J,mouse,TRAV13-2,TRAJ12,C/F,1.0,12,TRA,"C/C,C/F,C/L,C/W"
V+J,mouse,TRAV16N,TRAJ39,C/F,1.0,12,TRA,"C/C,C/F,C/L,C/W"
V+J,mouse,TRAV17,TRAJ42,C/F,1.0,12,TRA,"C/C,C/F,C/L,C/W"
V+J,mouse,TRAV13-4/DV7,TRAJ56,C/F,1.0,12,TRA,"C/C,C/F,C/L,C/W"
V+J,mouse,TRAV7D-4,TRAJ49,C/F,1.0,12,TRA,"C/C,C/F,C/L,C/W"
V+J,mouse,TRAV14D-3/DV8,TRAJ27,C/F,1.0,12,TRA,"C/C,C/F,C/L,C/W"
V+J,mouse,TRAV7D-4,TRAJ26,C/F,1.0,12,TRA,"C/C,C/F,C/L,C/W"
V+J,mouse,TRAV6-4,TRAJ12,C/F,1.0,12,TRA,"C/C,C/F,C/L,C/W"
V+J,mouse,TRAV10D,TRAJ26,C/F,1.0,12,TRA,"C/C,C/F,C/L,C/W"
V+J,mouse,TRAV6-2,TRAJ12,C/F,1.0,12,TRA,"C/C,C/F,C/L,C/W"
V+J,mouse,TRAV7-5,TRAJ39,C/F,1.0,12,TRA,"C/C,C/F,C/L,C/W"
V+J,mouse,TRAV14-3,TRAJ27,C/F,1.0,12,TRA,"C/C,C/F,C/L,C/W"
V+J,mouse,TRAV7-4,TRAJ52,C/F,1.0,12,TRA,"C/C,C/F,C/L,C/W"
V+J,mouse,TRAV7-3,TRAJ17,C/F,1.0,12,TRA,"C/C,C/F,C/L,C/W"
V+J,mouse,TRAV3-1,TRAJ31,C/F,1.0,12,TRA,"C/C,C/F,C/L,C/W"
V+J,mouse,TRAV7-4,TRAJ48,C/F,1.0,12,TRA,"C/C,C/F,C/L,C/W"
V+J,mouse,TRAV14-3,TRAJ32,C/F,1.0,12,TRA,"C/C,C/F,C/L,C/W"
V+J,mouse,TRAV17,TRAJ50,C/F,1.0,12,TRA,"C/C,C/F,C/L,C/W"
V+J,mouse,TRAV6-6,TRAJ50,C/F,1.0,12,TRA,"C/C,C/F,C/L,C/W"
V+J,mouse,TRAV17,TRAJ48,C/F,1.0,12,TRA,"C/C,C/F,C/L,C/W"
V+J,mouse,TRAV9-1,TRAJ33,C/W,1.0,12,TRA,"C/C,C/F,C/L,C/W"
V+J,mouse,TRAV6D-4,TRAJ34,C/F,1.0,12,TRA,"C/C,C/F,C/L,C/W"
V+J,mouse,TRAV12D-2,TRAJ39,C/F,1.0,12,TRA,"C/C,C/F,C/L,C/W"
V+J,mouse,TRAV12-1,TRAJ56,C/F,1.0,12,TRA,"C/C,C/F,C/L,C/W"
V+J,mouse,TRAV10D,TRAJ30,C/F,1.0,12,TRA,"C/C,C/F,C/L,C/W"
V+J,mouse,TRAV6N-6,TRAJ7,C/L,1.0,12,TRA,"C/C,C/F,C/L,C/W"
V+J,mouse,TRAV13D-2,TRAJ18,C/F,1.0,12,TRA,"C/C,C/F,C/L,C/W"
V+J,mouse,TRAV5-1,TRAJ37,C/F,1.0,12,TRA,"C/C,C/F,C/L,C/W"
V+J,mouse,TRAV3D-3,TRAJ28,C/F,1.0,12,TRA,"C/C,C/F,C/L,C/W"
V+J,mouse,TRAV12-3,TRAJ38,C/W,1.0,12,TRA,"C/C,C/F,C/L,C/W"
V+J,mouse,TRAV9-3,TRAJ33,C/W,1.0,12,TRA,"C/C,C/F,C/L,C/W"
V+J,mouse,TRAV3-3,TRAJ21,C/F,1.0,12,TRA,"C/C,C/F,C/L,C/W"
V+J,mouse,TRAV7D-3,TRAJ30,C/F,1.0,12,TRA,"C/C,C/F,C/L,C/W"
V+J,mouse,TRAV8N-2,TRAJ12,C/F,1.0,12,TRA,"C/C,C/F,C/L,C/W"
V+J,mouse,TRAV7D-5,TRAJ32,C/F,1.0,12,TRA,"C/C,C/F,C/L,C/W"
V+J,mouse,TRAV7D-5,TRAJ9,C/F,1.0,12,TRA,"C/C,C/F,C/L,C/W"
V+J,mouse,TRAV13-1,TRAJ12,C/F,1.0,12,TRA,"C/C,C/F,C/L,C/W"
V+J,mouse,TRAV10D,TRAJ50,C/F,1.0,12,TRA,"C/C,C/F,C/L,C/W"
V+J,mouse,TRAV6D-4,TRAJ32,C/F,1.0,12,TRA,"C/C,C/F,C/L,C/W"
V+J,mouse,TRAV16D/DV11,TRAJ30,C/F,1.0,12,TRA,"C/C,C/F,C/L,C/W"
V+J,mouse,TRAV3D-3,TRAJ2,C/F,1.0,12,TRA,"C/C,C/F,C/L,C/W"
V+J,mouse,TRAV6D-6,TRAJ22,C/F,1.0,12,TRA,"C/C,C/F,C/L,C/W"
V+J,mouse,TRAV7D-3,TRAJ49,C/F,1.0,12,TRA,"C/C,C/F,C/L,C/W"
V+J,mouse,TRAV16D/DV11,TRAJ12,C/F,1.0,12,TRA,"C/C,C/F,C/L,C/W"
V+J,mouse,TRAV13D-1,TRAJ15,C/F,1.0,12,TRA,"C/C,C/F,C/L,C/W"
V+J,mouse,TRAV13-1,TRAJ43,C/F,1.0,12,TRA,"C/C,C/F,C/L,C/W"
V+J,mouse,TRAV14-1,TRAJ18,C/F,1.0,12,TRA,"C/C,C/F,C/L,C/W"
V+J,mouse,TRAV8D-2,TRAJ16,C/F,1.0,12,TRA,"C/C,C/F,C/L,C/W"
V+J,mouse,TRAV12-1,TRAJ38,C/W,1.0,12,TRA,"C/C,C/F,C/L,C/W"
V+J,mouse,TRAV1,TRAJ22,C/F,1.0,12,TRA,"C/C,C/F,C/L,C/W"
V+J,mouse,TRAV14-3,TRAJ26,C/F,1.0,12,TRA,"C/C,C/F,C/L,C/W"
V+J,mouse,TRAV10N,TRAJ12,C/F,1.0,12,TRA,"C/C,C/F,C/L,C/W"
V+J,mouse,TRAV9-1,TRAJ45,C/F,1.0,12,TRA,"C/C,C/F,C/L,C/W"
V+J,mouse,TRAV9-3,TRAJ31,C/F,1.0,12,TRA,"C/C,C/F,C/L,C/W"
V+J,mouse,TRAV16D/DV11,TRAJ27,C/F,1.0,12,TRA,"C/C,C/F,C/L,C/W"
V+J,mouse,TRAV16N,TRAJ2,C/F,1.0,12,TRA,"C/C,C/F,C/L,C/W"
V+J,mouse,TRAV7D-2,TRAJ15,C/F,1.0,12,TRA,"C/C,C/F,C/L,C/W"
V+J,human,TRAV8-1,TRAJ56,C/F,1.0,12,TRA,"C/C,C/F,C/L,C/W"
V+J,human,TRAV9-1,TRAJ40,C/F,1.0,12,TRA,"C/C,C/F,C/L,C/W"
V+J,human,TRAV13-1,TRAJ25,C/F,1.0,12,TRA,"C/C,C/F,C/L,C/W"
V+J,mouse,TRAV5-1,TRAJ52,C/F,1.0,12,TRA,"C/C,C/F,C/L,C/W"
V+J,mouse,TRAV5-1,TRAJ50,C/F,1.0,12,TRA,"C/C,C/F,C/L,C/W"
V+J,mouse,TRAV5-1,TRAJ43,C/F,1.0,12,TRA,"C/C,C/F,C/L,C/W"
V+J,human,TRAV24,TRAJ31,C/F,1.0,12,TRA,"C/C,C/F,C/L,C/W"
V+J,human,TRAV16,TRAJ31,C/F,1.0,12,TRA,"C/C,C/F,C/L,C/W"
V+J,human,TRAV20,TRAJ31,C/F,1.0,12,TRA,"C/C,C/F,C/L,C/W"
V+J,mouse,TRAV14D-3/DV8,TRAJ11,C/F,1.0,11,TRA,"C/C,C/F,C/L,C/W"
V+J,mouse,TRAV7-6,TRAJ43,C/F,1.0,11,TRA,"C/C,C/F,C/L,C/W"
V+J,mouse,TRAV6-7/DV9,TRAJ38,C/W,1.0,11,TRA,"C/C,C/F,C/L,C/W"
V+J,mouse,TRAV8D-2,TRAJ6,C/F,1.0,11,TRA,"C/C,C/F,C/L,C/W"
V+J,mouse,TRAV12D-3,TRAJ39,C/F,1.0,11,TRA,"C/C,C/F,C/L,C/W"
V+J,mouse,TRAV4-4/DV10,TRAJ44,C/L,1.0,11,TRA,"C/C,C/F,C/L,C/W"
V+J,mouse,TRAV12-1,TRAJ34,C/F,1.0,11,TRA,"C/C,C/F,C/L,C/W"
V+J,mouse,TRAV8-1,TRAJ37,C/F,1.0,11,TRA,"C/C,C/F,C/L,C/W"
V+J,mouse,TRAV12-3,TRAJ30,C/F,1.0,11,TRA,"C/C,C/F,C/L,C/W"
V+J,mouse,TRAV7D-3,TRAJ12,C/F,1.0,11,TRA,"C/C,C/F,C/L,C/W"
V+J,mouse,TRAV6-7/DV9,TRAJ30,C/F,1.0,11,TRA,"C/C,C/F,C/L,C/W"
V+J,mouse,TRAV13-2,TRAJ58,C/F,1.0,11,TRA,"C/C,C/F,C/L,C/W"
V+J,mouse,TRAV17,TRAJ45,C/F,1.0,11,TRA,"C/C,C/F,C/L,C/W"
V+J,mouse,TRAV10D,TRAJ49,C/F,1.0,11,TRA,"C/C,C/F,C/L,C/W"
V+J,mouse,TRAV4D-4,TRAJ26,C/F,1.0,11,TRA,"C/C,C/F,C/L,C/W"
V+J,mouse,TRAV5-4,TRAJ30,C/F,1.0,11,TRA,"C/C,C/F,C/L,C/W"
V+J,mouse,TRAV14D-3/DV8,TRAJ40,C/F,1.0,11,TRA,"C/C,C/F,C/L,C/W"
V+J,mouse,TRAV3D-3,TRAJ5,C/F,1.0,11,TRA,"C/C,C/F,C/L,C/W"
V+J,mouse,TRAV13-2,TRAJ43,C/F,1.0,11,TRA,"C/C,C/F,C/L,C/W"
V+J,mouse,TRAV4-4/DV10,TRAJ39,C/F,1.0,11,TRA,"C/C,C/F,C/L,C/W"
V+J,mouse,TRAV6-2,TRAJ22,C/F,1.0,11,TRA,"C/C,C/F,C/L,C/W"
V+J,mouse,TRAV7-4,TRAJ43,C/F,1.0,11,TRA,"C/C,C/F,C/L,C/W"
V+J,mouse,TRAV14D-1,TRAJ40,C/F,1.0,11,TRA,"C/C,C/F,C/L,C/W"
V+J,mouse,TRAV4D-3,TRAJ17,C/F,1.0,11,TRA,"C/C,C/F,C/L,C/W"
V+J,mouse,TRAV5-4,TRAJ39,C/F,1.0,11,TRA,"C/C,C/F,C/L,C/W"
V+J,mouse,TRAV8D-2,TRAJ17,C/F,1.0,11,TRA,"C/C,C/F,C/L,C/W"
V+J,mouse,TRAV10,TRAJ38,C/W,1.0,11,TRA,"C/C,C/F,C/L,C/W"
V+J,mouse,TRAV5D-4,TRAJ12,C/F,1.0,11,TRA,"C/C,C/F,C/L,C/W"
V+J,mouse,TRAV7-3,TRAJ6,C/F,1.0,11,TRA,"C/C,C/F,C/L,C/W"
V+J,mouse,TRAV1,TRAJ27,C/F,1.0,11,TRA,"C/C,C/F,C/L,C/W"
V+J,mouse,TRAV7D-5,TRAJ12,C/F,1.0,11,TRA,"C/C,C/F,C/L,C/W"
V+J,mouse,TRAV7D-6,TRAJ21,C/F,1.0,11,TRA,"C/C,C/F,C/L,C/W"
V+J,mouse,TRAV9-1,TRAJ18,C/F,1.0,11,TRA,"C/C,C/F,C/L,C/W"
V+J,mouse,TRAV3-1,TRAJ26,C/F,1.0,11,TRA,"C/C,C/F,C/L,C/W"
V+J,mouse,TRAV7-5,TRAJ57,C/F,1.0,11,TRA,"C/C,C/F,C/L,C/W"
V+J,mouse,TRAV4D-3,TRAJ21,C/F,1.0,11,TRA,"C/C,C/F,C/L,C/W"
V+J,mouse,TRAV12-3,TRAJ50,C/F,1.0,11,TRA,"C/C,C/F,C/L,C/W"
V+J,mouse,TRAV13-1,TRAJ9,C/F,1.0,11,TRA,"C/C,C/F,C/L,C/W"
V+J,mouse,TRAV8D-2,TRAJ30,C/F,1.0,11,TRA,"C/C,C/F,C/L,C/W"
V+J,mouse,TRAV14-2,TRAJ5,C/F,1.0,11,TRA,"C/C,C/F,C/L,C/W"
V+J,mouse,TRAV13-1,TRAJ15,C/F,1.0,11,TRA,"C/C,C/F,C/L,C/W"
V+J,mouse,TRAV7-6,TRAJ48,C/F,1.0,11,TRA,"C/C,C/F,C/L,C/W"
V+J,mouse,TRAV14D-1,TRAJ5,C/F,1.0,11,TRA,"C/C,C/F,C/L,C/W"
V+J,mouse,TRAV14-2,TRAJ6,C/F,1.0,11,TRA,"C/C,C/F,C/L,C/W"
V+J,mouse,TRAV10,TRAJ42,C/F,1.0,11,TRA,"C/C,C/F,C/L,C/W"
V+J,mouse,TRAV7-1,TRAJ31,C/F,1.0,11,TRA,"C/C,C/F,C/L,C/W"
V+J,mouse,TRAV9-4,TRAJ45,C/F,1.0,11,TRA,"C/C,C/F,C/L,C/W"
V+J,mouse,TRAV10,TRAJ12,C/F,1.0,11,TRA,"C/C,C/F,C/L,C/W"
V+J,mouse,TRAV5-1,TRAJ48,C/F,1.0,11,TRA,"C/C,C/F,C/L,C/W"
V+J,mouse,TRAV7-5,TRAJ48,C/F,1.0,11,TRA,"C/C,C/F,C/L,C/W"
V+J,mouse,TRAV7-6,TRAJ45,C/F,1.0,11,TRA,"C/C,C/F,C/L,C/W"
V+J,mouse,TRAV12D-3,TRAJ34,C/F,1.0,11,TRA,"C/C,C/F,C/L,C/W"
V+J,mouse,TRAV7-2,TRAJ50,C/F,1.0,11,TRA,"C/C,C/F,C/L,C/W"
V+J,mouse,TRAV3-1,TRAJ30,C/F,1.0,11,TRA,"C/C,C/F,C/L,C/W"
V+J,mouse,TRAV4-2,TRAJ27,C/F,1.0,11,TRA,"C/C,C/F,C/L,C/W"
V+J,mouse,TRAV7D-2,TRAJ27,C/F,1.0,11,TRA,"C/C,C/F,C/L,C/W"
V+J,mouse,TRAV9N-4,TRAJ27,C/F,1.0,11,TRA,"C/C,C/F,C/L,C/W"
V+J,mouse,TRAV7-1,TRAJ15,C/F,1.0,11,TRA,"C/C,C/F,C/L,C/W"
V+J,mouse,TRAV4-2,TRAJ12,C/F,1.0,11,TRA,"C/C,C/F,C/L,C/W"
V+J,mouse,TRAV7-1,TRAJ30,C/F,1.0,11,TRA,"C/C,C/F,C/L,C/W"
V+J,mouse,TRAV9D-3,TRAJ49,C/F,1.0,11,TRA,"C/C,C/F,C/L,C/W"
V+J,mouse,TRAV16,TRAJ30,C/F,1.0,11,TRA,"C/C,C/F,C/L,C/W"
V+J,mouse,TRAV8-2,TRAJ45,C/F,1.0,11,TRA,"C/C,C/F,C/L,C/W"
V+J,mouse,TRAV1,TRAJ12,C/F,1.0,11,TRA,"C/C,C/F,C/L,C/W"
V+J,mouse,TRAV12D-1,TRAJ37,C/F,1.0,11,TRA,"C/C,C/F,C/L,C/W"
V+J,mouse,TRAV16,TRAJ32,C/F,1.0,11,TRA,"C/C,C/F,C/L,C/W"
V+J,mouse,TRAV13N-4,TRAJ21,C/F,1.0,11,TRA,"C/C,C/F,C/L,C/W"
V+J,mouse,TRAV5-1,TRAJ7,C/L,1.0,11,TRA,"C/C,C/F,C/L,C/W"
V+J,mouse,TRAV3-4,TRAJ56,C/F,1.0,11,TRA,"C/C,C/F,C/L,C/W"
V+J,mouse,TRAV7D-4,TRAJ13,C/F,1.0,11,TRA,"C/C,C/F,C/L,C/W"
V+J,mouse,TRAV6D-6,TRAJ42,C/F,1.0,11,TRA,"C/C,C/F,C/L,C/W"
V+J,mouse,TRAV13N-4,TRAJ32,C/F,1.0,11,TRA,"C/C,C/F,C/L,C/W"
V+J,mouse,TRAV5D-4,TRAJ6,C/F,1.0,11,TRA,"C/C,C/F,C/L,C/W"
V+J,mouse,TRAV3-3,TRAJ22,C/F,1.0,11,TRA,"C/C,C/F,C/L,C/W"
V+J,mouse,TRAV16D/DV11,TRAJ33,C/W,1.0,11,TRA,"C/C,C/F,C/L,C/W"
V+J,mouse,TRAV12-1,TRAJ57,C/F,1.0,11,TRA,"C/C,C/F,C/L,C/W"
V+J,mouse,TRAV9-3,TRAJ37,C/F,1.0,11,TRA,"C/C,C/F,C/L,C/W"
V+J,mouse,TRAV6D-6,TRAJ49,C/F,1.0,11,TRA,"C/C,C/F,C/L,C/W"
V+J,mouse,TRAV8D-2,TRAJ37,C/F,1.0,11,TRA,"C/C,C/F,C/L,C/W"
V+J,mouse,TRAV12-2,TRAJ15,C/F,1.0,11,TRA,"C/C,C/F,C/L,C/W"
V+J,mouse,TRAV10D,TRAJ40,C/F,1.0,11,TRA,"C/C,C/F,C/L,C/W"
V+J,human,TRAV5,TRAJ46,C/F,1.0,11,TRA,"C/C,C/F,C/L,C/W"
V+J,human,TRAV40,TRAJ10,C/F,1.0,11,TRA,"C/C,C/F,C/L,C/W"
V+J,human,TRAV40,TRAJ6,C/F,1.0,11,TRA,"C/C,C/F,C/L,C/W"
V+J,human,TRAV41,TRAJ11,C/F,1.0,11,TRA,"C/C,C/F,C/L,C/W"
V+J,human,TRAV19,TRAJ25,C/F,1.0,11,TRA,"C/C,C/F,C/L,C/W"
V+J,human,TRAV9-1,TRAJ5,C/F,1.0,11,TRA,"C/C,C/F,C/L,C/W"
V+J,human,TRAV40,TRAJ15,C/F,1.0,11,TRA,"C/C,C/F,C/L,C/W"
V+J,mouse,TRAV5N-4,TRAJ31,C/F,1.0,11,TRA,"C/C,C/F,C/L,C/W"
V+J,mouse,TRAV6N-7,TRAJ34,C/F,1.0,11,TRA,"C/C,C/F,C/L,C/W"
V+J,mouse,TRAV12N-2,TRAJ13,C/F,1.0,11,TRA,"C/C,C/F,C/L,C/W"
V+J,human,TRAV9-2,TRAJ31,C/F,1.0,11,TRA,"C/C,C/F,C/L,C/W"
V+J,mouse,TRAV6-3,TRAJ12,C/F,1.0,10,TRA,"C/C,C/F,C/L,C/W"
V+J,mouse,TRAV6-5,TRAJ39,C/F,1.0,10,TRA,"C/C,C/F,C/L,C/W"
V+J,mouse,TRAV8N-2,TRAJ26,C/F,1.0,10,TRA,"C/C,C/F,C/L,C/W"
V+J,mouse,TRAV14-3,TRAJ43,C/F,1.0,10,TRA,"C/C,C/F,C/L,C/W"
V+J,mouse,TRAV9-2,TRAJ56,C/F,1.0,10,TRA,"C/C,C/F,C/L,C/W"
V+J,mouse,TRAV3-4,TRAJ45,C/F,1.0,10,TRA,"C/C,C/F,C/L,C/W"
V+J,mouse,TRAV10N,TRAJ9,C/F,1.0,10,TRA,"C/C,C/F,C/L,C/W"
V+J,mouse,TRAV14-2,TRAJ53,C/F,1.0,10,TRA,"C/C,C/F,C/L,C/W"
V+J,mouse,TRAV7-3,TRAJ45,C/F,1.0,10,TRA,"C/C,C/F,C/L,C/W"
V+J,mouse,TRAV6N-6,TRAJ4,C/F,1.0,10,TRA,"C/C,C/F,C/L,C/W"
V+J,mouse,TRAV2,TRAJ7,C/L,1.0,10,TRA,"C/C,C/F,C/L,C/W"
V+J,mouse,TRAV12-1,TRAJ9,C/F,1.0,10,TRA,"C/C,C/F,C/L,C/W"
V+J,mouse,TRAV7-2,TRAJ45,C/F,1.0,10,TRA,"C/C,C/F,C/L,C/W"
V+J,mouse,TRAV6-5,TRAJ32,C/F,1.0,10,TRA,"C/C,C/F,C/L,C/W"
V+J,mouse,TRAV12-1,TRAJ33,C/W,1.0,10,TRA,"C/C,C/F,C/L,C/W"
V+J,mouse,TRAV12-1,TRAJ45,C/F,1.0,10,TRA,"C/C,C/F,C/L,C/W"
V+J,mouse,TRAV7-2,TRAJ49,C/F,1.0,10,TRA,"C/C,C/F,C/L,C/W"
V+J,mouse,TRAV14-2,TRAJ44,C/L,1.0,10,TRA,"C/C,C/F,C/L,C/W"
V+J,mouse,TRAV6-5,TRAJ33,C/W,1.0,10,TRA,"C/C,C/F,C/L,C/W"
V+J,mouse,TRAV7-1,TRAJ26,C/F,1.0,10,TRA,"C/C,C/F,C/L,C/W"
V+J,mouse,TRAV7D-5,TRAJ22,C/F,1.0,10,TRA,"C/C,C/F,C/L,C/W"
V+J,mouse,TRAV6N-6,TRAJ5,C/F,1.0,10,TRA,"C/C,C/F,C/L,C/W"
V+J,mouse,TRAV7-3,TRAJ48,C/F,1.0,10,TRA,"C/C,C/F,C/L,C/W"
V+J,mouse,TRAV5D-4,TRAJ37,C/F,1.0,10,TRA,"C/C,C/F,C/L,C/W"
V+J,mouse,TRAV12-1,TRAJ37,C/F,1.0,10,TRA,"C/C,C/F,C/L,C/W"
V+J,mouse,TRAV14D-3/DV8,TRAJ18,C/F,1.0,10,TRA,"C/C,C/F,C/L,C/W"
V+J,mouse,TRAV8-1,TRAJ49,C/F,1.0,10,TRA,"C/C,C/F,C/L,C/W"
V+J,mouse,TRAV4-3,TRAJ57,C/F,1.0,10,TRA,"C/C,C/F,C/L,C/W"
V+J,mouse,TRAV16,TRAJ7,C/L,1.0,10,TRA,"C/C,C/F,C/L,C/W"
V+J,mouse,TRAV7D-4,TRAJ42,C/F,1.0,10,TRA,"C/C,C/F,C/L,C/W"
V+J,mouse,TRAV9-2,TRAJ17,C/F,1.0,10,TRA,"C/C,C/F,C/L,C/W"
V+J,mouse,TRAV14-3,TRAJ21,C/F,1.0,10,TRA,"C/C,C/F,C/L,C/W"
V+J,mouse,TRAV9D-1,TRAJ12,C/F,1.0,10,TRA,"C/C,C/F,C/L,C/W"
V+J,mouse,TRAV14D-1,TRAJ34,C/F,1.0,10,TRA,"C/C,C/F,C/L,C/W"
V+J,mouse,TRAV10N,TRAJ23,C/F,1.0,10,TRA,"C/C,C/F,C/L,C/W"
V+J,mouse,TRAV7-2,TRAJ4,C/F,1.0,10,TRA,"C/C,C/F,C/L,C/W"
V+J,mouse,TRAV14D-3/DV8,TRAJ33,C/W,1.0,10,TRA,"C/C,C/F,C/L,C/W"
V+J,mouse,TRAV17,TRAJ37,C/F,1.0,10,TRA,"C/C,C/F,C/L,C/W"
V+J,mouse,TRAV14-2,TRAJ39,C/F,1.0,10,TRA,"C/C,C/F,C/L,C/W"
V+J,mouse,TRAV16N,TRAJ18,C/F,1.0,10,TRA,"C/C,C/F,C/L,C/W"
V+J,mouse,TRAV8N-2,TRAJ23,C/F,1.0,10,TRA,"C/C,C/F,C/L,C/W"
V+J,mouse,TRAV10N,TRAJ22,C/F,1.0,10,TRA,"C/C,C/F,C/L,C/W"
V+J,mouse,TRAV7-4,TRAJ16,C/F,1.0,10,TRA,"C/C,C/F,C/L,C/W"
V+J,mouse,TRAV8D-1,TRAJ31,C/F,1.0,10,TRA,"C/C,C/F,C/L,C/W"
V+J,mouse,TRAV9D-1,TRAJ22,C/F,1.0,10,TRA,"C/C,C/F,C/L,C/W"
V+J,mouse,TRAV7-1,TRAJ22,C/F,1.0,10,TRA,"C/C,C/F,C/L,C/W"
V+J,mouse,TRAV3D-3,TRAJ37,C/F,1.0,10,TRA,"C/C,C/F,C/L,C/W"
V+J,mouse,TRAV5D-4,TRAJ9,C/F,1.0,10,TRA,"C/C,C/F,C/L,C/W"
V+J,mouse,TRAV12-2,TRAJ12,C/F,1.0,10,TRA,"C/C,C/F,C/L,C/W"
V+J,mouse,TRAV7-1,TRAJ7,C/L,1.0,10,TRA,"C/C,C/F,C/L,C/W"
V+J,mouse,TRAV8N-2,TRAJ27,C/F,1.0,10,TRA,"C/C,C/F,C/L,C/W"
V+J,mouse,TRAV12D-2,TRAJ16,C/F,1.0,10,TRA,"C/C,C/F,C/L,C/W"
V+J,mouse,TRAV6D-4,TRAJ21,C/F,1.0,10,TRA,"C/C,C/F,C/L,C/W"
V+J,mouse,TRAV13D-2,TRAJ39,C/F,1.0,10,TRA,"C/C,C/F,C/L,C/W"
V+J,mouse,TRAV12-2,TRAJ53,C/F,1.0,10,TRA,"C/C,C/F,C/L,C/W"
V+J,mouse,TRAV17,TRAJ31,C/F,1.0,10,TRA,"C/C,C/F,C/L,C/W"
V+J,mouse,TRAV9-1,TRAJ44,C/L,1.0,10,TRA,"C/C,C/F,C/L,C/W"
V+J,mouse,TRAV5-1,TRAJ15,C/F,1.0,10,TRA,"C/C,C/F,C/L,C/W"
V+J,mouse,TRAV2,TRAJ39,C/F,1.0,10,TRA,"C/C,C/F,C/L,C/W"
V+J,mouse,TRAV6-5,TRAJ9,C/F,1.0,10,TRA,"C/C,C/F,C/L,C/W"
V+J,mouse,TRAV10D,TRAJ17,C/F,1.0,10,TRA,"C/C,C/F,C/L,C/W"
V+J,mouse,TRAV13-1,TRAJ38,C/W,1.0,10,TRA,"C/C,C/F,C/L,C/W"
V+J,mouse,TRAV8D-2,TRAJ18,C/F,1.0,10,TRA,"C/C,C/F,C/L,C/W"
V+J,mouse,TRAV6-2,TRAJ30,C/F,1.0,10,TRA,"C/C,C/F,C/L,C/W"
V+J,mouse,TRAV3-1,TRAJ23,C/F,1.0,10,TRA,"C/C,C/F,C/L,C/W"
V+J,mouse,TRAV6-7/DV9,TRAJ34,C/F,1.0,10,TRA,"C/C,C/F,C/L,C/W"
V+J,mouse,TRAV7-6,TRAJ52,C/F,1.0,10,TRA,"C/C,C/F,C/L,C/W"
V+J,mouse,TRAV6N-6,TRAJ21,C/F,1.0,10,TRA,"C/C,C/F,C/L,C/W"
V+J,mouse,TRAV6D-4,TRAJ30,C/F,1.0,10,TRA,"C/C,C/F,C/L,C/W"
V+J,mouse,TRAV14D-3/DV8,TRAJ34,C/F,1.0,10,TRA,"C/C,C/F,C/L,C/W"
V+J,mouse,TRAV12-1,TRAJ42,C/F,1.0,10,TRA,"C/C,C/F,C/L,C/W"
V+J,mouse,TRAV6D-7,TRAJ28,C/F,1.0,10,TRA,"C/C,C/F,C/L,C/W"
V+J,mouse,TRAV13D-1,TRAJ6,C/F,1.0,10,TRA,"C/C,C/F,C/L,C/W"
V+J,mouse,TRAV5-4,TRAJ40,C/F,1.0,10,TRA,"C/C,C/F,C/L,C/W"
V+J,mouse,TRAV12D-2,TRAJ33,C/W,1.0,10,TRA,"C/C,C/F,C/L,C/W"
V+J,mouse,TRAV6-4,TRAJ9,C/F,1.0,10,TRA,"C/C,C/F,C/L,C/W"
V+J,mouse,TRAV14D-1,TRAJ18,C/F,1.0,10,TRA,"C/C,C/F,C/L,C/W"
V+J,mouse,TRAV6D-6,TRAJ45,C/F,1.0,10,TRA,"C/C,C/F,C/L,C/W"
V+J,mouse,TRAV16D/DV11,TRAJ21,C/F,1.0,10,TRA,"C/C,C/F,C/L,C/W"
V+J,mouse,TRAV5D-4,TRAJ7,C/L,1.0,10,TRA,"C/C,C/F,C/L,C/W"
V+J,mouse,TRAV13-2,TRAJ9,C/F,1.0,10,TRA,"C/C,C/F,C/L,C/W"
V+J,mouse,TRAV6D-6,TRAJ32,C/F,1.0,10,TRA,"C/C,C/F,C/L,C/W"
V+J,mouse,TRAV12-1,TRAJ48,C/F,1.0,10,TRA,"C/C,C/F,C/L,C/W"
V+J,mouse,TRAV16,TRAJ4,C/F,1.0,10,TRA,"C/C,C/F,C/L,C/W"
V+J,mouse,TRAV13D-1,TRAJ4,C/F,1.0,10,TRA,"C/C,C/F,C/L,C/W"
V+J,mouse,TRAV21/DV12,TRAJ45,C/F,1.0,10,TRA,"C/C,C/F,C/L,C/W"
V+J,mouse,TRAV13-2,TRAJ39,C/F,1.0,10,TRA,"C/C,C/F,C/L,C/W"
V+J,mouse,TRAV13D-1,TRAJ9,C/F,1.0,10,TRA,"C/C,C/F,C/L,C/W"
V+J,mouse,TRAV9D-1,TRAJ7,C/L,1.0,10,TRA,"C/C,C/F,C/L,C/W"
V+J,mouse,TRAV4D-3,TRAJ26,C/F,1.0,10,TRA,"C/C,C/F,C/L,C/W"
V+J,mouse,TRAV7-3,TRAJ35,C/F,1.0,10,TRA,"C/C,C/F,C/L,C/W"
V+J,mouse,TRAV9D-3,TRAJ45,C/F,1.0,10,TRA,"C/C,C/F,C/L,C/W"
V+J,mouse,TRAV4-3,TRAJ52,C/F,1.0,10,TRA,"C/C,C/F,C/L,C/W"
V+J,mouse,TRAV6D-6,TRAJ9,C/F,1.0,10,TRA,"C/C,C/F,C/L,C/W"
V+J,mouse,TRAV4-2,TRAJ40,C/F,1.0,10,TRA,"C/C,C/F,C/L,C/W"
V+J,mouse,TRAV12-1,TRAJ12,C/F,1.0,10,TRA,"C/C,C/F,C/L,C/W"
V+J,mouse,TRAV6D-6,TRAJ50,C/F,1.0,10,TRA,"C/C,C/F,C/L,C/W"
V+J,mouse,TRAV7D-2,TRAJ12,C/F,1.0,10,TRA,"C/C,C/F,C/L,C/W"
V+J,mouse,TRAV6D-3,TRAJ12,C/F,1.0,10,TRA,"C/C,C/F,C/L,C/W"
V+J,human,TRAV40,TRAJ26,C/F,1.0,10,TRA,"C/C,C/F,C/L,C/W"
V+J,human,TRAV3,TRAJ56,C/F,1.0,10,TRA,"C/C,C/F,C/L,C/W"
V+J,human,TRAV35,TRAJ4,C/F,1.0,10,TRA,"C/C,C/F,C/L,C/W"
V+J,human,TRAV17,TRAJ61,C/F,1.0,10,TRA,"C/C,C/F,C/L,C/W"
V+J,human,TRAV9-1,TRAJ13,C/F,1.0,10,TRA,"C/C,C/F,C/L,C/W"
V+J,human,TRAV40,TRAJ16,C/F,1.0,10,TRA,"C/C,C/F,C/L,C/W"
V+J,human,TRAV35,TRAJ7,C/F,1.0,10,TRA,"C/C,C/F,C/L,C/W"
V+J,human,TRAV2,TRAJ53,C/F,1.0,10,TRA,"C/C,C/F,C/L,C/W"
V+J,human,TRAV41,TRAJ8,C/F,1.0,10,TRA,"C/C,C/F,C/L,C/W"
V+J,mouse,TRAV8D-1,TRAJ39,C/F,1.0,10,TRA,"C/C,C/F,C/L,C/W"
V+J,mouse,TRAV6N-7,TRAJ37,C/F,1.0,10,TRA,"C/C,C/F,C/L,C/W"
V+J,mouse,TRAV6N-7,TRAJ52,C/F,1.0,10,TRA,"C/C,C/F,C/L,C/W"
V+J,mouse,TRAV5N-4,TRAJ40,C/F,1.0,10,TRA,"C/C,C/F,C/L,C/W"
V+J,mouse,TRAV3N-3,TRAJ7,C/L,1.0,10,TRA,"C/C,C/F,C/L,C/W"
V+J,mouse,TRAV6N-7,TRAJ45,C/F,1.0,10,TRA,"C/C,C/F,C/L,C/W"
V+J,mouse,TRAV6N-7,TRAJ33,C/W,1.0,10,TRA,"C/C,C/F,C/L,C/W"
V+J,human,TRAV6,TRAJ31,C/F,1.0,10,TRA,"C/C,C/F,C/L,C/W"
V+J,human,TRAV10,TRAJ31,C/F,1.0,10,TRA,"C/C,C/F,C/L,C/W"
V+J,human,TRAV23/DV6,TRAJ31,C/F,1.0,10,TRA,"C/C,C/F,C/L,C/W"
V+J,mouse,TRAV6-5,TRAJ21,C/F,1.0,9,TRA,"C/C,C/F,C/L,C/W"
V+J,mouse,TRAV7-3,TRAJ7,C/L,1.0,9,TRA,"C/C,C/F,C/L,C/W"
V+J,mouse,TRAV3-3,TRAJ15,C/F,1.0,9,TRA,"C/C,C/F,C/L,C/W"
V+J,mouse,TRAV14D-1,TRAJ37,C/F,1.0,9,TRA,"C/C,C/F,C/L,C/W"
V+J,mouse,TRAV13-2,TRAJ31,C/F,1.0,9,TRA,"C/C,C/F,C/L,C/W"
V+J,mouse,TRAV7D-6,TRAJ33,C/W,1.0,9,TRA,"C/C,C/F,C/L,C/W"
V+J,mouse,TRAV6-4,TRAJ43,C/F,1.0,9,TRA,"C/C,C/F,C/L,C/W"
V+J,mouse,TRAV14D-1,TRAJ33,C/W,1.0,9,TRA,"C/C,C/F,C/L,C/W"
V+J,mouse,TRAV13-4/DV7,TRAJ48,C/F,1.0,9,TRA,"C/C,C/F,C/L,C/W"
V+J,mouse,TRAV7-2,TRAJ11,C/F,1.0,9,TRA,"C/C,C/F,C/L,C/W"
V+J,mouse,TRAV14D-1,TRAJ16,C/F,1.0,9,TRA,"C/C,C/F,C/L,C/W"
V+J,mouse,TRAV6-5,TRAJ49,C/F,1.0,9,TRA,"C/C,C/F,C/L,C/W"
V+J,mouse,TRAV16,TRAJ13,C/F,1.0,9,TRA,"C/C,C/F,C/L,C/W"
V+J,mouse,TRAV8D-2,TRAJ43,C/F,1.0,9,TRA,"C/C,C/F,C/L,C/W"
V+J,mouse,TRAV6-5,TRAJ12,C/F,1.0,9,TRA,"C/C,C/F,C/L,C/W"
V+J,mouse,TRAV10,TRAJ9,C/F,1.0,9,TRA,"C/C,C/F,C/L,C/W"
V+J,mouse,TRAV12D-2,TRAJ37,C/F,1.0,9,TRA,"C/C,C/F,C/L,C/W"
V+J,mouse,TRAV7-5,TRAJ27,C/F,1.0,9,TRA,"C/C,C/F,C/L,C/W"
V+J,mouse,TRAV8N-2,TRAJ30,C/F,1.0,9,TRA,"C/C,C/F,C/L,C/W"
V+J,mouse,TRAV6D-7,TRAJ52,C/F,1.0,9,TRA,"C/C,C/F,C/L,C/W"
V+J,mouse,TRAV5-4,TRAJ22,C/F,1.0,9,TRA,"C/C,C/F,C/L,C/W"
V+J,mouse,TRAV7-2,TRAJ13,C/F,1.0,9,TRA,"C/C,C/F,C/L,C/W"
V+J,mouse,TRAV7-5,TRAJ52,C/F,1.0,9,TRA,"C/C,C/F,C/L,C/W"
V+J,mouse,TRAV6D-4,TRAJ12,C/F,1.0,9,TRA,"C/C,C/F,C/L,C/W"
V+J,mouse,TRAV14-1,TRAJ33,C/W,1.0,9,TRA,"C/C,C/F,C/L,C/W"
V+J,mouse,TRAV11,TRAJ33,C/W,1.0,9,TRA,"C/C,C/F,C/L,C/W"
V+J,mouse,TRAV7-6,TRAJ53,C/F,1.0,9,TRA,"C/C,C/F,C/L,C/W"
V+J,mouse,TRAV6-6,TRAJ28,C/F,1.0,9,TRA,"C/C,C/F,C/L,C/W"
V+J,mouse,TRAV6N-6,TRAJ56,C/F,1.0,9,TRA,"C/C,C/F,C/L,C/W"
V+J,mouse,TRAV6N-6,TRAJ18,C/F,1.0,9,TRA,"C/C,C/F,C/L,C/W"
V+J,mouse,TRAV9-4,TRAJ32,C/F,1.0,9,TRA,"C/C,C/F,C/L,C/W"
V+J,mouse,TRAV13-2,TRAJ33,C/W,1.0,9,TRA,"C/C,C/F,C/L,C/W"
V+J,mouse,TRAV16,TRAJ21,C/F,1.0,9,TRA,"C/C,C/F,C/L,C/W"
V+J,mouse,TRAV13-1,TRAJ17,C/F,1.0,9,TRA,"C/C,C/F,C/L,C/W"
V+J,mouse,TRAV14D-1,TRAJ4,C/F,1.0,9,TRA,"C/C,C/F,C/L,C/W"
V+J,mouse,TRAV7N-4,TRAJ12,C/F,1.0,9,TRA,"C/C,C/F,C/L,C/W"
V+J,mouse,TRAV13D-2,TRAJ7,C/L,1.0,9,TRA,"C/C,C/F,C/L,C/W"
V+J,mouse,TRAV9D-2,TRAJ12,C/F,1.0,9,TRA,"C/C,C/F,C/L,C/W"
V+J,mouse,TRAV6D-7,TRAJ42,C/F,1.0,9,TRA,"C/C,C/F,C/L,C/W"
V+J,mouse,TRAV7-6,TRAJ50,C/F,1.0,9,TRA,"C/C,C/F,C/L,C/W"
V+J,mouse,TRAV14-1,TRAJ17,C/F,1.0,9,TRA,"C/C,C/F,C/L,C/W"
V+J,mouse,TRAV6-4,TRAJ27,C/F,1.0,9,TRA,"C/C,C/F,C/L,C/W"
V+J,mouse,TRAV13N-1,TRAJ12,C/F,1.0,9,TRA,"C/C,C/F,C/L,C/W"
V+J,mouse,TRAV12-1,TRAJ52,C/F,1.0,9,TRA,"C/C,C/F,C/L,C/W"
V+J,mouse,TRAV8D-2,TRAJ50,C/F,1.0,9,TRA,"C/C,C/F,C/L,C/W"
V+J,mouse,TRAV7-1,TRAJ39,C/F,1.0,9,TRA,"C/C,C/F,C/L,C/W"
V+J,mouse,TRAV4D-3,TRAJ27,C/F,1.0,9,TRA,"C/C,C/F,C/L,C/W"
V+J,mouse,TRAV10N,TRAJ21,C/F,1.0,9,TRA,"C/C,C/F,C/L,C/W"
V+J,mouse,TRAV7D-6,TRAJ6,C/F,1.0,9,TRA,"C/C,C/F,C/L,C/W"
V+J,mouse,TRAV7D-4,TRAJ27,C/F,1.0,9,TRA,"C/C,C/F,C/L,C/W"
V+J,mouse,TRAV6-2,TRAJ34,C/F,1.0,9,TRA,"C/C,C/F,C/L,C/W"
V+J,mouse,TRAV6N-6,TRAJ32,C/F,1.0,9,TRA,"C/C,C/F,C/L,C/W"
V+J,mouse,TRAV12-3,TRAJ56,C/F,1.0,9,TRA,"C/C,C/F,C/L,C/W"
V+J,mouse,TRAV7D-3,TRAJ26,C/F,1.0,9,TRA,"C/C,C/F,C/L,C/W"
V+J,mouse,TRAV9D-1,TRAJ31,C/F,1.0,9,TRA,"C/C,C/F,C/L,C/W"
V+J,mouse,TRAV9-4,TRAJ42,C/F,1.0,9,TRA,"C/C,C/F,C/L,C/W"
V+J,mouse,TRAV13N-1,TRAJ27,C/F,1.0,9,TRA,"C/C,C/F,C/L,C/W"
V+J,mouse,TRAV9D-1,TRAJ9,C/F,1.0,9,TRA,"C/C,C/F,C/L,C/W"
V+J,mouse,TRAV16,TRAJ12,C/F,1.0,9,TRA,"C/C,C/F,C/L,C/W"
V+J,mouse,TRAV9-2,TRAJ42,C/F,1.0,9,TRA,"C/C,C/F,C/L,C/W"
V+J,mouse,TRAV16,TRAJ39,C/F,1.0,9,TRA,"C/C,C/F,C/L,C/W"
V+J,mouse,TRAV1,TRAJ18,C/F,1.0,9,TRA,"C/C,C/F,C/L,C/W"
V+J,mouse,TRAV14-3,TRAJ13,C/F,1.0,9,TRA,"C/C,C/F,C/L,C/W"
V+J,mouse,TRAV4D-4,TRAJ16,C/F,1.0,9,TRA,"C/C,C/F,C/L,C/W"
V+J,mouse,TRAV10D,TRAJ23,C/F,1.0,9,TRA,"C/C,C/F,C/L,C/W"
V+J,mouse,TRAV7D-4,TRAJ17,C/F,1.0,9,TRA,"C/C,C/F,C/L,C/W"
V+J,mouse,TRAV14-1,TRAJ34,C/F,1.0,9,TRA,"C/C,C/F,C/L,C/W"
V+J,mouse,TRAV9N-4,TRAJ12,C/F,1.0,9,TRA,"C/C,C/F,C/L,C/W"
V+J,mouse,TRAV3-1,TRAJ12,C/F,1.0,9,TRA,"C/C,C/F,C/L,C/W"
V+J,mouse,TRAV6D-7,TRAJ16,C/F,1.0,9,TRA,"C/C,C/F,C/L,C/W"
V+J,mouse,TRAV14D-3/DV8,TRAJ37,C/F,1.0,9,TRA,"C/C,C/F,C/L,C/W"
V+J,mouse,TRAV12-1,TRAJ58,C/F,1.0,9,TRA,"C/C,C/F,C/L,C/W"
V+J,mouse,TRAV12-1,TRAJ21,C/F,1.0,9,TRA,"C/C,C/F,C/L,C/W"
V+J,mouse,TRAV7-4,TRAJ38,C/W,1.0,9,TRA,"C/C,C/F,C/L,C/W"
V+J,mouse,TRAV8N-2,TRAJ31,C/F,1.0,9,TRA,"C/C,C/F,C/L,C/W"
V+J,mouse,TRAV6D-4,TRAJ22,C/F,1.0,9,TRA,"C/C,C/F,C/L,C/W"
V+J,mouse,TRAV7D-3,TRAJ34,C/F,1.0,9,TRA,"C/C,C/F,C/L,C/W"
V+J,mouse,TRAV6-1,TRAJ37,C/F,1.0,9,TRA,"C/C,C/F,C/L,C/W"
V+J,mouse,TRAV6D-4,TRAJ23,C/F,1.0,9,TRA,"C/C,C/F,C/L,C/W"
V+J,mouse,TRAV7D-3,TRAJ18,C/F,1.0,9,TRA,"C/C,C/F,C/L,C/W"
V+J,mouse,TRAV9D-1,TRAJ50,C/F,1.0,9,TRA,"C/C,C/F,C/L,C/W"
V+J,mouse,TRAV14D-3/DV8,TRAJ6,C/F,1.0,9,TRA,"C/C,C/F,C/L,C/W"
V+J,mouse,TRAV1,TRAJ32,C/F,1.0,9,TRA,"C/C,C/F,C/L,C/W"
V+J,mouse,TRAV4-2,TRAJ37,C/F,1.0,9,TRA,"C/C,C/F,C/L,C/W"
V+J,mouse,TRAV12-3,TRAJ18,C/F,1.0,9,TRA,"C/C,C/F,C/L,C/W"
V+J,mouse,TRAV16N,TRAJ45,C/F,1.0,9,TRA,"C/C,C/F,C/L,C/W"
V+J,mouse,TRAV7D-3,TRAJ45,C/F,1.0,9,TRA,"C/C,C/F,C/L,C/W"
V+J,mouse,TRAV3-4,TRAJ57,C/F,1.0,9,TRA,"C/C,C/F,C/L,C/W"
V+J,mouse,TRAV13D-1,TRAJ33,C/W,1.0,9,TRA,"C/C,C/F,C/L,C/W"
V+J,mouse,TRAV7-3,TRAJ4,C/F,1.0,9,TRA,"C/C,C/F,C/L,C/W"
V+J,mouse,TRAV2,TRAJ18,C/F,1.0,9,TRA,"C/C,C/F,C/L,C/W"
V+J,mouse,TRAV6-1,TRAJ22,C/F,1.0,9,TRA,"C/C,C/F,C/L,C/W"
V+J,mouse,TRAV9-3,TRAJ58,C/F,1.0,9,TRA,"C/C,C/F,C/L,C/W"
V+J,mouse,TRAV13D-1,TRAJ49,C/F,1.0,9,TRA,"C/C,C/F,C/L,C/W"
V+J,mouse,TRAV3-3,TRAJ12,C/F,1.0,9,TRA,"C/C,C/F,C/L,C/W"
V+J,mouse,TRAV6-1,TRAJ30,C/F,1.0,9,TRA,"C/C,C/F,C/L,C/W"
V+J,mouse,TRAV16N,TRAJ4,C/F,1.0,9,TRA,"C/C,C/F,C/L,C/W"
V+J,mouse,TRAV7-4,TRAJ35,C/F,1.0,9,TRA,"C/C,C/F,C/L,C/W"
V+J,mouse,TRAV16D/DV11,TRAJ18,C/F,1.0,9,TRA,"C/C,C/F,C/L,C/W"
V+J,mouse,TRAV7D-2,TRAJ34,C/F,1.0,9,TRA,"C/C,C/F,C/L,C/W"
V+J,mouse,TRAV7D-5,TRAJ23,C/F,1.0,9,TRA,"C/C,C/F,C/L,C/W"
V+J,mouse,TRAV7D-3,TRAJ52,C/F,1.0,9,TRA,"C/C,C/F,C/L,C/W"
V+J,mouse,TRAV7D-5,TRAJ49,C/F,1.0,9,TRA,"C/C,C/F,C/L,C/W"
V+J,mouse,TRAV9-3,TRAJ26,C/F,1.0,9,TRA,"C/C,C/F,C/L,C/W"
V+J,mouse,TRAV7D-2,TRAJ22,C/F,1.0,9,TRA,"C/C,C/F,C/L,C/W"
V+J,mouse,TRAV3-1,TRAJ4,C/F,1.0,9,TRA,"C/C,C/F,C/L,C/W"
V+J,mouse,TRAV14D-2,TRAJ22,C/F,1.0,9,TRA,"C/C,C/F,C/L,C/W"
V+J,mouse,TRAV11,TRAJ27,C/F,1.0,9,TRA,"C/C,C/F,C/L,C/W"
V+J,mouse,TRAV16,TRAJ11,C/F,1.0,9,TRA,"C/C,C/F,C/L,C/W"
V+J,mouse,TRAV9-3,TRAJ40,C/F,1.0,9,TRA,"C/C,C/F,C/L,C/W"
V+J,mouse,TRAV3-4,TRAJ40,C/F,1.0,9,TRA,"C/C,C/F,C/L,C/W"
V+J,mouse,TRAV9-1,TRAJ50,C/F,1.0,9,TRA,"C/C,C/F,C/L,C/W"
V+J,mouse,TRAV10D,TRAJ27,C/F,1.0,9,TRA,"C/C,C/F,C/L,C/W"
V+J,mouse,TRAV19,TRAJ39,C/F,1.0,9,TRA,"C/C,C/F,C/L,C/W"
V+J,mouse,TRAV6-6,TRAJ35,C/F,1.0,9,TRA,"C/C,C/F,C/L,C/W"
V+J,mouse,TRAV12-1,TRAJ6,C/F,1.0,9,TRA,"C/C,C/F,C/L,C/W"
V+J,mouse,TRAV8-2,TRAJ58,C/F,1.0,9,TRA,"C/C,C/F,C/L,C/W"
V+J,mouse,TRAV4D-3,TRAJ13,C/F,1.0,9,TRA,"C/C,C/F,C/L,C/W"
V+J,mouse,TRAV7-3,TRAJ38,C/W,1.0,9,TRA,"C/C,C/F,C/L,C/W"
V+J,mouse,TRAV6-1,TRAJ9,C/F,1.0,9,TRA,"C/C,C/F,C/L,C/W"
V+J,mouse,TRAV13D-1,TRAJ13,C/F,1.0,9,TRA,"C/C,C/F,C/L,C/W"
V+J,mouse,TRAV7D-2,TRAJ9,C/F,1.0,9,TRA,"C/C,C/F,C/L,C/W"
V+J,mouse,TRAV5D-4,TRAJ30,C/F,1.0,9,TRA,"C/C,C/F,C/L,C/W"
V+J,mouse,TRAV7D-6,TRAJ4,C/F,1.0,9,TRA,"C/C,C/F,C/L,C/W"
V+J,mouse,TRAV9D-2,TRAJ4,C/F,1.0,9,TRA,"C/C,C/F,C/L,C/W"
V+J,mouse,TRAV12-3,TRAJ58,C/F,1.0,9,TRA,"C/C,C/F,C/L,C/W"
V+J,mouse,TRAV6-5,TRAJ13,C/F,1.0,9,TRA,"C/C,C/F,C/L,C/W"
V+J,mouse,TRAV6D-6,TRAJ27,C/F,1.0,9,TRA,"C/C,C/F,C/L,C/W"
V+J,human,TRAV8-6,TRAJ25,C/F,1.0,9,TRA,"C/C,C/F,C/L,C/W"
V+J,human,TRAV34,TRAJ46,C/F,1.0,9,TRA,"C/C,C/F,C/L,C/W"
V+J,human,TRAV10,TRAJ58,C/F,1.0,9,TRA,"C/C,C/F,C/L,C/W"
V+J,mouse,TRAV12N-2,TRAJ31,C/F,1.0,9,TRA,"C/C,C/F,C/L,C/W"
V+J,mouse,TRAV6N-7,TRAJ53,C/F,1.0,9,TRA,"C/C,C/F,C/L,C/W"
V+J,mouse,TRAV6N-7,TRAJ50,C/F,1.0,9,TRA,"C/C,C/F,C/L,C/W"
V+J,mouse,TRAV12D-2,TRAJ5,C/F,1.0,8,TRA,"C/C,C/F,C/L,C/W"
V+J,mouse,TRAV14D-1,TRAJ32,C/F,1.0,8,TRA,"C/C,C/F,C/L,C/W"
V+J,mouse,TRAV7-4,TRAJ4,C/F,1.0,8,TRA,"C/C,C/F,C/L,C/W"
V+J,mouse,TRAV3-4,TRAJ52,C/F,1.0,8,TRA,"C/C,C/F,C/L,C/W"
V+J,mouse,TRAV14D-1,TRAJ56,C/F,1.0,8,TRA,"C/C,C/F,C/L,C/W"
V+J,mouse,TRAV9-4,TRAJ56,C/F,1.0,8,TRA,"C/C,C/F,C/L,C/W"
V+J,mouse,TRAV5-4,TRAJ33,C/W,1.0,8,TRA,"C/C,C/F,C/L,C/W"
V+J,mouse,TRAV7D-3,TRAJ27,C/F,1.0,8,TRA,"C/C,C/F,C/L,C/W"
V+J,mouse,TRAV12-3,TRAJ45,C/F,1.0,8,TRA,"C/C,C/F,C/L,C/W"
V+J,mouse,TRAV10D,TRAJ45,C/F,1.0,8,TRA,"C/C,C/F,C/L,C/W"
V+J,mouse,TRAV6-1,TRAJ26,C/F,1.0,8,TRA,"C/C,C/F,C/L,C/W"
V+J,mouse,TRAV8D-2,TRAJ49,C/F,1.0,8,TRA,"C/C,C/F,C/L,C/W"
V+J,mouse,TRAV6D-4,TRAJ27,C/F,1.0,8,TRA,"C/C,C/F,C/L,C/W"
V+J,mouse,TRAV2,TRAJ27,C/F,1.0,8,TRA,"C/C,C/F,C/L,C/W"
V+J,mouse,TRAV10,TRAJ27,C/F,1.0,8,TRA,"C/C,C/F,C/L,C/W"
V+J,mouse,TRAV14-3,TRAJ44,C/L,1.0,8,TRA,"C/C,C/F,C/L,C/W"
V+J,mouse,TRAV5-4,TRAJ32,C/F,1.0,8,TRA,"C/C,C/F,C/L,C/W"
V+J,mouse,TRAV2,TRAJ33,C/W,1.0,8,TRA,"C/C,C/F,C/L,C/W"
V+J,mouse,TRAV14-2,TRAJ13,C/F,1.0,8,TRA,"C/C,C/F,C/L,C/W"
V+J,mouse,TRAV12-2,TRAJ7,C/L,1.0,8,TRA,"C/C,C/F,C/L,C/W"
V+J,mouse,TRAV13-4/DV7,TRAJ53,C/F,1.0,8,TRA,"C/C,C/F,C/L,C/W"
V+J,mouse,TRAV14-2,TRAJ11,C/F,1.0,8,TRA,"C/C,C/F,C/L,C/W"
V+J,mouse,TRAV12D-2,TRAJ58,C/F,1.0,8,TRA,"C/C,C/F,C/L,C/W"
V+J,mouse,TRAV13-1,TRAJ11,C/F,1.0,8,TRA,"C/C,C/F,C/L,C/W"
V+J,mouse,TRAV14-2,TRAJ45,C/F,1.0,8,TRA,"C/C,C/F,C/L,C/W"
V+J,mouse,TRAV9-2,TRAJ32,C/F,1.0,8,TRA,"C/C,C/F,C/L,C/W"
V+J,mouse,TRAV7D-3,TRAJ43,C/F,1.0,8,TRA,"C/C,C/F,C/L,C/W"
V+J,mouse,TRAV6-4,TRAJ33,C/W,1.0,8,TRA,"C/C,C/F,C/L,C/W"
V+J,mouse,TRAV7-1,TRAJ12,C/F,1.0,8,TRA,"C/C,C/F,C/L,C/W"
V+J,mouse,TRAV7D-6,TRAJ18,C/F,1.0,8,TRA,"C/C,C/F,C/L,C/W"
V+J,mouse,TRAV7D-3,TRAJ31,C/F,1.0,8,TRA,"C/C,C/F,C/L,C/W"
V+J,mouse,TRAV6-6,TRAJ5,C/F,1.0,8,TRA,"C/C,C/F,C/L,C/W"
V+J,mouse,TRAV12-1,TRAJ50,C/F,1.0,8,TRA,"C/C,C/F,C/L,C/W"
V+J,mouse,TRAV5-4,TRAJ26,C/F,1.0,8,TRA,"C/C,C/F,C/L,C/W"
V+J,mouse,TRAV4-3,TRAJ18,C/F,1.0,8,TRA,"C/C,C/F,C/L,C/W"
V+J,mouse,TRAV7-5,TRAJ58,C/F,1.0,8,TRA,"C/C,C/F,C/L,C/W"
V+J,mouse,TRAV9-4,TRAJ23,C/F,1.0,8,TRA,"C/C,C/F,C/L,C/W"
V+J,mouse,TRAV13N-1,TRAJ21,C/F,1.0,8,TRA,"C/C,C/F,C/L,C/W"
V+J,mouse,TRAV17,TRAJ40,C/F,1.0,8,TRA,"C/C,C/F,C/L,C/W"
V+J,mouse,TRAV13-2,TRAJ23,C/F,1.0,8,TRA,"C/C,C/F,C/L,C/W"
V+J,mouse,TRAV9N-4,TRAJ9,C/F,1.0,8,TRA,"C/C,C/F,C/L,C/W"
V+J,mouse,TRAV6D-7,TRAJ43,C/F,1.0,8,TRA,"C/C,C/F,C/L,C/W"
V+J,mouse,TRAV14-3,TRAJ17,C/F,1.0,8,TRA,"C/C,C/F,C/L,C/W"
V+J,mouse,TRAV12-3,TRAJ44,C/L,1.0,8,TRA,"C/C,C/F,C/L,C/W"
V+J,mouse,TRAV8-1,TRAJ38,C/W,1.0,8,TRA,"C/C,C/F,C/L,C/W"
V+J,mouse,TRAV7D-4,TRAJ30,C/F,1.0,8,TRA,"C/C,C/F,C/L,C/W"
V+J,mouse,TRAV4-2,TRAJ43,C/F,1.0,8,TRA,"C/C,C/F,C/L,C/W"
V+J,mouse,TRAV12-1,TRAJ15,C/F,1.0,8,TRA,"C/C,C/F,C/L,C/W"
V+J,mouse,TRAV9D-3,TRAJ16,C/F,1.0,8,TRA,"C/C,C/F,C/L,C/W"
V+J,mouse,TRAV6-2,TRAJ18,C/F,1.0,8,TRA,"C/C,C/F,C/L,C/W"
V+J,mouse,TRAV8N-2,TRAJ17,C/F,1.0,8,TRA,"C/C,C/F,C/L,C/W"
V+J,mouse,TRAV5D-4,TRAJ34,C/F,1.0,8,TRA,"C/C,C/F,C/L,C/W"
V+J,mouse,TRAV9D-1,TRAJ21,C/F,1.0,8,TRA,"C/C,C/F,C/L,C/W"
V+J,mouse,TRAV8D-1,TRAJ11,C/F,1.0,8,TRA,"C/C,C/F,C/L,C/W"
V+J,mouse,TRAV6-5,TRAJ43,C/F,1.0,8,TRA,"C/C,C/F,C/L,C/W"
V+J,mouse,TRAV6-3,TRAJ15,C/F,1.0,8,TRA,"C/C,C/F,C/L,C/W"
V+J,mouse,TRAV8N-2,TRAJ21,C/F,1.0,8,TRA,"C/C,C/F,C/L,C/W"
V+J,mouse,TRAV6N-6,TRAJ27,C/F,1.0,8,TRA,"C/C,C/F,C/L,C/W"
V+J,mouse,TRAV4D-4,TRAJ43,C/F,1.0,8,TRA,"C/C,C/F,C/L,C/W"
V+J,mouse,TRAV7D-4,TRAJ7,C/L,1.0,8,TRA,"C/C,C/F,C/L,C/W"
V+J,mouse,TRAV13-4/DV7,TRAJ33,C/W,1.0,8,TRA,"C/C,C/F,C/L,C/W"
V+J,mouse,TRAV6D-4,TRAJ17,C/F,1.0,8,TRA,"C/C,C/F,C/L,C/W"
V+J,mouse,TRAV7-1,TRAJ40,C/F,1.0,8,TRA,"C/C,C/F,C/L,C/W"
V+J,mouse,TRAV9-4,TRAJ58,C/F,1.0,8,TRA,"C/C,C/F,C/L,C/W"
V+J,mouse,TRAV6-3,TRAJ48,C/F,1.0,8,TRA,"C/C,C/F,C/L,C/W"
V+J,mouse,TRAV5D-4,TRAJ32,C/F,1.0,8,TRA,"C/C,C/F,C/L,C/W"
V+J,mouse,TRAV9-1,TRAJ53,C/F,1.0,8,TRA,"C/C,C/F,C/L,C/W"
V+J,mouse,TRAV16N,TRAJ38,C/W,1.0,8,TRA,"C/C,C/F,C/L,C/W"
V+J,mouse,TRAV6D-5,TRAJ21,C/F,1.0,8,TRA,"C/C,C/F,C/L,C/W"
V+J,mouse,TRAV6D-4,TRAJ37,C/F,1.0,8,TRA,"C/C,C/F,C/L,C/W"
V+J,mouse,TRAV6-2,TRAJ31,C/F,1.0,8,TRA,"C/C,C/F,C/L,C/W"
V+J,mouse,TRAV14D-1,TRAJ53,C/F,1.0,8,TRA,"C/C,C/F,C/L,C/W"
V+J,mouse,TRAV6D-4,TRAJ40,C/F,1.0,8,TRA,"C/C,C/F,C/L,C/W"
V+J,mouse,TRAV16,TRAJ17,C/F,1.0,8,TRA,"C/C,C/F,C/L,C/W"
V+J,mouse,TRAV7D-6,TRAJ17,C/F,1.0,8,TRA,"C/C,C/F,C/L,C/W"
V+J,mouse,TRAV6D-4,TRAJ9,C/F,1.0,8,TRA,"C/C,C/F,C/L,C/W"
V+J,mouse,TRAV10N,TRAJ17,C/F,1.0,8,TRA,"C/C,C/F,C/L,C/W"
V+J,mouse,TRAV12-2,TRAJ13,C/F,1.0,8,TRA,"C/C,C/F,C/L,C/W"
V+J,mouse,TRAV16D/DV11,TRAJ49,C/F,1.0,8,TRA,"C/C,C/F,C/L,C/W"
V+J,mouse,TRAV13N-1,TRAJ13,C/F,1.0,8,TRA,"C/C,C/F,C/L,C/W"
V+J,mouse,TRAV14-1,TRAJ50,C/F,1.0,8,TRA,"C/C,C/F,C/L,C/W"
V+J,mouse,TRAV6D-6,TRAJ52,C/F,1.0,8,TRA,"C/C,C/F,C/L,C/W"
V+J,mouse,TRAV6-5,TRAJ53,C/F,1.0,8,TRA,"C/C,C/F,C/L,C/W"
V+J,mouse,TRAV13N-1,TRAJ18,C/F,1.0,8,TRA,"C/C,C/F,C/L,C/W"
V+J,mouse,TRAV6-3,TRAJ31,C/F,1.0,8,TRA,"C/C,C/F,C/L,C/W"
V+J,mouse,TRAV16D/DV11,TRAJ7,C/L,1.0,8,TRA,"C/C,C/F,C/L,C/W"
V+J,mouse,TRAV7D-5,TRAJ56,C/F,1.0,8,TRA,"C/C,C/F,C/L,C/W"
V+J,mouse,TRAV13-2,TRAJ22,C/F,1.0,8,TRA,"C/C,C/F,C/L,C/W"
V+J,mouse,TRAV5-1,TRAJ6,C/F,1.0,8,TRA,"C/C,C/F,C/L,C/W"
V+J,mouse,TRAV6-5,TRAJ18,C/F,1.0,8,TRA,"C/C,C/F,C/L,C/W"
V+J,mouse,TRAV5-1,TRAJ11,C/F,1.0,8,TRA,"C/C,C/F,C/L,C/W"
V+J,mouse,TRAV16N,TRAJ53,C/F,1.0,8,TRA,"C/C,C/F,C/L,C/W"
V+J,mouse,TRAV14-1,TRAJ32,C/F,1.0,8,TRA,"C/C,C/F,C/L,C/W"
V+J,mouse,TRAV3-1,TRAJ39,C/F,1.0,8,TRA,"C/C,C/F,C/L,C/W"
V+J,mouse,TRAV8-1,TRAJ9,C/F,1.0,8,TRA,"C/C,C/F,C/L,C/W"
V+J,mouse,TRAV2,TRAJ12,C/F,1.0,8,TRA,"C/C,C/F,C/L,C/W"
V+J,mouse,TRAV5D-4,TRAJ4,C/F,1.0,8,TRA,"C/C,C/F,C/L,C/W"
V+J,mouse,TRAV7D-5,TRAJ30,C/F,1.0,8,TRA,"C/C,C/F,C/L,C/W"
V+J,mouse,TRAV6D-6,TRAJ13,C/F,1.0,8,TRA,"C/C,C/F,C/L,C/W"
V+J,mouse,TRAV16,TRAJ31,C/F,1.0,8,TRA,"C/C,C/F,C/L,C/W"
V+J,mouse,TRAV16D/DV11,TRAJ6,C/F,1.0,8,TRA,"C/C,C/F,C/L,C/W"
V+J,mouse,TRAV6D-6,TRAJ7,C/L,1.0,8,TRA,"C/C,C/F,C/L,C/W"
V+J,mouse,TRAV4-2,TRAJ39,C/F,1.0,8,TRA,"C/C,C/F,C/L,C/W"
V+J,mouse,TRAV6D-6,TRAJ38,C/W,1.0,8,TRA,"C/C,C/F,C/L,C/W"
V+J,mouse,TRAV9D-1,TRAJ52,C/F,1.0,8,TRA,"C/C,C/F,C/L,C/W"
V+J,mouse,TRAV21/DV12,TRAJ52,C/F,1.0,8,TRA,"C/C,C/F,C/L,C/W"
V+J,mouse,TRAV9D-3,TRAJ35,C/F,1.0,8,TRA,"C/C,C/F,C/L,C/W"
V+J,mouse,TRAV7D-2,TRAJ48,C/F,1.0,8,TRA,"C/C,C/F,C/L,C/W"
V+J,mouse,TRAV6-1,TRAJ17,C/F,1.0,8,TRA,"C/C,C/F,C/L,C/W"
V+J,mouse,TRAV6-1,TRAJ31,C/F,1.0,8,TRA,"C/C,C/F,C/L,C/W"
V+J,mouse,TRAV9-3,TRAJ48,C/F,1.0,8,TRA,"C/C,C/F,C/L,C/W"
V+J,mouse,TRAV8D-2,TRAJ34,C/F,1.0,8,TRA,"C/C,C/F,C/L,C/W"
V+J,mouse,TRAV12-1,TRAJ16,C/F,1.0,8,TRA,"C/C,C/F,C/L,C/W"
V+J,mouse,TRAV5D-4,TRAJ40,C/F,1.0,8,TRA,"C/C,C/F,C/L,C/W"
V+J,mouse,TRAV14-3,TRAJ6,C/F,1.0,8,TRA,"C/C,C/F,C/L,C/W"
V+J,mouse,TRAV3-1,TRAJ15,C/F,1.0,8,TRA,"C/C,C/F,C/L,C/W"
V+J,mouse,TRAV7D-5,TRAJ26,C/F,1.0,8,TRA,"C/C,C/F,C/L,C/W"
V+J,mouse,TRAV6D-6,TRAJ39,C/F,1.0,8,TRA,"C/C,C/F,C/L,C/W"
V+J,mouse,TRAV16D/DV11,TRAJ17,C/F,1.0,8,TRA,"C/C,C/F,C/L,C/W"
V+J,mouse,TRAV6-1,TRAJ12,C/F,1.0,8,TRA,"C/C,C/F,C/L,C/W"
V+J,mouse,TRAV4-3,TRAJ28,C/F,1.0,8,TRA,"C/C,C/F,C/L,C/W"
V+J,mouse,TRAV6-7/DV9,TRAJ35,C/F,1.0,8,TRA,"C/C,C/F,C/L,C/W"
V+J,mouse,TRAV10N,TRAJ49,C/F,1.0,8,TRA,"C/C,C/F,C/L,C/W"
V+J,mouse,TRAV13-2,TRAJ38,C/W,1.0,8,TRA,"C/C,C/F,C/L,C/W"
V+J,mouse,TRAV8D-1,TRAJ21,C/F,1.0,8,TRA,"C/C,C/F,C/L,C/W"
V+J,mouse,TRAV6-4,TRAJ17,C/F,1.0,8,TRA,"C/C,C/F,C/L,C/W"
V+J,mouse,TRAV6D-5,TRAJ6,C/F,1.0,8,TRA,"C/C,C/F,C/L,C/W"
V+J,mouse,TRAV13D-1,TRAJ17,C/F,1.0,8,TRA,"C/C,C/F,C/L,C/W"
V+J,mouse,TRAV6D-6,TRAJ40,C/F,1.0,8,TRA,"C/C,C/F,C/L,C/W"
V+J,mouse,TRAV7-1,TRAJ23,C/F,1.0,8,TRA,"C/C,C/F,C/L,C/W"
V+J,human,TRAV40,TRAJ4,C/F,1.0,8,TRA,"C/C,C/F,C/L,C/W"
V+J,human,TRAV35,TRAJ5,C/F,1.0,8,TRA,"C/C,C/F,C/L,C/W"
V+J,human,TRAV1-2,TRAJ53,C/F,1.0,8,TRA,"C/C,C/F,C/L,C/W"
V+J,human,TRAV3,TRAJ25,C/F,1.0,8,TRA,"C/C,C/F,C/L,C/W"
V+J,human,TRAV1-2,TRAJ46,C/F,1.0,8,TRA,"C/C,C/F,C/L,C/W"
V+J,human,TRAV1-1,TRAJ46,C/F,1.0,8,TRA,"C/C,C/F,C/L,C/W"
V+J,human,TRAV39,TRAJ61,C/F,1.0,8,TRA,"C/C,C/F,C/L,C/W"
V+J,human,TRAV40,TRAJ29,C/F,1.0,8,TRA,"C/C,C/F,C/L,C/W"
V+J,mouse,TRAV6N-7,TRAJ31,C/F,1.0,8,TRA,"C/C,C/F,C/L,C/W"
V+J,mouse,TRAV3N-3,TRAJ34,C/F,1.0,8,TRA,"C/C,C/F,C/L,C/W"
V+J,mouse,TRAV6D-6,TRAJ23,C/F,1.0,8,TRA,"C/C,C/F,C/L,C/W"
V+J,mouse,TRAV12N-3,TRAJ22,C/F,1.0,8,TRA,"C/C,C/F,C/L,C/W"
V+J,mouse,TRAV8N-2,TRAJ40,C/F,1.0,8,TRA,"C/C,C/F,C/L,C/W"
V+J,mouse,TRAV5-1,TRAJ44,C/L,1.0,8,TRA,"C/C,C/F,C/L,C/W"
V+J,mouse,TRAV5N-4,TRAJ13,C/F,1.0,8,TRA,"C/C,C/F,C/L,C/W"
V+J,mouse,TRAV14N-2,TRAJ34,C/F,1.0,8,TRA,"C/C,C/F,C/L,C/W"
V+J,mouse,TRAV6N-7,TRAJ42,C/F,1.0,8,TRA,"C/C,C/F,C/L,C/W"
V+J,mouse,TRAV6N-7,TRAJ57,C/F,1.0,8,TRA,"C/C,C/F,C/L,C/W"
V+J,human,TRAV36/DV7,TRAJ31,C/F,1.0,8,TRA,"C/C,C/F,C/L,C/W"
V+J,mouse,TRAV7D-6,TRAJ15,C/F,1.0,7,TRA,"C/C,C/F,C/L,C/W"
V+J,mouse,TRAV5D-4,TRAJ23,C/F,1.0,7,TRA,"C/C,C/F,C/L,C/W"
V+J,mouse,TRAV6D-5,TRAJ12,C/F,1.0,7,TRA,"C/C,C/F,C/L,C/W"
V+J,mouse,TRAV7D-5,TRAJ2,C/F,1.0,7,TRA,"C/C,C/F,C/L,C/W"
V+J,mouse,TRAV7D-5,TRAJ21,C/F,1.0,7,TRA,"C/C,C/F,C/L,C/W"
V+J,mouse,TRAV7-6,TRAJ33,C/W,1.0,7,TRA,"C/C,C/F,C/L,C/W"
V+J,mouse,TRAV9-2,TRAJ13,C/F,1.0,7,TRA,"C/C,C/F,C/L,C/W"
V+J,mouse,TRAV13D-2,TRAJ37,C/F,1.0,7,TRA,"C/C,C/F,C/L,C/W"
V+J,mouse,TRAV4-4/DV10,TRAJ35,C/F,1.0,7,TRA,"C/C,C/F,C/L,C/W"
V+J,mouse,TRAV12D-3,TRAJ58,C/F,1.0,7,TRA,"C/C,C/F,C/L,C/W"
V+J,mouse,TRAV10N,TRAJ48,C/F,1.0,7,TRA,"C/C,C/F,C/L,C/W"
V+J,mouse,TRAV6-6,TRAJ44,C/L,1.0,7,TRA,"C/C,C/F,C/L,C/W"
V+J,mouse,TRAV5-4,TRAJ44,C/L,1.0,7,TRA,"C/C,C/F,C/L,C/W"
V+J,mouse,TRAV10,TRAJ44,C/L,1.0,7,TRA,"C/C,C/F,C/L,C/W"
V+J,mouse,TRAV13-2,TRAJ44,C/L,1.0,7,TRA,"C/C,C/F,C/L,C/W"
V+J,mouse,TRAV14D-1,TRAJ52,C/F,1.0,7,TRA,"C/C,C/F,C/L,C/W"
V+J,mouse,TRAV7-1,TRAJ34,C/F,1.0,7,TRA,"C/C,C/F,C/L,C/W"
V+J,mouse,TRAV16N,TRAJ44,C/L,1.0,7,TRA,"C/C,C/F,C/L,C/W"
V+J,mouse,TRAV9N-4,TRAJ32,C/F,1.0,7,TRA,"C/C,C/F,C/L,C/W"
V+J,mouse,TRAV9-2,TRAJ57,C/F,1.0,7,TRA,"C/C,C/F,C/L,C/W"
V+J,mouse,TRAV6-5,TRAJ48,C/F,1.0,7,TRA,"C/C,C/F,C/L,C/W"
V+J,mouse,TRAV5D-4,TRAJ43,C/F,1.0,7,TRA,"C/C,C/F,C/L,C/W"
V+J,mouse,TRAV14-3,TRAJ28,C/F,1.0,7,TRA,"C/C,C/F,C/L,C/W"
V+J,mouse,TRAV6N-6,TRAJ34,C/F,1.0,7,TRA,"C/C,C/F,C/L,C/W"
V+J,mouse,TRAV16,TRAJ16,C/F,1.0,7,TRA,"C/C,C/F,C/L,C/W"
V+J,mouse,TRAV7-5,TRAJ43,C/F,1.0,7,TRA,"C/C,C/F,C/L,C/W"
V+J,mouse,TRAV7D-6,TRAJ30,C/F,1.0,7,TRA,"C/C,C/F,C/L,C/W"
V+J,mouse,TRAV6-3,TRAJ6,C/F,1.0,7,TRA,"C/C,C/F,C/L,C/W"
V+J,mouse,TRAV9-2,TRAJ53,C/F,1.0,7,TRA,"C/C,C/F,C/L,C/W"
V+J,mouse,TRAV16N,TRAJ11,C/F,1.0,7,TRA,"C/C,C/F,C/L,C/W"
V+J,mouse,TRAV7D-4,TRAJ45,C/F,1.0,7,TRA,"C/C,C/F,C/L,C/W"
V+J,mouse,TRAV6-6,TRAJ16,C/F,1.0,7,TRA,"C/C,C/F,C/L,C/W"
V+J,mouse,TRAV7-3,TRAJ52,C/F,1.0,7,TRA,"C/C,C/F,C/L,C/W"
V+J,mouse,TRAV7-3,TRAJ16,C/F,1.0,7,TRA,"C/C,C/F,C/L,C/W"
V+J,mouse,TRAV19,TRAJ40,C/F,1.0,7,TRA,"C/C,C/F,C/L,C/W"
V+J,mouse,TRAV16N,TRAJ6,C/F,1.0,7,TRA,"C/C,C/F,C/L,C/W"
V+J,mouse,TRAV3D-3,TRAJ42,C/F,1.0,7,TRA,"C/C,C/F,C/L,C/W"
V+J,mouse,TRAV7-1,TRAJ27,C/F,1.0,7,TRA,"C/C,C/F,C/L,C/W"
V+J,mouse,TRAV4-4/DV10,TRAJ27,C/F,1.0,7,TRA,"C/C,C/F,C/L,C/W"
V+J,mouse,TRAV13-1,TRAJ4,C/F,1.0,7,TRA,"C/C,C/F,C/L,C/W"
V+J,mouse,TRAV9-4,TRAJ57,C/F,1.0,7,TRA,"C/C,C/F,C/L,C/W"
V+J,mouse,TRAV7D-3,TRAJ23,C/F,1.0,7,TRA,"C/C,C/F,C/L,C/W"
V+J,mouse,TRAV7-6,TRAJ32,C/F,1.0,7,TRA,"C/C,C/F,C/L,C/W"
V+J,mouse,TRAV12D-2,TRAJ48,C/F,1.0,7,TRA,"C/C,C/F,C/L,C/W"
V+J,mouse,TRAV21/DV12,TRAJ37,C/F,1.0,7,TRA,"C/C,C/F,C/L,C/W"
V+J,mouse,TRAV3-3,TRAJ53,C/F,1.0,7,TRA,"C/C,C/F,C/L,C/W"
V+J,mouse,TRAV8D-1,TRAJ45,C/F,1.0,7,TRA,"C/C,C/F,C/L,C/W"
V+J,mouse,TRAV7-5,TRAJ45,C/F,1.0,7,TRA,"C/C,C/F,C/L,C/W"
V+J,mouse,TRAV9N-4,TRAJ13,C/F,1.0,7,TRA,"C/C,C/F,C/L,C/W"
V+J,mouse,TRAV13D-1,TRAJ52,C/F,1.0,7,TRA,"C/C,C/F,C/L,C/W"
V+J,mouse,TRAV6-4,TRAJ21,C/F,1.0,7,TRA,"C/C,C/F,C/L,C/W"
V+J,mouse,TRAV10D,TRAJ34,C/F,1.0,7,TRA,"C/C,C/F,C/L,C/W"
V+J,mouse,TRAV13D-4,TRAJ9,C/F,1.0,7,TRA,"C/C,C/F,C/L,C/W"
V+J,mouse,TRAV19,TRAJ43,C/F,1.0,7,TRA,"C/C,C/F,C/L,C/W"
V+J,mouse,TRAV6-4,TRAJ31,C/F,1.0,7,TRA,"C/C,C/F,C/L,C/W"
V+J,mouse,TRAV4D-4,TRAJ7,C/L,1.0,7,TRA,"C/C,C/F,C/L,C/W"
V+J,mouse,TRAV13N-4,TRAJ31,C/F,1.0,7,TRA,"C/C,C/F,C/L,C/W"
V+J,mouse,TRAV7D-4,TRAJ40,C/F,1.0,7,TRA,"C/C,C/F,C/L,C/W"
V+J,mouse,TRAV1,TRAJ13,C/F,1.0,7,TRA,"C/C,C/F,C/L,C/W"
V+J,mouse,TRAV4D-4,TRAJ40,C/F,1.0,7,TRA,"C/C,C/F,C/L,C/W"
V+J,mouse,TRAV12-2,TRAJ38,C/W,1.0,7,TRA,"C/C,C/F,C/L,C/W"
V+J,mouse,TRAV14-3,TRAJ11,C/F,1.0,7,TRA,"C/C,C/F,C/L,C/W"
V+J,mouse,TRAV13D-1,TRAJ31,C/F,1.0,7,TRA,"C/C,C/F,C/L,C/W"
V+J,mouse,TRAV4D-4,TRAJ34,C/F,1.0,7,TRA,"C/C,C/F,C/L,C/W"
V+J,mouse,TRAV7-1,TRAJ18,C/F,1.0,7,TRA,"C/C,C/F,C/L,C/W"
V+J,mouse,TRAV5D-4,TRAJ33,C/W,1.0,7,TRA,"C/C,C/F,C/L,C/W"
V+J,mouse,TRAV9-4,TRAJ21,C/F,1.0,7,TRA,"C/C,C/F,C/L,C/W"
V+J,mouse,TRAV3D-3,TRAJ39,C/F,1.0,7,TRA,"C/C,C/F,C/L,C/W"
V+J,mouse,TRAV12D-3,TRAJ40,C/F,1.0,7,TRA,"C/C,C/F,C/L,C/W"
V+J,mouse,TRAV12D-2,TRAJ40,C/F,1.0,7,TRA,"C/C,C/F,C/L,C/W"
V+J,mouse,TRAV16,TRAJ18,C/F,1.0,7,TRA,"C/C,C/F,C/L,C/W"
V+J,mouse,TRAV6-1,TRAJ34,C/F,1.0,7,TRA,"C/C,C/F,C/L,C/W"
V+J,mouse,TRAV6-1,TRAJ27,C/F,1.0,7,TRA,"C/C,C/F,C/L,C/W"
V+J,mouse,TRAV9-1,TRAJ43,C/F,1.0,7,TRA,"C/C,C/F,C/L,C/W"
V+J,mouse,TRAV9-4,TRAJ38,C/W,1.0,7,TRA,"C/C,C/F,C/L,C/W"
V+J,mouse,TRAV14-3,TRAJ23,C/F,1.0,7,TRA,"C/C,C/F,C/L,C/W"
V+J,mouse,TRAV13-4/DV7,TRAJ50,C/F,1.0,7,TRA,"C/C,C/F,C/L,C/W"
V+J,mouse,TRAV6-1,TRAJ11,C/F,1.0,7,TRA,"C/C,C/F,C/L,C/W"
V+J,mouse,TRAV7D-4,TRAJ9,C/F,1.0,7,TRA,"C/C,C/F,C/L,C/W"
V+J,mouse,TRAV14D-3/DV8,TRAJ39,C/F,1.0,7,TRA,"C/C,C/F,C/L,C/W"
V+J,mouse,TRAV2,TRAJ23,C/F,1.0,7,TRA,"C/C,C/F,C/L,C/W"
V+J,mouse,TRAV9-2,TRAJ12,C/F,1.0,7,TRA,"C/C,C/F,C/L,C/W"
V+J,mouse,TRAV8-1,TRAJ18,C/F,1.0,7,TRA,"C/C,C/F,C/L,C/W"
V+J,mouse,TRAV6-4,TRAJ23,C/F,1.0,7,TRA,"C/C,C/F,C/L,C/W"
V+J,mouse,TRAV6-5,TRAJ28,C/F,1.0,7,TRA,"C/C,C/F,C/L,C/W"
V+J,mouse,TRAV10,TRAJ43,C/F,1.0,7,TRA,"C/C,C/F,C/L,C/W"
V+J,mouse,TRAV6D-4,TRAJ6,C/F,1.0,7,TRA,"C/C,C/F,C/L,C/W"
V+J,mouse,TRAV6-4,TRAJ7,C/L,1.0,7,TRA,"C/C,C/F,C/L,C/W"
V+J,mouse,TRAV8D-2,TRAJ44,C/L,1.0,7,TRA,"C/C,C/F,C/L,C/W"
V+J,mouse,TRAV7D-5,TRAJ39,C/F,1.0,7,TRA,"C/C,C/F,C/L,C/W"
V+J,mouse,TRAV10,TRAJ16,C/F,1.0,7,TRA,"C/C,C/F,C/L,C/W"
V+J,mouse,TRAV7D-3,TRAJ32,C/F,1.0,7,TRA,"C/C,C/F,C/L,C/W"
V+J,mouse,TRAV8-1,TRAJ17,C/F,1.0,7,TRA,"C/C,C/F,C/L,C/W"
V+J,mouse,TRAV7-1,TRAJ32,C/F,1.0,7,TRA,"C/C,C/F,C/L,C/W"
V+J,mouse,TRAV2,TRAJ15,C/F,1.0,7,TRA,"C/C,C/F,C/L,C/W"
V+J,mouse,TRAV4-3,TRAJ35,C/F,1.0,7,TRA,"C/C,C/F,C/L,C/W"
V+J,mouse,TRAV12D-2,TRAJ43,C/F,1.0,7,TRA,"C/C,C/F,C/L,C/W"
V+J,mouse,TRAV3-1,TRAJ18,C/F,1.0,7,TRA,"C/C,C/F,C/L,C/W"
V+J,mouse,TRAV8D-2,TRAJ13,C/F,1.0,7,TRA,"C/C,C/F,C/L,C/W"
V+J,mouse,TRAV9-3,TRAJ49,C/F,1.0,7,TRA,"C/C,C/F,C/L,C/W"
V+J,mouse,TRAV13N-1,TRAJ26,C/F,1.0,7,TRA,"C/C,C/F,C/L,C/W"
V+J,mouse,TRAV10D,TRAJ12,C/F,1.0,7,TRA,"C/C,C/F,C/L,C/W"
V+J,mouse,TRAV4D-4,TRAJ39,C/F,1.0,7,TRA,"C/C,C/F,C/L,C/W"
V+J,mouse,TRAV12-3,TRAJ21,C/F,1.0,7,TRA,"C/C,C/F,C/L,C/W"
V+J,mouse,TRAV2,TRAJ30,C/F,1.0,7,TRA,"C/C,C/F,C/L,C/W"
V+J,mouse,TRAV10D,TRAJ18,C/F,1.0,7,TRA,"C/C,C/F,C/L,C/W"
V+J,mouse,TRAV2,TRAJ32,C/F,1.0,7,TRA,"C/C,C/F,C/L,C/W"
V+J,mouse,TRAV6-6,TRAJ7,C/L,1.0,7,TRA,"C/C,C/F,C/L,C/W"
V+J,mouse,TRAV6D-4,TRAJ49,C/F,1.0,7,TRA,"C/C,C/F,C/L,C/W"
V+J,mouse,TRAV9-3,TRAJ39,C/F,1.0,7,TRA,"C/C,C/F,C/L,C/W"
V+J,mouse,TRAV16D/DV11,TRAJ9,C/F,1.0,7,TRA,"C/C,C/F,C/L,C/W"
V+J,mouse,TRAV13D-1,TRAJ12,C/F,1.0,7,TRA,"C/C,C/F,C/L,C/W"
V+J,mouse,TRAV4-3,TRAJ12,C/F,1.0,7,TRA,"C/C,C/F,C/L,C/W"
V+J,mouse,TRAV8-2,TRAJ53,C/F,1.0,7,TRA,"C/C,C/F,C/L,C/W"
V+J,mouse,TRAV9D-3,TRAJ57,C/F,1.0,7,TRA,"C/C,C/F,C/L,C/W"
V+J,mouse,TRAV6-2,TRAJ4,C/F,1.0,7,TRA,"C/C,C/F,C/L,C/W"
V+J,mouse,TRAV8D-1,TRAJ26,C/F,1.0,7,TRA,"C/C,C/F,C/L,C/W"
V+J,mouse,TRAV8D-1,TRAJ30,C/F,1.0,7,TRA,"C/C,C/F,C/L,C/W"
V+J,mouse,TRAV7D-2,TRAJ13,C/F,1.0,7,TRA,"C/C,C/F,C/L,C/W"
V+J,mouse,TRAV13-2,TRAJ45,C/F,1.0,7,TRA,"C/C,C/F,C/L,C/W"
V+J,mouse,TRAV9-3,TRAJ42,C/F,1.0,7,TRA,"C/C,C/F,C/L,C/W"
V+J,mouse,TRAV7-5,TRAJ56,C/F,1.0,7,TRA,"C/C,C/F,C/L,C/W"
V+J,mouse,TRAV6D-5,TRAJ32,C/F,1.0,7,TRA,"C/C,C/F,C/L,C/W"
V+J,mouse,TRAV9-3,TRAJ32,C/F,1.0,7,TRA,"C/C,C/F,C/L,C/W"
V+J,mouse,TRAV6-3,TRAJ40,C/F,1.0,7,TRA,"C/C,C/F,C/L,C/W"
V+J,mouse,TRAV6-4,TRAJ49,C/F,1.0,7,TRA,"C/C,C/F,C/L,C/W"
V+J,mouse,TRAV6-7/DV9,TRAJ39,C/F,1.0,7,TRA,"C/C,C/F,C/L,C/W"
V+J,mouse,TRAV1,TRAJ9,C/F,1.0,7,TRA,"C/C,C/F,C/L,C/W"
V+J,mouse,TRAV9D-1,TRAJ34,C/F,1.0,7,TRA,"C/C,C/F,C/L,C/W"
V+J,mouse,TRAV16,TRAJ2,C/F,1.0,7,TRA,"C/C,C/F,C/L,C/W"
V+J,mouse,TRAV5-4,TRAJ58,C/F,1.0,7,TRA,"C/C,C/F,C/L,C/W"
V+J,mouse,TRAV12D-1,TRAJ27,C/F,1.0,7,TRA,"C/C,C/F,C/L,C/W"
V+J,mouse,TRAV9N-4,TRAJ7,C/L,1.0,7,TRA,"C/C,C/F,C/L,C/W"
V+J,mouse,TRAV9-2,TRAJ43,C/F,1.0,7,TRA,"C/C,C/F,C/L,C/W"
V+J,mouse,TRAV12D-1,TRAJ26,C/F,1.0,7,TRA,"C/C,C/F,C/L,C/W"
V+J,mouse,TRAV3-3,TRAJ35,C/F,1.0,7,TRA,"C/C,C/F,C/L,C/W"
V+J,mouse,TRAV6-1,TRAJ15,C/F,1.0,7,TRA,"C/C,C/F,C/L,C/W"
V+J,mouse,TRAV7-3,TRAJ11,C/F,1.0,7,TRA,"C/C,C/F,C/L,C/W"
V+J,mouse,TRAV7D-3,TRAJ17,C/F,1.0,7,TRA,"C/C,C/F,C/L,C/W"
V+J,mouse,TRAV7D-2,TRAJ6,C/F,1.0,7,TRA,"C/C,C/F,C/L,C/W"
V+J,mouse,TRAV10,TRAJ7,C/L,1.0,7,TRA,"C/C,C/F,C/L,C/W"
V+J,mouse,TRAV14D-3/DV8,TRAJ35,C/F,1.0,7,TRA,"C/C,C/F,C/L,C/W"
V+J,mouse,TRAV8-1,TRAJ21,C/F,1.0,7,TRA,"C/C,C/F,C/L,C/W"
V+J,mouse,TRAV14-3,TRAJ30,C/F,1.0,7,TRA,"C/C,C/F,C/L,C/W"
V+J,mouse,TRAV6-2,TRAJ33,C/W,1.0,7,TRA,"C/C,C/F,C/L,C/W"
V+J,mouse,TRAV14-3,TRAJ33,C/W,1.0,7,TRA,"C/C,C/F,C/L,C/W"
V+J,mouse,TRAV10N,TRAJ18,C/F,1.0,7,TRA,"C/C,C/F,C/L,C/W"
V+J,mouse,TRAV14D-1,TRAJ2,C/F,1.0,7,TRA,"C/C,C/F,C/L,C/W"
V+J,mouse,TRAV14D-1,TRAJ58,C/F,1.0,7,TRA,"C/C,C/F,C/L,C/W"
V+J,mouse,TRAV3-1,TRAJ13,C/F,1.0,7,TRA,"C/C,C/F,C/L,C/W"
V+J,mouse,TRAV7N-4,TRAJ43,C/F,1.0,7,TRA,"C/C,C/F,C/L,C/W"
V+J,mouse,TRAV5-1,TRAJ35,C/F,1.0,7,TRA,"C/C,C/F,C/L,C/W"
V+J,human,TRAV8-3,TRAJ25,C/F,1.0,7,TRA,"C/C,C/F,C/L,C/W"
V+J,human,TRAV2,TRAJ46,C/F,1.0,7,TRA,"C/C,C/F,C/L,C/W"
V+J,human,TRAV9-1,TRAJ42,C/F,1.0,7,TRA,"C/C,C/F,C/L,C/W"
V+J,human,TRAV9-1,TRAJ37,C/F,1.0,7,TRA,"C/C,C/F,C/L,C/W"
V+J,human,TRAV4,TRAJ25,C/F,1.0,7,TRA,"C/C,C/F,C/L,C/W"
V+J,human,TRAV27,TRAJ61,C/F,1.0,7,TRA,"C/C,C/F,C/L,C/W"
V+J,mouse,TRAV12D-1,TRAJ34,C/F,1.0,7,TRA,"C/C,C/F,C/L,C/W"
V+J,mouse,TRAV5N-4,TRAJ11,C/F,1.0,7,TRA,"C/C,C/F,C/L,C/W"
V+J,mouse,TRAV14N-1,TRAJ30,C/F,1.0,7,TRA,"C/C,C/F,C/L,C/W"
V+J,mouse,TRAV14N-2,TRAJ12,C/F,1.0,7,TRA,"C/C,C/F,C/L,C/W"
V+J,mouse,TRAV5N-4,TRAJ27,C/F,1.0,7,TRA,"C/C,C/F,C/L,C/W"
V+J,mouse,TRAV6D-6,TRAJ56,C/F,1.0,7,TRA,"C/C,C/F,C/L,C/W"
V+J,mouse,TRAV9N-2,TRAJ31,C/F,1.0,7,TRA,"C/C,C/F,C/L,C/W"
V+J,mouse,TRAV7D-2,TRAJ23,C/F,1.0,7,TRA,"C/C,C/F,C/L,C/W"
V+J,mouse,TRAV6N-7,TRAJ32,C/F,1.0,7,TRA,"C/C,C/F,C/L,C/W"
V+J,mouse,TRAV12N-2,TRAJ32,C/F,1.0,7,TRA,"C/C,C/F,C/L,C/W"
V+J,human,TRAV41,TRAJ31,C/F,1.0,7,TRA,"C/C,C/F,C/L,C/W"
V+J,human,TRAV26-2,TRAJ31,C/F,1.0,7,TRA,"C/C,C/F,C/L,C/W"
V+J,mouse,TRAV8D-2,TRAJ45,C/F,1.0,6,TRA,"C/C,C/F,C/L,C/W"
V+J,mouse,TRAV4D-3,TRAJ49,C/F,1.0,6,TRA,"C/C,C/F,C/L,C/W"
V+J,mouse,TRAV5D-4,TRAJ18,C/F,1.0,6,TRA,"C/C,C/F,C/L,C/W"
V+J,mouse,TRAV9-1,TRAJ6,C/F,1.0,6,TRA,"C/C,C/F,C/L,C/W"
V+J,mouse,TRAV7-6,TRAJ23,C/F,1.0,6,TRA,"C/C,C/F,C/L,C/W"
V+J,mouse,TRAV16,TRAJ44,C/L,1.0,6,TRA,"C/C,C/F,C/L,C/W"
V+J,mouse,TRAV7N-4,TRAJ23,C/F,1.0,6,TRA,"C/C,C/F,C/L,C/W"
V+J,mouse,TRAV9-4,TRAJ15,C/F,1.0,6,TRA,"C/C,C/F,C/L,C/W"
V+J,mouse,TRAV7-1,TRAJ4,C/F,1.0,6,TRA,"C/C,C/F,C/L,C/W"
V+J,mouse,TRAV13-4/DV7,TRAJ37,C/F,1.0,6,TRA,"C/C,C/F,C/L,C/W"
V+J,mouse,TRAV8-1,TRAJ42,C/F,1.0,6,TRA,"C/C,C/F,C/L,C/W"
V+J,mouse,TRAV13N-4,TRAJ30,C/F,1.0,6,TRA,"C/C,C/F,C/L,C/W"
V+J,mouse,TRAV5-1,TRAJ2,C/F,1.0,6,TRA,"C/C,C/F,C/L,C/W"
V+J,mouse,TRAV4-4/DV10,TRAJ26,C/F,1.0,6,TRA,"C/C,C/F,C/L,C/W"
V+J,mouse,TRAV6-5,TRAJ16,C/F,1.0,6,TRA,"C/C,C/F,C/L,C/W"
V+J,mouse,TRAV5D-4,TRAJ42,C/F,1.0,6,TRA,"C/C,C/F,C/L,C/W"
V+J,mouse,TRAV4-4/DV10,TRAJ22,C/F,1.0,6,TRA,"C/C,C/F,C/L,C/W"
V+J,mouse,TRAV6-7/DV9,TRAJ26,C/F,1.0,6,TRA,"C/C,C/F,C/L,C/W"
V+J,mouse,TRAV17,TRAJ34,C/F,1.0,6,TRA,"C/C,C/F,C/L,C/W"
V+J,mouse,TRAV3-4,TRAJ50,C/F,1.0,6,TRA,"C/C,C/F,C/L,C/W"
V+J,mouse,TRAV13D-1,TRAJ57,C/F,1.0,6,TRA,"C/C,C/F,C/L,C/W"
V+J,mouse,TRAV8-1,TRAJ45,C/F,1.0,6,TRA,"C/C,C/F,C/L,C/W"
V+J,mouse,TRAV9D-2,TRAJ13,C/F,1.0,6,TRA,"C/C,C/F,C/L,C/W"
V+J,mouse,TRAV9N-4,TRAJ33,C/W,1.0,6,TRA,"C/C,C/F,C/L,C/W"
V+J,mouse,TRAV8N-2,TRAJ39,C/F,1.0,6,TRA,"C/C,C/F,C/L,C/W"
V+J,mouse,TRAV6-2,TRAJ21,C/F,1.0,6,TRA,"C/C,C/F,C/L,C/W"
V+J,mouse,TRAV7D-5,TRAJ38,C/W,1.0,6,TRA,"C/C,C/F,C/L,C/W"
V+J,mouse,TRAV4D-3,TRAJ23,C/F,1.0,6,TRA,"C/C,C/F,C/L,C/W"
V+J,mouse,TRAV6D-7,TRAJ5,C/F,1.0,6,TRA,"C/C,C/F,C/L,C/W"
V+J,mouse,TRAV6-2,TRAJ6,C/F,1.0,6,TRA,"C/C,C/F,C/L,C/W"
V+J,mouse,TRAV9N-4,TRAJ15,C/F,1.0,6,TRA,"C/C,C/F,C/L,C/W"
V+J,mouse,TRAV21/DV12,TRAJ32,C/F,1.0,6,TRA,"C/C,C/F,C/L,C/W"
V+J,mouse,TRAV12-2,TRAJ18,C/F,1.0,6,TRA,"C/C,C/F,C/L,C/W"
V+J,mouse,TRAV7-2,TRAJ48,C/F,1.0,6,TRA,"C/C,C/F,C/L,C/W"
V+J,mouse,TRAV13-1,TRAJ35,C/F,1.0,6,TRA,"C/C,C/F,C/L,C/W"
V+J,mouse,TRAV9-2,TRAJ21,C/F,1.0,6,TRA,"C/C,C/F,C/L,C/W"
V+J,mouse,TRAV19,TRAJ31,C/F,1.0,6,TRA,"C/C,C/F,C/L,C/W"
V+J,mouse,TRAV4-4/DV10,TRAJ38,C/W,1.0,6,TRA,"C/C,C/F,C/L,C/W"
V+J,mouse,TRAV6D-5,TRAJ33,C/W,1.0,6,TRA,"C/C,C/F,C/L,C/W"
V+J,mouse,TRAV8D-1,TRAJ9,C/F,1.0,6,TRA,"C/C,C/F,C/L,C/W"
V+J,mouse,TRAV7D-4,TRAJ4,C/F,1.0,6,TRA,"C/C,C/F,C/L,C/W"
V+J,mouse,TRAV12D-3,TRAJ43,C/F,1.0,6,TRA,"C/C,C/F,C/L,C/W"
V+J,mouse,TRAV15D-1/DV6D-1,TRAJ30,C/F,1.0,6,TRA,"C/C,C/F,C/L,C/W"
V+J,mouse,TRAV13-4/DV7,TRAJ45,C/F,1.0,6,TRA,"C/C,C/F,C/L,C/W"
V+J,mouse,TRAV6D-5,TRAJ18,C/F,1.0,6,TRA,"C/C,C/F,C/L,C/W"
V+J,mouse,TRAV6D-5,TRAJ30,C/F,1.0,6,TRA,"C/C,C/F,C/L,C/W"
V+J,mouse,TRAV10D,TRAJ53,C/F,1.0,6,TRA,"C/C,C/F,C/L,C/W"
V+J,mouse,TRAV7-6,TRAJ37,C/F,1.0,6,TRA,"C/C,C/F,C/L,C/W"
V+J,mouse,TRAV6-2,TRAJ40,C/F,1.0,6,TRA,"C/C,C/F,C/L,C/W"
V+J,mouse,TRAV6-4,TRAJ37,C/F,1.0,6,TRA,"C/C,C/F,C/L,C/W"
V+J,mouse,TRAV8-1,TRAJ48,C/F,1.0,6,TRA,"C/C,C/F,C/L,C/W"
V+J,mouse,TRAV21/DV12,TRAJ43,C/F,1.0,6,TRA,"C/C,C/F,C/L,C/W"
V+J,mouse,TRAV6-3,TRAJ17,C/F,1.0,6,TRA,"C/C,C/F,C/L,C/W"
V+J,mouse,TRAV8D-1,TRAJ6,C/F,1.0,6,TRA,"C/C,C/F,C/L,C/W"
V+J,mouse,TRAV4-4/DV10,TRAJ30,C/F,1.0,6,TRA,"C/C,C/F,C/L,C/W"
V+J,mouse,TRAV8D-2,TRAJ42,C/F,1.0,6,TRA,"C/C,C/F,C/L,C/W"
V+J,mouse,TRAV8N-2,TRAJ7,C/L,1.0,6,TRA,"C/C,C/F,C/L,C/W"
V+J,mouse,TRAV7-4,TRAJ28,C/F,1.0,6,TRA,"C/C,C/F,C/L,C/W"
V+J,mouse,TRAV3-1,TRAJ11,C/F,1.0,6,TRA,"C/C,C/F,C/L,C/W"
V+J,mouse,TRAV6-5,TRAJ57,C/F,1.0,6,TRA,"C/C,C/F,C/L,C/W"
V+J,mouse,TRAV12D-3,TRAJ42,C/F,1.0,6,TRA,"C/C,C/F,C/L,C/W"
V+J,mouse,TRAV7D-3,TRAJ50,C/F,1.0,6,TRA,"C/C,C/F,C/L,C/W"
V+J,mouse,TRAV6D-5,TRAJ7,C/L,1.0,6,TRA,"C/C,C/F,C/L,C/W"
V+J,mouse,TRAV8-1,TRAJ53,C/F,1.0,6,TRA,"C/C,C/F,C/L,C/W"
V+J,mouse,TRAV6-3,TRAJ4,C/F,1.0,6,TRA,"C/C,C/F,C/L,C/W"
V+J,mouse,TRAV12-1,TRAJ39,C/F,1.0,6,TRA,"C/C,C/F,C/L,C/W"
V+J,mouse,TRAV7N-4,TRAJ31,C/F,1.0,6,TRA,"C/C,C/F,C/L,C/W"
V+J,mouse,TRAV4D-3,TRAJ18,C/F,1.0,6,TRA,"C/C,C/F,C/L,C/W"
V+J,mouse,TRAV6N-6,TRAJ31,C/F,1.0,6,TRA,"C/C,C/F,C/L,C/W"
V+J,mouse,TRAV6D-3,TRAJ40,C/F,1.0,6,TRA,"C/C,C/F,C/L,C/W"
V+J,mouse,TRAV6D-5,TRAJ17,C/F,1.0,6,TRA,"C/C,C/F,C/L,C/W"
V+J,mouse,TRAV10,TRAJ52,C/F,1.0,6,TRA,"C/C,C/F,C/L,C/W"
V+J,mouse,TRAV6D-5,TRAJ15,C/F,1.0,6,TRA,"C/C,C/F,C/L,C/W"
V+J,mouse,TRAV6D-4,TRAJ15,C/F,1.0,6,TRA,"C/C,C/F,C/L,C/W"
V+J,mouse,TRAV13N-4,TRAJ34,C/F,1.0,6,TRA,"C/C,C/F,C/L,C/W"
V+J,mouse,TRAV10,TRAJ45,C/F,1.0,6,TRA,"C/C,C/F,C/L,C/W"
V+J,mouse,TRAV14-3,TRAJ18,C/F,1.0,6,TRA,"C/C,C/F,C/L,C/W"
V+J,mouse,TRAV10D,TRAJ33,C/W,1.0,6,TRA,"C/C,C/F,C/L,C/W"
V+J,mouse,TRAV8D-2,TRAJ11,C/F,1.0,6,TRA,"C/C,C/F,C/L,C/W"
V+J,mouse,TRAV7D-4,TRAJ21,C/F,1.0,6,TRA,"C/C,C/F,C/L,C/W"
V+J,mouse,TRAV10,TRAJ56,C/F,1.0,6,TRA,"C/C,C/F,C/L,C/W"
V+J,mouse,TRAV9D-3,TRAJ56,C/F,1.0,6,TRA,"C/C,C/F,C/L,C/W"
V+J,mouse,TRAV16N,TRAJ16,C/F,1.0,6,TRA,"C/C,C/F,C/L,C/W"
V+J,mouse,TRAV7N-4,TRAJ22,C/F,1.0,6,TRA,"C/C,C/F,C/L,C/W"
V+J,mouse,TRAV6D-5,TRAJ22,C/F,1.0,6,TRA,"C/C,C/F,C/L,C/W"
V+J,mouse,TRAV10D,TRAJ13,C/F,1.0,6,TRA,"C/C,C/F,C/L,C/W"
V+J,mouse,TRAV10D,TRAJ21,C/F,1.0,6,TRA,"C/C,C/F,C/L,C/W"
V+J,mouse,TRAV7D-2,TRAJ4,C/F,1.0,6,TRA,"C/C,C/F,C/L,C/W"
V+J,mouse,TRAV7-5,TRAJ9,C/F,1.0,6,TRA,"C/C,C/F,C/L,C/W"
V+J,mouse,TRAV7-5,TRAJ44,C/L,1.0,6,TRA,"C/C,C/F,C/L,C/W"
V+J,mouse,TRAV7D-5,TRAJ7,C/L,1.0,6,TRA,"C/C,C/F,C/L,C/W"
V+J,mouse,TRAV14D-1,TRAJ11,C/F,1.0,6,TRA,"C/C,C/F,C/L,C/W"
V+J,mouse,TRAV12-3,TRAJ22,C/F,1.0,6,TRA,"C/C,C/F,C/L,C/W"
V+J,mouse,TRAV16D/DV11,TRAJ34,C/F,1.0,6,TRA,"C/C,C/F,C/L,C/W"
V+J,mouse,TRAV7-4,TRAJ6,C/F,1.0,6,TRA,"C/C,C/F,C/L,C/W"
V+J,mouse,TRAV4-3,TRAJ56,C/F,1.0,6,TRA,"C/C,C/F,C/L,C/W"
V+J,mouse,TRAV9D-1,TRAJ39,C/F,1.0,6,TRA,"C/C,C/F,C/L,C/W"
V+J,mouse,TRAV4D-3,TRAJ32,C/F,1.0,6,TRA,"C/C,C/F,C/L,C/W"
V+J,mouse,TRAV12D-1,TRAJ4,C/F,1.0,6,TRA,"C/C,C/F,C/L,C/W"
V+J,mouse,TRAV12-3,TRAJ15,C/F,1.0,6,TRA,"C/C,C/F,C/L,C/W"
V+J,mouse,TRAV12-2,TRAJ17,C/F,1.0,6,TRA,"C/C,C/F,C/L,C/W"
V+J,mouse,TRAV9-3,TRAJ45,C/F,1.0,6,TRA,"C/C,C/F,C/L,C/W"
V+J,mouse,TRAV13-4/DV7,TRAJ40,C/F,1.0,6,TRA,"C/C,C/F,C/L,C/W"
V+J,mouse,TRAV7D-5,TRAJ18,C/F,1.0,6,TRA,"C/C,C/F,C/L,C/W"
V+J,mouse,TRAV4-3,TRAJ48,C/F,1.0,6,TRA,"C/C,C/F,C/L,C/W"
V+J,mouse,TRAV7N-4,TRAJ30,C/F,1.0,6,TRA,"C/C,C/F,C/L,C/W"
V+J,mouse,TRAV7D-2,TRAJ42,C/F,1.0,6,TRA,"C/C,C/F,C/L,C/W"
V+J,mouse,TRAV12-3,TRAJ53,C/F,1.0,6,TRA,"C/C,C/F,C/L,C/W"
V+J,mouse,TRAV6-2,TRAJ27,C/F,1.0,6,TRA,"C/C,C/F,C/L,C/W"
V+J,mouse,TRAV7-6,TRAJ42,C/F,1.0,6,TRA,"C/C,C/F,C/L,C/W"
V+J,mouse,TRAV7-3,TRAJ2,C/F,1.0,6,TRA,"C/C,C/F,C/L,C/W"
V+J,mouse,TRAV4-2,TRAJ50,C/F,1.0,6,TRA,"C/C,C/F,C/L,C/W"
V+J,mouse,TRAV13D-1,TRAJ30,C/F,1.0,6,TRA,"C/C,C/F,C/L,C/W"
V+J,mouse,TRAV10N,TRAJ4,C/F,1.0,6,TRA,"C/C,C/F,C/L,C/W"
V+J,mouse,TRAV8D-1,TRAJ17,C/F,1.0,6,TRA,"C/C,C/F,C/L,C/W"
V+J,mouse,TRAV9-3,TRAJ50,C/F,1.0,6,TRA,"C/C,C/F,C/L,C/W"
V+J,mouse,TRAV6-3,TRAJ21,C/F,1.0,6,TRA,"C/C,C/F,C/L,C/W"
V+J,mouse,TRAV6-3,TRAJ42,C/F,1.0,6,TRA,"C/C,C/F,C/L,C/W"
V+J,mouse,TRAV5-1,TRAJ4,C/F,1.0,6,TRA,"C/C,C/F,C/L,C/W"
V+J,mouse,TRAV5D-4,TRAJ16,C/F,1.0,6,TRA,"C/C,C/F,C/L,C/W"
V+J,mouse,TRAV2,TRAJ6,C/F,1.0,6,TRA,"C/C,C/F,C/L,C/W"
V+J,mouse,TRAV13-2,TRAJ17,C/F,1.0,6,TRA,"C/C,C/F,C/L,C/W"
V+J,mouse,TRAV12-3,TRAJ13,C/F,1.0,6,TRA,"C/C,C/F,C/L,C/W"
V+J,mouse,TRAV2,TRAJ4,C/F,1.0,6,TRA,"C/C,C/F,C/L,C/W"
V+J,mouse,TRAV3-4,TRAJ31,C/F,1.0,6,TRA,"C/C,C/F,C/L,C/W"
V+J,mouse,TRAV6D-5,TRAJ13,C/F,1.0,6,TRA,"C/C,C/F,C/L,C/W"
V+J,mouse,TRAV5-4,TRAJ38,C/W,1.0,6,TRA,"C/C,C/F,C/L,C/W"
V+J,mouse,TRAV14-2,TRAJ38,C/W,1.0,6,TRA,"C/C,C/F,C/L,C/W"
V+J,mouse,TRAV16D/DV11,TRAJ39,C/F,1.0,6,TRA,"C/C,C/F,C/L,C/W"
V+J,mouse,TRAV12-2,TRAJ16,C/F,1.0,6,TRA,"C/C,C/F,C/L,C/W"
V+J,mouse,TRAV7D-4,TRAJ50,C/F,1.0,6,TRA,"C/C,C/F,C/L,C/W"
V+J,mouse,TRAV6-1,TRAJ33,C/W,1.0,6,TRA,"C/C,C/F,C/L,C/W"
V+J,mouse,TRAV4-3,TRAJ53,C/F,1.0,6,TRA,"C/C,C/F,C/L,C/W"
V+J,mouse,TRAV16D/DV11,TRAJ35,C/F,1.0,6,TRA,"C/C,C/F,C/L,C/W"
V+J,mouse,TRAV6-2,TRAJ9,C/F,1.0,6,TRA,"C/C,C/F,C/L,C/W"
V+J,mouse,TRAV7D-3,TRAJ4,C/F,1.0,6,TRA,"C/C,C/F,C/L,C/W"
V+J,mouse,TRAV14-2,TRAJ4,C/F,1.0,6,TRA,"C/C,C/F,C/L,C/W"
V+J,mouse,TRAV13D-2,TRAJ40,C/F,1.0,6,TRA,"C/C,C/F,C/L,C/W"
V+J,mouse,TRAV14-1,TRAJ44,C/L,1.0,6,TRA,"C/C,C/F,C/L,C/W"
V+J,mouse,TRAV13N-1,TRAJ23,C/F,1.0,6,TRA,"C/C,C/F,C/L,C/W"
V+J,mouse,TRAV12-1,TRAJ30,C/F,1.0,6,TRA,"C/C,C/F,C/L,C/W"
V+J,mouse,TRAV12D-1,TRAJ48,C/F,1.0,6,TRA,"C/C,C/F,C/L,C/W"
V+J,mouse,TRAV6D-6,TRAJ6,C/F,1.0,6,TRA,"C/C,C/F,C/L,C/W"
V+J,mouse,TRAV9D-1,TRAJ18,C/F,1.0,6,TRA,"C/C,C/F,C/L,C/W"
V+J,mouse,TRAV13D-1,TRAJ42,C/F,1.0,6,TRA,"C/C,C/F,C/L,C/W"
V+J,mouse,TRAV2,TRAJ9,C/F,1.0,6,TRA,"C/C,C/F,C/L,C/W"
V+J,mouse,TRAV14D-1,TRAJ50,C/F,1.0,6,TRA,"C/C,C/F,C/L,C/W"
V+J,mouse,TRAV3-4,TRAJ32,C/F,1.0,6,TRA,"C/C,C/F,C/L,C/W"
V+J,mouse,TRAV9D-3,TRAJ28,C/F,1.0,6,TRA,"C/C,C/F,C/L,C/W"
V+J,mouse,TRAV6D-7,TRAJ11,C/F,1.0,6,TRA,"C/C,C/F,C/L,C/W"
V+J,mouse,TRAV8-2,TRAJ48,C/F,1.0,6,TRA,"C/C,C/F,C/L,C/W"
V+J,mouse,TRAV6-1,TRAJ13,C/F,1.0,6,TRA,"C/C,C/F,C/L,C/W"
V+J,mouse,TRAV9-4,TRAJ22,C/F,1.0,6,TRA,"C/C,C/F,C/L,C/W"
V+J,mouse,TRAV10D,TRAJ43,C/F,1.0,6,TRA,"C/C,C/F,C/L,C/W"
V+J,mouse,TRAV14-2,TRAJ18,C/F,1.0,6,TRA,"C/C,C/F,C/L,C/W"
V+J,mouse,TRAV6-1,TRAJ18,C/F,1.0,6,TRA,"C/C,C/F,C/L,C/W"
V+J,mouse,TRAV7D-2,TRAJ11,C/F,1.0,6,TRA,"C/C,C/F,C/L,C/W"
V+J,mouse,TRAV6D-6,TRAJ4,C/F,1.0,6,TRA,"C/C,C/F,C/L,C/W"
V+J,mouse,TRAV4-2,TRAJ16,C/F,1.0,6,TRA,"C/C,C/F,C/L,C/W"
V+J,mouse,TRAV8-2,TRAJ52,C/F,1.0,6,TRA,"C/C,C/F,C/L,C/W"
V+J,mouse,TRAV9-1,TRAJ58,C/F,1.0,6,TRA,"C/C,C/F,C/L,C/W"
V+J,mouse,TRAV6D-6,TRAJ15,C/F,1.0,6,TRA,"C/C,C/F,C/L,C/W"
V+J,mouse,TRAV9-3,TRAJ12,C/F,1.0,6,TRA,"C/C,C/F,C/L,C/W"
V+J,mouse,TRAV6D-6,TRAJ21,C/F,1.0,6,TRA,"C/C,C/F,C/L,C/W"
V+J,mouse,TRAV10N,TRAJ32,C/F,1.0,6,TRA,"C/C,C/F,C/L,C/W"
V+J,mouse,TRAV7-5,TRAJ13,C/F,1.0,6,TRA,"C/C,C/F,C/L,C/W"
V+J,mouse,TRAV13-2,TRAJ4,C/F,1.0,6,TRA,"C/C,C/F,C/L,C/W"
V+J,mouse,TRAV6D-6,TRAJ48,C/F,1.0,6,TRA,"C/C,C/F,C/L,C/W"
V+J,mouse,TRAV7D-4,TRAJ23,C/F,1.0,6,TRA,"C/C,C/F,C/L,C/W"
V+J,mouse,TRAV6D-3,TRAJ15,C/F,1.0,6,TRA,"C/C,C/F,C/L,C/W"
V+J,mouse,TRAV16D/DV11,TRAJ52,C/F,1.0,6,TRA,"C/C,C/F,C/L,C/W"
V+J,mouse,TRAV6N-6,TRAJ53,C/F,1.0,6,TRA,"C/C,C/F,C/L,C/W"
V+J,mouse,TRAV3-1,TRAJ32,C/F,1.0,6,TRA,"C/C,C/F,C/L,C/W"
V+J,mouse,TRAV3-1,TRAJ37,C/F,1.0,6,TRA,"C/C,C/F,C/L,C/W"
V+J,human,TRAV9-1,TRAJ6,C/F,1.0,6,TRA,"C/C,C/F,C/L,C/W"
V+J,human,TRAV40,TRAJ61,C/F,1.0,6,TRA,"C/C,C/F,C/L,C/W"
V+J,human,TRAV40,TRAJ30,C/F,1.0,6,TRA,"C/C,C/F,C/L,C/W"
V+J,human,TRAV14/DV4,TRAJ25,C/F,1.0,6,TRA,"C/C,C/F,C/L,C/W"
V+J,human,TRAV9-1,TRAJ43,C/F,1.0,6,TRA,"C/C,C/F,C/L,C/W"
V+J,human,TRAV3,TRAJ57,C/F,1.0,6,TRA,"C/C,C/F,C/L,C/W"
V+J,human,TRAV12-3,TRAJ25,C/F,1.0,6,TRA,"C/C,C/F,C/L,C/W"
V+J,mouse,TRAV5N-4,TRAJ42,C/F,1.0,6,TRA,"C/C,C/F,C/L,C/W"
V+J,mouse,TRAV6N-7,TRAJ22,C/F,1.0,6,TRA,"C/C,C/F,C/L,C/W"
V+J,mouse,TRAV12N-2,TRAJ34,C/F,1.0,6,TRA,"C/C,C/F,C/L,C/W"
V+J,mouse,TRAV12N-3,TRAJ40,C/F,1.0,6,TRA,"C/C,C/F,C/L,C/W"
V+J,mouse,TRAV3N-3,TRAJ31,C/F,1.0,6,TRA,"C/C,C/F,C/L,C/W"
V+J,mouse,TRAV12N-2,TRAJ22,C/F,1.0,6,TRA,"C/C,C/F,C/L,C/W"
V+J,mouse,TRAV6N-7,TRAJ30,C/F,1.0,6,TRA,"C/C,C/F,C/L,C/W"
V+J,mouse,TRAV6N-7,TRAJ26,C/F,1.0,6,TRA,"C/C,C/F,C/L,C/W"
V+J,mouse,TRAV7N-5,TRAJ56,C/F,1.0,6,TRA,"C/C,C/F,C/L,C/W"
V+J,mouse,TRAV6N-7,TRAJ38,C/W,1.0,6,TRA,"C/C,C/F,C/L,C/W"
V+J,mouse,TRAV10D,TRAJ42,C/F,1.0,6,TRA,"C/C,C/F,C/L,C/W"
V+J,mouse,TRAV6N-7,TRAJ23,C/F,1.0,6,TRA,"C/C,C/F,C/L,C/W"
V+J,human,TRAV22,TRAJ31,C/F,1.0,6,TRA,"C/C,C/F,C/L,C/W"
V+J,human,TRAV26-1,TRAJ31,C/F,1.0,6,TRA,"C/C,C/F,C/L,C/W"
V+J,mouse,TRAV9-1,TRAJ11,C/F,1.0,5,TRA,"C/C,C/F,C/L,C/W"
V+J,mouse,TRAV6N-6,TRAJ37,C/F,1.0,5,TRA,"C/C,C/F,C/L,C/W"
V+J,mouse,TRAV6D-7,TRAJ35,C/F,1.0,5,TRA,"C/C,C/F,C/L,C/W"
V+J,mouse,TRAV12-1,TRAJ43,C/F,1.0,5,TRA,"C/C,C/F,C/L,C/W"
V+J,mouse,TRAV3-3,TRAJ9,C/F,1.0,5,TRA,"C/C,C/F,C/L,C/W"
V+J,mouse,TRAV10,TRAJ6,C/F,1.0,5,TRA,"C/C,C/F,C/L,C/W"
V+J,mouse,TRAV4D-4,TRAJ44,C/L,1.0,5,TRA,"C/C,C/F,C/L,C/W"
V+J,mouse,TRAV9-4,TRAJ27,C/F,1.0,5,TRA,"C/C,C/F,C/L,C/W"
V+J,mouse,TRAV13N-1,TRAJ15,C/F,1.0,5,TRA,"C/C,C/F,C/L,C/W"
V+J,mouse,TRAV13N-1,TRAJ2,C/F,1.0,5,TRA,"C/C,C/F,C/L,C/W"
V+J,mouse,TRAV6-3,TRAJ34,C/F,1.0,5,TRA,"C/C,C/F,C/L,C/W"
V+J,mouse,TRAV4D-3,TRAJ30,C/F,1.0,5,TRA,"C/C,C/F,C/L,C/W"
V+J,mouse,TRAV13N-1,TRAJ17,C/F,1.0,5,TRA,"C/C,C/F,C/L,C/W"
V+J,mouse,TRAV14-3,TRAJ4,C/F,1.0,5,TRA,"C/C,C/F,C/L,C/W"
V+J,mouse,TRAV12D-3,TRAJ57,C/F,1.0,5,TRA,"C/C,C/F,C/L,C/W"
V+J,mouse,TRAV2,TRAJ37,C/F,1.0,5,TRA,"C/C,C/F,C/L,C/W"
V+J,mouse,TRAV8-1,TRAJ23,C/F,1.0,5,TRA,"C/C,C/F,C/L,C/W"
V+J,mouse,TRAV10,TRAJ57,C/F,1.0,5,TRA,"C/C,C/F,C/L,C/W"
V+J,mouse,TRAV6D-5,TRAJ37,C/F,1.0,5,TRA,"C/C,C/F,C/L,C/W"
V+J,mouse,TRAV13-2,TRAJ15,C/F,1.0,5,TRA,"C/C,C/F,C/L,C/W"
V+J,mouse,TRAV7-1,TRAJ42,C/F,1.0,5,TRA,"C/C,C/F,C/L,C/W"
V+J,mouse,TRAV14D-3/DV8,TRAJ17,C/F,1.0,5,TRA,"C/C,C/F,C/L,C/W"
V+J,mouse,TRAV13D-2,TRAJ28,C/F,1.0,5,TRA,"C/C,C/F,C/L,C/W"
V+J,mouse,TRAV10N,TRAJ6,C/F,1.0,5,TRA,"C/C,C/F,C/L,C/W"
V+J,mouse,TRAV10N,TRAJ13,C/F,1.0,5,TRA,"C/C,C/F,C/L,C/W"
V+J,mouse,TRAV7D-6,TRAJ34,C/F,1.0,5,TRA,"C/C,C/F,C/L,C/W"
V+J,mouse,TRAV9-2,TRAJ50,C/F,1.0,5,TRA,"C/C,C/F,C/L,C/W"
V+J,mouse,TRAV6-2,TRAJ11,C/F,1.0,5,TRA,"C/C,C/F,C/L,C/W"
V+J,mouse,TRAV12D-2,TRAJ57,C/F,1.0,5,TRA,"C/C,C/F,C/L,C/W"
V+J,mouse,TRAV7D-6,TRAJ9,C/F,1.0,5,TRA,"C/C,C/F,C/L,C/W"
V+J,mouse,TRAV3D-3,TRAJ49,C/F,1.0,5,TRA,"C/C,C/F,C/L,C/W"
V+J,mouse,TRAV6-5,TRAJ38,C/W,1.0,5,TRA,"C/C,C/F,C/L,C/W"
V+J,mouse,TRAV6D-7,TRAJ50,C/F,1.0,5,TRA,"C/C,C/F,C/L,C/W"
V+J,mouse,TRAV9-4,TRAJ12,C/F,1.0,5,TRA,"C/C,C/F,C/L,C/W"
V+J,mouse,TRAV10N,TRAJ27,C/F,1.0,5,TRA,"C/C,C/F,C/L,C/W"
V+J,mouse,TRAV13D-1,TRAJ27,C/F,1.0,5,TRA,"C/C,C/F,C/L,C/W"
V+J,mouse,TRAV5-4,TRAJ23,C/F,1.0,5,TRA,"C/C,C/F,C/L,C/W"
V+J,mouse,TRAV14D-1,TRAJ43,C/F,1.0,5,TRA,"C/C,C/F,C/L,C/W"
V+J,mouse,TRAV14D-1,TRAJ44,C/L,1.0,5,TRA,"C/C,C/F,C/L,C/W"
V+J,mouse,TRAV13N-1,TRAJ39,C/F,1.0,5,TRA,"C/C,C/F,C/L,C/W"
V+J,mouse,TRAV3D-3,TRAJ44,C/L,1.0,5,TRA,"C/C,C/F,C/L,C/W"
V+J,mouse,TRAV10N,TRAJ34,C/F,1.0,5,TRA,"C/C,C/F,C/L,C/W"
V+J,mouse,TRAV9-1,TRAJ28,C/F,1.0,5,TRA,"C/C,C/F,C/L,C/W"
V+J,mouse,TRAV10,TRAJ15,C/F,1.0,5,TRA,"C/C,C/F,C/L,C/W"
V+J,mouse,TRAV7-3,TRAJ28,C/F,1.0,5,TRA,"C/C,C/F,C/L,C/W"
V+J,mouse,TRAV19,TRAJ32,C/F,1.0,5,TRA,"C/C,C/F,C/L,C/W"
V+J,mouse,TRAV6D-5,TRAJ26,C/F,1.0,5,TRA,"C/C,C/F,C/L,C/W"
V+J,mouse,TRAV7D-3,TRAJ42,C/F,1.0,5,TRA,"C/C,C/F,C/L,C/W"
V+J,mouse,TRAV9-2,TRAJ45,C/F,1.0,5,TRA,"C/C,C/F,C/L,C/W"
V+J,mouse,TRAV6-2,TRAJ13,C/F,1.0,5,TRA,"C/C,C/F,C/L,C/W"
V+J,mouse,TRAV9-2,TRAJ48,C/F,1.0,5,TRA,"C/C,C/F,C/L,C/W"
V+J,mouse,TRAV7D-6,TRAJ7,C/L,1.0,5,TRA,"C/C,C/F,C/L,C/W"
V+J,mouse,TRAV4-4/DV10,TRAJ21,C/F,1.0,5,TRA,"C/C,C/F,C/L,C/W"
V+J,mouse,TRAV9N-4,TRAJ30,C/F,1.0,5,TRA,"C/C,C/F,C/L,C/W"
V+J,mouse,TRAV6N-6,TRAJ30,C/F,1.0,5,TRA,"C/C,C/F,C/L,C/W"
V+J,mouse,TRAV5D-4,TRAJ5,C/F,1.0,5,TRA,"C/C,C/F,C/L,C/W"
V+J,mouse,TRAV5-1,TRAJ38,C/W,1.0,5,TRA,"C/C,C/F,C/L,C/W"
V+J,mouse,TRAV4-4/DV10,TRAJ23,C/F,1.0,5,TRA,"C/C,C/F,C/L,C/W"
V+J,mouse,TRAV6-4,TRAJ13,C/F,1.0,5,TRA,"C/C,C/F,C/L,C/W"
V+J,mouse,TRAV9N-4,TRAJ34,C/F,1.0,5,TRA,"C/C,C/F,C/L,C/W"
V+J,mouse,TRAV7-2,TRAJ44,C/L,1.0,5,TRA,"C/C,C/F,C/L,C/W"
V+J,mouse,TRAV6D-3,TRAJ23,C/F,1.0,5,TRA,"C/C,C/F,C/L,C/W"
V+J,mouse,TRAV14D-1,TRAJ57,C/F,1.0,5,TRA,"C/C,C/F,C/L,C/W"
V+J,mouse,TRAV4-2,TRAJ23,C/F,1.0,5,TRA,"C/C,C/F,C/L,C/W"
V+J,mouse,TRAV9-4,TRAJ17,C/F,1.0,5,TRA,"C/C,C/F,C/L,C/W"
V+J,mouse,TRAV13N-4,TRAJ22,C/F,1.0,5,TRA,"C/C,C/F,C/L,C/W"
V+J,mouse,TRAV7-3,TRAJ43,C/F,1.0,5,TRA,"C/C,C/F,C/L,C/W"
V+J,mouse,TRAV6-4,TRAJ39,C/F,1.0,5,TRA,"C/C,C/F,C/L,C/W"
V+J,mouse,TRAV7D-4,TRAJ38,C/W,1.0,5,TRA,"C/C,C/F,C/L,C/W"
V+J,mouse,TRAV4-2,TRAJ17,C/F,1.0,5,TRA,"C/C,C/F,C/L,C/W"
V+J,mouse,TRAV9N-4,TRAJ26,C/F,1.0,5,TRA,"C/C,C/F,C/L,C/W"
V+J,mouse,TRAV7D-4,TRAJ15,C/F,1.0,5,TRA,"C/C,C/F,C/L,C/W"
V+J,mouse,TRAV5-4,TRAJ27,C/F,1.0,5,TRA,"C/C,C/F,C/L,C/W"
V+J,mouse,TRAV9D-3,TRAJ39,C/F,1.0,5,TRA,"C/C,C/F,C/L,C/W"
V+J,mouse,TRAV9-1,TRAJ7,C/L,1.0,5,TRA,"C/C,C/F,C/L,C/W"
V+J,mouse,TRAV9N-4,TRAJ43,C/F,1.0,5,TRA,"C/C,C/F,C/L,C/W"
V+J,mouse,TRAV4-4/DV10,TRAJ12,C/F,1.0,5,TRA,"C/C,C/F,C/L,C/W"
V+J,mouse,TRAV13D-2,TRAJ5,C/F,1.0,5,TRA,"C/C,C/F,C/L,C/W"
V+J,mouse,TRAV8D-1,TRAJ53,C/F,1.0,5,TRA,"C/C,C/F,C/L,C/W"
V+J,mouse,TRAV6D-4,TRAJ11,C/F,1.0,5,TRA,"C/C,C/F,C/L,C/W"
V+J,mouse,TRAV13D-2,TRAJ42,C/F,1.0,5,TRA,"C/C,C/F,C/L,C/W"
V+J,mouse,TRAV6-6,TRAJ11,C/F,1.0,5,TRA,"C/C,C/F,C/L,C/W"
V+J,mouse,TRAV9N-4,TRAJ48,C/F,1.0,5,TRA,"C/C,C/F,C/L,C/W"
V+J,mouse,TRAV4D-3,TRAJ16,C/F,1.0,5,TRA,"C/C,C/F,C/L,C/W"
V+J,mouse,TRAV8-1,TRAJ52,C/F,1.0,5,TRA,"C/C,C/F,C/L,C/W"
V+J,mouse,TRAV9-2,TRAJ15,C/F,1.0,5,TRA,"C/C,C/F,C/L,C/W"
V+J,mouse,TRAV8D-1,TRAJ27,C/F,1.0,5,TRA,"C/C,C/F,C/L,C/W"
V+J,mouse,TRAV13D-2,TRAJ33,C/W,1.0,5,TRA,"C/C,C/F,C/L,C/W"
V+J,mouse,TRAV7D-6,TRAJ31,C/F,1.0,5,TRA,"C/C,C/F,C/L,C/W"
V+J,mouse,TRAV6-3,TRAJ13,C/F,1.0,5,TRA,"C/C,C/F,C/L,C/W"
V+J,mouse,TRAV12D-2,TRAJ42,C/F,1.0,5,TRA,"C/C,C/F,C/L,C/W"
V+J,mouse,TRAV3-3,TRAJ38,C/W,1.0,5,TRA,"C/C,C/F,C/L,C/W"
V+J,mouse,TRAV6D-7,TRAJ48,C/F,1.0,5,TRA,"C/C,C/F,C/L,C/W"
V+J,mouse,TRAV7-6,TRAJ57,C/F,1.0,5,TRA,"C/C,C/F,C/L,C/W"
V+J,mouse,TRAV7-5,TRAJ7,C/L,1.0,5,TRA,"C/C,C/F,C/L,C/W"
V+J,mouse,TRAV13N-1,TRAJ11,C/F,1.0,5,TRA,"C/C,C/F,C/L,C/W"
V+J,mouse,TRAV8-1,TRAJ34,C/F,1.0,5,TRA,"C/C,C/F,C/L,C/W"
V+J,mouse,TRAV7-4,TRAJ56,C/F,1.0,5,TRA,"C/C,C/F,C/L,C/W"
V+J,mouse,TRAV14-2,TRAJ16,C/F,1.0,5,TRA,"C/C,C/F,C/L,C/W"
V+J,mouse,TRAV9D-1,TRAJ17,C/F,1.0,5,TRA,"C/C,C/F,C/L,C/W"
V+J,mouse,TRAV9N-4,TRAJ22,C/F,1.0,5,TRA,"C/C,C/F,C/L,C/W"
V+J,mouse,TRAV1,TRAJ39,C/F,1.0,5,TRA,"C/C,C/F,C/L,C/W"
V+J,mouse,TRAV6D-6,TRAJ35,C/F,1.0,5,TRA,"C/C,C/F,C/L,C/W"
V+J,mouse,TRAV12-2,TRAJ2,C/F,1.0,5,TRA,"C/C,C/F,C/L,C/W"
V+J,mouse,TRAV7-1,TRAJ17,C/F,1.0,5,TRA,"C/C,C/F,C/L,C/W"
V+J,mouse,TRAV14D-2,TRAJ37,C/F,1.0,5,TRA,"C/C,C/F,C/L,C/W"
V+J,mouse,TRAV10,TRAJ58,C/F,1.0,5,TRA,"C/C,C/F,C/L,C/W"
V+J,mouse,TRAV3-1,TRAJ40,C/F,1.0,5,TRA,"C/C,C/F,C/L,C/W"
V+J,mouse,TRAV12D-1,TRAJ21,C/F,1.0,5,TRA,"C/C,C/F,C/L,C/W"
V+J,mouse,TRAV4-3,TRAJ6,C/F,1.0,5,TRA,"C/C,C/F,C/L,C/W"
V+J,mouse,TRAV3D-3,TRAJ48,C/F,1.0,5,TRA,"C/C,C/F,C/L,C/W"
V+J,mouse,TRAV12D-1,TRAJ57,C/F,1.0,5,TRA,"C/C,C/F,C/L,C/W"
V+J,mouse,TRAV17,TRAJ22,C/F,1.0,5,TRA,"C/C,C/F,C/L,C/W"
V+J,mouse,TRAV13N-1,TRAJ16,C/F,1.0,5,TRA,"C/C,C/F,C/L,C/W"
V+J,mouse,TRAV9-3,TRAJ52,C/F,1.0,5,TRA,"C/C,C/F,C/L,C/W"
V+J,mouse,TRAV3-4,TRAJ30,C/F,1.0,5,TRA,"C/C,C/F,C/L,C/W"
V+J,mouse,TRAV6D-6,TRAJ11,C/F,1.0,5,TRA,"C/C,C/F,C/L,C/W"
V+J,mouse,TRAV16D/DV11,TRAJ38,C/W,1.0,5,TRA,"C/C,C/F,C/L,C/W"
V+J,mouse,TRAV7D-4,TRAJ18,C/F,1.0,5,TRA,"C/C,C/F,C/L,C/W"
V+J,mouse,TRAV7D-2,TRAJ30,C/F,1.0,5,TRA,"C/C,C/F,C/L,C/W"
V+J,mouse,TRAV1,TRAJ37,C/F,1.0,5,TRA,"C/C,C/F,C/L,C/W"
V+J,mouse,TRAV12-1,TRAJ17,C/F,1.0,5,TRA,"C/C,C/F,C/L,C/W"
V+J,mouse,TRAV8D-1,TRAJ23,C/F,1.0,5,TRA,"C/C,C/F,C/L,C/W"
V+J,mouse,TRAV13-4/DV7,TRAJ43,C/F,1.0,5,TRA,"C/C,C/F,C/L,C/W"
V+J,mouse,TRAV14-1,TRAJ12,C/F,1.0,5,TRA,"C/C,C/F,C/L,C/W"
V+J,mouse,TRAV16D/DV11,TRAJ4,C/F,1.0,5,TRA,"C/C,C/F,C/L,C/W"
V+J,mouse,TRAV9-1,TRAJ48,C/F,1.0,5,TRA,"C/C,C/F,C/L,C/W"
V+J,mouse,TRAV7D-5,TRAJ11,C/F,1.0,5,TRA,"C/C,C/F,C/L,C/W"
V+J,mouse,TRAV6D-4,TRAJ7,C/L,1.0,5,TRA,"C/C,C/F,C/L,C/W"
V+J,mouse,TRAV9D-1,TRAJ37,C/F,1.0,5,TRA,"C/C,C/F,C/L,C/W"
V+J,mouse,TRAV12D-1,TRAJ58,C/F,1.0,5,TRA,"C/C,C/F,C/L,C/W"
V+J,mouse,TRAV5D-4,TRAJ52,C/F,1.0,5,TRA,"C/C,C/F,C/L,C/W"
V+J,mouse,TRAV6D-4,TRAJ26,C/F,1.0,5,TRA,"C/C,C/F,C/L,C/W"
V+J,mouse,TRAV12-2,TRAJ9,C/F,1.0,5,TRA,"C/C,C/F,C/L,C/W"
V+J,mouse,TRAV4-2,TRAJ42,C/F,1.0,5,TRA,"C/C,C/F,C/L,C/W"
V+J,mouse,TRAV8D-1,TRAJ49,C/F,1.0,5,TRA,"C/C,C/F,C/L,C/W"
V+J,mouse,TRAV13D-1,TRAJ18,C/F,1.0,5,TRA,"C/C,C/F,C/L,C/W"
V+J,mouse,TRAV9-3,TRAJ18,C/F,1.0,5,TRA,"C/C,C/F,C/L,C/W"
V+J,mouse,TRAV6-6,TRAJ2,C/F,1.0,5,TRA,"C/C,C/F,C/L,C/W"
V+J,mouse,TRAV3D-3,TRAJ35,C/F,1.0,5,TRA,"C/C,C/F,C/L,C/W"
V+J,mouse,TRAV12-3,TRAJ35,C/F,1.0,5,TRA,"C/C,C/F,C/L,C/W"
V+J,mouse,TRAV4D-3,TRAJ34,C/F,1.0,5,TRA,"C/C,C/F,C/L,C/W"
V+J,mouse,TRAV8D-1,TRAJ48,C/F,1.0,5,TRA,"C/C,C/F,C/L,C/W"
V+J,mouse,TRAV13D-4,TRAJ22,C/F,1.0,5,TRA,"C/C,C/F,C/L,C/W"
V+J,mouse,TRAV7D-5,TRAJ42,C/F,1.0,5,TRA,"C/C,C/F,C/L,C/W"
V+J,mouse,TRAV16D/DV11,TRAJ11,C/F,1.0,5,TRA,"C/C,C/F,C/L,C/W"
V+J,mouse,TRAV9-3,TRAJ30,C/F,1.0,5,TRA,"C/C,C/F,C/L,C/W"
V+J,mouse,TRAV19,TRAJ22,C/F,1.0,5,TRA,"C/C,C/F,C/L,C/W"
V+J,mouse,TRAV12D-1,TRAJ12,C/F,1.0,5,TRA,"C/C,C/F,C/L,C/W"
V+J,mouse,TRAV16N,TRAJ52,C/F,1.0,5,TRA,"C/C,C/F,C/L,C/W"
V+J,mouse,TRAV1,TRAJ7,C/L,1.0,5,TRA,"C/C,C/F,C/L,C/W"
V+J,mouse,TRAV4-2,TRAJ33,C/W,1.0,5,TRA,"C/C,C/F,C/L,C/W"
V+J,mouse,TRAV9D-2,TRAJ37,C/F,1.0,5,TRA,"C/C,C/F,C/L,C/W"
V+J,mouse,TRAV7-5,TRAJ18,C/F,1.0,5,TRA,"C/C,C/F,C/L,C/W"
V+J,mouse,TRAV1,TRAJ16,C/F,1.0,5,TRA,"C/C,C/F,C/L,C/W"
V+J,mouse,TRAV12-1,TRAJ44,C/L,1.0,5,TRA,"C/C,C/F,C/L,C/W"
V+J,mouse,TRAV13-4/DV7,TRAJ39,C/F,1.0,5,TRA,"C/C,C/F,C/L,C/W"
V+J,mouse,TRAV13N-4,TRAJ17,C/F,1.0,5,TRA,"C/C,C/F,C/L,C/W"
V+J,mouse,TRAV4D-4,TRAJ2,C/F,1.0,5,TRA,"C/C,C/F,C/L,C/W"
V+J,mouse,TRAV9-2,TRAJ52,C/F,1.0,5,TRA,"C/C,C/F,C/L,C/W"
V+J,mouse,TRAV9D-3,TRAJ44,C/L,1.0,5,TRA,"C/C,C/F,C/L,C/W"
V+J,mouse,TRAV6-3,TRAJ32,C/F,1.0,5,TRA,"C/C,C/F,C/L,C/W"
V+J,mouse,TRAV7D-3,TRAJ7,C/L,1.0,5,TRA,"C/C,C/F,C/L,C/W"
V+J,mouse,TRAV1,TRAJ34,C/F,1.0,5,TRA,"C/C,C/F,C/L,C/W"
V+J,mouse,TRAV9N-4,TRAJ11,C/F,1.0,5,TRA,"C/C,C/F,C/L,C/W"
V+J,mouse,TRAV21/DV12,TRAJ40,C/F,1.0,5,TRA,"C/C,C/F,C/L,C/W"
V+J,mouse,TRAV6-1,TRAJ21,C/F,1.0,5,TRA,"C/C,C/F,C/L,C/W"
V+J,mouse,TRAV6D-7,TRAJ49,C/F,1.0,5,TRA,"C/C,C/F,C/L,C/W"
V+J,mouse,TRAV6-3,TRAJ49,C/F,1.0,5,TRA,"C/C,C/F,C/L,C/W"
V+J,mouse,TRAV16D/DV11,TRAJ2,C/F,1.0,5,TRA,"C/C,C/F,C/L,C/W"
V+J,mouse,TRAV3-3,TRAJ57,C/F,1.0,5,TRA,"C/C,C/F,C/L,C/W"
V+J,mouse,TRAV8N-2,TRAJ6,C/F,1.0,5,TRA,"C/C,C/F,C/L,C/W"
V+J,mouse,TRAV10D,TRAJ11,C/F,1.0,5,TRA,"C/C,C/F,C/L,C/W"
V+J,mouse,TRAV4-2,TRAJ48,C/F,1.0,5,TRA,"C/C,C/F,C/L,C/W"
V+J,mouse,TRAV9D-4,TRAJ40,C/F,1.0,5,TRA,"C/C,C/F,C/L,C/W"
V+J,mouse,TRAV10D,TRAJ2,C/F,1.0,5,TRA,"C/C,C/F,C/L,C/W"
V+J,mouse,TRAV14-1,TRAJ53,C/F,1.0,5,TRA,"C/C,C/F,C/L,C/W"
V+J,mouse,TRAV6-2,TRAJ39,C/F,1.0,5,TRA,"C/C,C/F,C/L,C/W"
V+J,mouse,TRAV14D-3/DV8,TRAJ43,C/F,1.0,5,TRA,"C/C,C/F,C/L,C/W"
V+J,mouse,TRAV4D-3,TRAJ31,C/F,1.0,5,TRA,"C/C,C/F,C/L,C/W"
V+J,mouse,TRAV10D,TRAJ48,C/F,1.0,5,TRA,"C/C,C/F,C/L,C/W"
V+J,mouse,TRAV5D-4,TRAJ39,C/F,1.0,5,TRA,"C/C,C/F,C/L,C/W"
V+J,mouse,TRAV9D-4,TRAJ7,C/L,1.0,5,TRA,"C/C,C/F,C/L,C/W"
V+J,mouse,TRAV12D-1,TRAJ9,C/F,1.0,5,TRA,"C/C,C/F,C/L,C/W"
V+J,mouse,TRAV5-1,TRAJ5,C/F,1.0,5,TRA,"C/C,C/F,C/L,C/W"
V+J,mouse,TRAV12-2,TRAJ4,C/F,1.0,5,TRA,"C/C,C/F,C/L,C/W"
V+J,mouse,TRAV6-2,TRAJ42,C/F,1.0,5,TRA,"C/C,C/F,C/L,C/W"
V+J,mouse,TRAV13-2,TRAJ13,C/F,1.0,5,TRA,"C/C,C/F,C/L,C/W"
V+J,mouse,TRAV14D-3/DV8,TRAJ16,C/F,1.0,5,TRA,"C/C,C/F,C/L,C/W"
V+J,mouse,TRAV9D-1,TRAJ27,C/F,1.0,5,TRA,"C/C,C/F,C/L,C/W"
V+J,mouse,TRAV10N,TRAJ53,C/F,1.0,5,TRA,"C/C,C/F,C/L,C/W"
V+J,mouse,TRAV3-3,TRAJ13,C/F,1.0,5,TRA,"C/C,C/F,C/L,C/W"
V+J,mouse,TRAV13-2,TRAJ18,C/F,1.0,5,TRA,"C/C,C/F,C/L,C/W"
V+J,mouse,TRAV8-2,TRAJ56,C/F,1.0,5,TRA,"C/C,C/F,C/L,C/W"
V+J,mouse,TRAV7D-6,TRAJ26,C/F,1.0,5,TRA,"C/C,C/F,C/L,C/W"
V+J,mouse,TRAV7-5,TRAJ50,C/F,1.0,5,TRA,"C/C,C/F,C/L,C/W"
V+J,mouse,TRAV13N-1,TRAJ4,C/F,1.0,5,TRA,"C/C,C/F,C/L,C/W"
V+J,mouse,TRAV6D-4,TRAJ45,C/F,1.0,5,TRA,"C/C,C/F,C/L,C/W"
V+J,mouse,TRAV14-1,TRAJ9,C/F,1.0,5,TRA,"C/C,C/F,C/L,C/W"
V+J,mouse,TRAV15D-1/DV6D-1,TRAJ22,C/F,1.0,5,TRA,"C/C,C/F,C/L,C/W"
V+J,mouse,TRAV14-1,TRAJ13,C/F,1.0,5,TRA,"C/C,C/F,C/L,C/W"
V+J,mouse,TRAV6-1,TRAJ4,C/F,1.0,5,TRA,"C/C,C/F,C/L,C/W"
V+J,mouse,TRAV6D-5,TRAJ57,C/F,1.0,5,TRA,"C/C,C/F,C/L,C/W"
V+J,mouse,TRAV7D-3,TRAJ35,C/F,1.0,5,TRA,"C/C,C/F,C/L,C/W"
V+J,mouse,TRAV2,TRAJ11,C/F,1.0,5,TRA,"C/C,C/F,C/L,C/W"
V+J,mouse,TRAV16,TRAJ35,C/F,1.0,5,TRA,"C/C,C/F,C/L,C/W"
V+J,mouse,TRAV12D-2,TRAJ49,C/F,1.0,5,TRA,"C/C,C/F,C/L,C/W"
V+J,mouse,TRAV2,TRAJ21,C/F,1.0,5,TRA,"C/C,C/F,C/L,C/W"
V+J,mouse,TRAV13N-4,TRAJ15,C/F,1.0,5,TRA,"C/C,C/F,C/L,C/W"
V+J,mouse,TRAV16D/DV11,TRAJ37,C/F,1.0,5,TRA,"C/C,C/F,C/L,C/W"
V+J,mouse,TRAV14D-2,TRAJ18,C/F,1.0,5,TRA,"C/C,C/F,C/L,C/W"
V+J,mouse,TRAV16N,TRAJ35,C/F,1.0,5,TRA,"C/C,C/F,C/L,C/W"
V+J,mouse,TRAV14-1,TRAJ5,C/F,1.0,5,TRA,"C/C,C/F,C/L,C/W"
V+J,mouse,TRAV3-1,TRAJ48,C/F,1.0,5,TRA,"C/C,C/F,C/L,C/W"
V+J,mouse,TRAV4-2,TRAJ15,C/F,1.0,5,TRA,"C/C,C/F,C/L,C/W"
V+J,mouse,TRAV12D-1,TRAJ32,C/F,1.0,5,TRA,"C/C,C/F,C/L,C/W"
V+J,mouse,TRAV6-3,TRAJ39,C/F,1.0,5,TRA,"C/C,C/F,C/L,C/W"
V+J,mouse,TRAV12D-1,TRAJ56,C/F,1.0,5,TRA,"C/C,C/F,C/L,C/W"
V+J,mouse,TRAV8D-1,TRAJ18,C/F,1.0,5,TRA,"C/C,C/F,C/L,C/W"
V+J,human,TRAV38-2/DV8,TRAJ25,C/F,1.0,5,TRA,"C/C,C/F,C/L,C/W"
V+J,human,TRAV35,TRAJ46,C/F,1.0,5,TRA,"C/C,C/F,C/L,C/W"
V+J,human,TRAV6,TRAJ57,C/F,1.0,5,TRA,"C/C,C/F,C/L,C/W"
V+J,human,TRAV4,TRAJ56,C/F,1.0,5,TRA,"C/C,C/F,C/L,C/W"
V+J,human,TRAV40,TRAJ7,C/F,1.0,5,TRA,"C/C,C/F,C/L,C/W"
V+J,human,TRAV38-2/DV8,TRAJ61,C/F,1.0,5,TRA,"C/C,C/F,C/L,C/W"
V+J,human,TRAV16,TRAJ25,C/F,1.0,5,TRA,"C/C,C/F,C/L,C/W"
V+J,human,TRAV40,TRAJ24,C/F,1.0,5,TRA,"C/C,C/F,C/L,C/W"
V+J,human,TRAV9-1,TRAJ3,C/F,1.0,5,TRA,"C/C,C/F,C/L,C/W"
V+J,human,TRAV12-2,TRAJ25,C/F,1.0,5,TRA,"C/C,C/F,C/L,C/W"
V+J,human,TRAV8-1,TRAJ25,C/F,1.0,5,TRA,"C/C,C/F,C/L,C/W"
V+J,human,TRAV21,TRAJ25,C/F,1.0,5,TRA,"C/C,C/F,C/L,C/W"
V+J,mouse,TRAV5-1,TRAJ58,C/F,1.0,5,TRA,"C/C,C/F,C/L,C/W"
V+J,mouse,TRAV5N-4,TRAJ33,C/W,1.0,5,TRA,"C/C,C/F,C/L,C/W"
V+J,mouse,TRAV14N-3,TRAJ37,C/F,1.0,5,TRA,"C/C,C/F,C/L,C/W"
V+J,mouse,TRAV14N-2,TRAJ23,C/F,1.0,5,TRA,"C/C,C/F,C/L,C/W"
V+J,mouse,TRAV5N-4,TRAJ34,C/F,1.0,5,TRA,"C/C,C/F,C/L,C/W"
V+J,mouse,TRAV14N-1,TRAJ23,C/F,1.0,5,TRA,"C/C,C/F,C/L,C/W"
V+J,mouse,TRAV6N-7,TRAJ15,C/F,1.0,5,TRA,"C/C,C/F,C/L,C/W"
V+J,mouse,TRAV12N-2,TRAJ16,C/F,1.0,5,TRA,"C/C,C/F,C/L,C/W"
V+J,mouse,TRAV7N-5,TRAJ43,C/F,1.0,5,TRA,"C/C,C/F,C/L,C/W"
V+J,mouse,TRAV3N-3,TRAJ9,C/F,1.0,5,TRA,"C/C,C/F,C/L,C/W"
V+J,mouse,TRAV7N-5,TRAJ52,C/F,1.0,5,TRA,"C/C,C/F,C/L,C/W"
V+J,mouse,TRAV9N-3,TRAJ32,C/F,1.0,5,TRA,"C/C,C/F,C/L,C/W"
V+J,mouse,TRAV9N-3,TRAJ27,C/F,1.0,5,TRA,"C/C,C/F,C/L,C/W"
V+J,mouse,TRAV9N-2,TRAJ15,C/F,1.0,5,TRA,"C/C,C/F,C/L,C/W"
V+J,mouse,TRAV5N-4,TRAJ26,C/F,1.0,5,TRA,"C/C,C/F,C/L,C/W"
V+J,mouse,TRAV6N-7,TRAJ18,C/F,1.0,5,TRA,"C/C,C/F,C/L,C/W"
V+J,mouse,TRAV7N-5,TRAJ18,C/F,1.0,5,TRA,"C/C,C/F,C/L,C/W"
V+J,mouse,TRAV3-1,TRAJ57,C/F,1.0,5,TRA,"C/C,C/F,C/L,C/W"
V+J,mouse,TRAV14N-1,TRAJ32,C/F,1.0,5,TRA,"C/C,C/F,C/L,C/W"
V+J,mouse,TRAV5N-4,TRAJ45,C/F,1.0,5,TRA,"C/C,C/F,C/L,C/W"
V+J,mouse,TRAV12N-2,TRAJ9,C/F,1.0,5,TRA,"C/C,C/F,C/L,C/W"
V+J,mouse,TRAV6N-7,TRAJ27,C/F,1.0,5,TRA,"C/C,C/F,C/L,C/W"
V+J,mouse,TRAV12N-2,TRAJ57,C/F,1.0,5,TRA,"C/C,C/F,C/L,C/W"
V+J,mouse,TRAV6D-6,TRAJ16,C/F,1.0,5,TRA,"C/C,C/F,C/L,C/W"
V+J,mouse,TRAV12N-2,TRAJ23,C/F,1.0,5,TRA,"C/C,C/F,C/L,C/W"
V+J,mouse,TRAV14N-3,TRAJ34,C/F,1.0,5,TRA,"C/C,C/F,C/L,C/W"
V+J,mouse,TRAV13N-2,TRAJ57,C/F,1.0,5,TRA,"C/C,C/F,C/L,C/W"
V+J,mouse,TRAV6N-7,TRAJ39,C/F,1.0,5,TRA,"C/C,C/F,C/L,C/W"
V+J,mouse,TRAV6D-6,TRAJ43,C/F,1.0,5,TRA,"C/C,C/F,C/L,C/W"
V+J,mouse,TRAV14N-1,TRAJ31,C/F,1.0,5,TRA,"C/C,C/F,C/L,C/W"
V+J,mouse,TRAV12N-2,TRAJ27,C/F,1.0,5,TRA,"C/C,C/F,C/L,C/W"
V+J,mouse,TRAV10N,TRAJ33,C/W,1.0,4,TRA,"C/C,C/F,C/L,C/W"
V+J,mouse,TRAV2,TRAJ13,C/F,1.0,4,TRA,"C/C,C/F,C/L,C/W"
V+J,mouse,TRAV6N-6,TRAJ50,C/F,1.0,4,TRA,"C/C,C/F,C/L,C/W"
V+J,mouse,TRAV13N-1,TRAJ49,C/F,1.0,4,TRA,"C/C,C/F,C/L,C/W"
V+J,mouse,TRAV10D,TRAJ6,C/F,1.0,4,TRA,"C/C,C/F,C/L,C/W"
V+J,mouse,TRAV14D-1,TRAJ39,C/F,1.0,4,TRA,"C/C,C/F,C/L,C/W"
V+J,mouse,TRAV9D-1,TRAJ30,C/F,1.0,4,TRA,"C/C,C/F,C/L,C/W"
V+J,mouse,TRAV13-2,TRAJ7,C/L,1.0,4,TRA,"C/C,C/F,C/L,C/W"
V+J,mouse,TRAV6-7/DV9,TRAJ27,C/F,1.0,4,TRA,"C/C,C/F,C/L,C/W"
V+J,mouse,TRAV8D-2,TRAJ57,C/F,1.0,4,TRA,"C/C,C/F,C/L,C/W"
V+J,mouse,TRAV6N-6,TRAJ26,C/F,1.0,4,TRA,"C/C,C/F,C/L,C/W"
V+J,mouse,TRAV12D-2,TRAJ44,C/L,1.0,4,TRA,"C/C,C/F,C/L,C/W"
V+J,mouse,TRAV19,TRAJ34,C/F,1.0,4,TRA,"C/C,C/F,C/L,C/W"
V+J,mouse,TRAV13D-1,TRAJ56,C/F,1.0,4,TRA,"C/C,C/F,C/L,C/W"
V+J,mouse,TRAV5D-4,TRAJ48,C/F,1.0,4,TRA,"C/C,C/F,C/L,C/W"
V+J,mouse,TRAV7-2,TRAJ16,C/F,1.0,4,TRA,"C/C,C/F,C/L,C/W"
V+J,mouse,TRAV6-3,TRAJ7,C/L,1.0,4,TRA,"C/C,C/F,C/L,C/W"
V+J,mouse,TRAV3-1,TRAJ16,C/F,1.0,4,TRA,"C/C,C/F,C/L,C/W"
V+J,mouse,TRAV13-1,TRAJ6,C/F,1.0,4,TRA,"C/C,C/F,C/L,C/W"
V+J,mouse,TRAV7-4,TRAJ53,C/F,1.0,4,TRA,"C/C,C/F,C/L,C/W"
V+J,mouse,TRAV9D-1,TRAJ32,C/F,1.0,4,TRA,"C/C,C/F,C/L,C/W"
V+J,mouse,TRAV9-2,TRAJ38,C/W,1.0,4,TRA,"C/C,C/F,C/L,C/W"
V+J,mouse,TRAV13D-2,TRAJ16,C/F,1.0,4,TRA,"C/C,C/F,C/L,C/W"
V+J,mouse,TRAV7-6,TRAJ39,C/F,1.0,4,TRA,"C/C,C/F,C/L,C/W"
V+J,mouse,TRAV6D-4,TRAJ42,C/F,1.0,4,TRA,"C/C,C/F,C/L,C/W"
V+J,mouse,TRAV6-5,TRAJ17,C/F,1.0,4,TRA,"C/C,C/F,C/L,C/W"
V+J,mouse,TRAV6-1,TRAJ7,C/L,1.0,4,TRA,"C/C,C/F,C/L,C/W"
V+J,mouse,TRAV7-1,TRAJ28,C/F,1.0,4,TRA,"C/C,C/F,C/L,C/W"
V+J,mouse,TRAV6D-5,TRAJ23,C/F,1.0,4,TRA,"C/C,C/F,C/L,C/W"
V+J,mouse,TRAV19,TRAJ42,C/F,1.0,4,TRA,"C/C,C/F,C/L,C/W"
V+J,mouse,TRAV6N-6,TRAJ39,C/F,1.0,4,TRA,"C/C,C/F,C/L,C/W"
V+J,mouse,TRAV7D-4,TRAJ28,C/F,1.0,4,TRA,"C/C,C/F,C/L,C/W"
V+J,mouse,TRAV7D-4,TRAJ11,C/F,1.0,4,TRA,"C/C,C/F,C/L,C/W"
V+J,mouse,TRAV10N,TRAJ37,C/F,1.0,4,TRA,"C/C,C/F,C/L,C/W"
V+J,mouse,TRAV6-5,TRAJ37,C/F,1.0,4,TRA,"C/C,C/F,C/L,C/W"
V+J,mouse,TRAV7D-5,TRAJ57,C/F,1.0,4,TRA,"C/C,C/F,C/L,C/W"
V+J,mouse,TRAV13-2,TRAJ28,C/F,1.0,4,TRA,"C/C,C/F,C/L,C/W"
V+J,mouse,TRAV9-1,TRAJ38,C/W,1.0,4,TRA,"C/C,C/F,C/L,C/W"
V+J,mouse,TRAV9-1,TRAJ56,C/F,1.0,4,TRA,"C/C,C/F,C/L,C/W"
V+J,mouse,TRAV6D-4,TRAJ50,C/F,1.0,4,TRA,"C/C,C/F,C/L,C/W"
V+J,mouse,TRAV14-1,TRAJ7,C/L,1.0,4,TRA,"C/C,C/F,C/L,C/W"
V+J,mouse,TRAV13-4/DV7,TRAJ27,C/F,1.0,4,TRA,"C/C,C/F,C/L,C/W"
V+J,mouse,TRAV14D-3/DV8,TRAJ4,C/F,1.0,4,TRA,"C/C,C/F,C/L,C/W"
V+J,mouse,TRAV13D-1,TRAJ11,C/F,1.0,4,TRA,"C/C,C/F,C/L,C/W"
V+J,mouse,TRAV4-3,TRAJ38,C/W,1.0,4,TRA,"C/C,C/F,C/L,C/W"
V+J,mouse,TRAV6-4,TRAJ6,C/F,1.0,4,TRA,"C/C,C/F,C/L,C/W"
V+J,mouse,TRAV6D-5,TRAJ31,C/F,1.0,4,TRA,"C/C,C/F,C/L,C/W"
V+J,mouse,TRAV8-1,TRAJ43,C/F,1.0,4,TRA,"C/C,C/F,C/L,C/W"
V+J,mouse,TRAV4-3,TRAJ16,C/F,1.0,4,TRA,"C/C,C/F,C/L,C/W"
V+J,mouse,TRAV12-1,TRAJ53,C/F,1.0,4,TRA,"C/C,C/F,C/L,C/W"
V+J,mouse,TRAV7D-3,TRAJ39,C/F,1.0,4,TRA,"C/C,C/F,C/L,C/W"
V+J,mouse,TRAV3-4,TRAJ48,C/F,1.0,4,TRA,"C/C,C/F,C/L,C/W"
V+J,mouse,TRAV13N-1,TRAJ40,C/F,1.0,4,TRA,"C/C,C/F,C/L,C/W"
V+J,mouse,TRAV7-6,TRAJ30,C/F,1.0,4,TRA,"C/C,C/F,C/L,C/W"
V+J,mouse,TRAV7D-4,TRAJ35,C/F,1.0,4,TRA,"C/C,C/F,C/L,C/W"
V+J,mouse,TRAV10N,TRAJ26,C/F,1.0,4,TRA,"C/C,C/F,C/L,C/W"
V+J,mouse,TRAV7D-6,TRAJ37,C/F,1.0,4,TRA,"C/C,C/F,C/L,C/W"
V+J,mouse,TRAV7D-6,TRAJ27,C/F,1.0,4,TRA,"C/C,C/F,C/L,C/W"
V+J,mouse,TRAV4D-4,TRAJ42,C/F,1.0,4,TRA,"C/C,C/F,C/L,C/W"
V+J,mouse,TRAV7-5,TRAJ11,C/F,1.0,4,TRA,"C/C,C/F,C/L,C/W"
V+J,mouse,TRAV7-6,TRAJ38,C/W,1.0,4,TRA,"C/C,C/F,C/L,C/W"
V+J,mouse,TRAV9D-3,TRAJ42,C/F,1.0,4,TRA,"C/C,C/F,C/L,C/W"
V+J,mouse,TRAV10N,TRAJ11,C/F,1.0,4,TRA,"C/C,C/F,C/L,C/W"
V+J,mouse,TRAV9D-2,TRAJ23,C/F,1.0,4,TRA,"C/C,C/F,C/L,C/W"
V+J,mouse,TRAV9D-1,TRAJ33,C/W,1.0,4,TRA,"C/C,C/F,C/L,C/W"
V+J,mouse,TRAV4D-4,TRAJ45,C/F,1.0,4,TRA,"C/C,C/F,C/L,C/W"
V+J,mouse,TRAV13D-2,TRAJ43,C/F,1.0,4,TRA,"C/C,C/F,C/L,C/W"
V+J,mouse,TRAV5D-4,TRAJ44,C/L,1.0,4,TRA,"C/C,C/F,C/L,C/W"
V+J,mouse,TRAV9D-1,TRAJ16,C/F,1.0,4,TRA,"C/C,C/F,C/L,C/W"
V+J,mouse,TRAV13-2,TRAJ6,C/F,1.0,4,TRA,"C/C,C/F,C/L,C/W"
V+J,mouse,TRAV7-6,TRAJ34,C/F,1.0,4,TRA,"C/C,C/F,C/L,C/W"
V+J,mouse,TRAV12D-3,TRAJ56,C/F,1.0,4,TRA,"C/C,C/F,C/L,C/W"
V+J,mouse,TRAV7-2,TRAJ5,C/F,1.0,4,TRA,"C/C,C/F,C/L,C/W"
V+J,mouse,TRAV10D,TRAJ37,C/F,1.0,4,TRA,"C/C,C/F,C/L,C/W"
V+J,mouse,TRAV11,TRAJ42,C/F,1.0,4,TRA,"C/C,C/F,C/L,C/W"
V+J,mouse,TRAV13D-1,TRAJ21,C/F,1.0,4,TRA,"C/C,C/F,C/L,C/W"
V+J,mouse,TRAV12D-2,TRAJ56,C/F,1.0,4,TRA,"C/C,C/F,C/L,C/W"
V+J,mouse,TRAV4-3,TRAJ9,C/F,1.0,4,TRA,"C/C,C/F,C/L,C/W"
V+J,mouse,TRAV6D-5,TRAJ9,C/F,1.0,4,TRA,"C/C,C/F,C/L,C/W"
V+J,mouse,TRAV6D-4,TRAJ48,C/F,1.0,4,TRA,"C/C,C/F,C/L,C/W"
V+J,mouse,TRAV4-2,TRAJ35,C/F,1.0,4,TRA,"C/C,C/F,C/L,C/W"
V+J,mouse,TRAV8D-1,TRAJ42,C/F,1.0,4,TRA,"C/C,C/F,C/L,C/W"
V+J,mouse,TRAV9D-3,TRAJ48,C/F,1.0,4,TRA,"C/C,C/F,C/L,C/W"
V+J,mouse,TRAV10N,TRAJ50,C/F,1.0,4,TRA,"C/C,C/F,C/L,C/W"
V+J,mouse,TRAV6-2,TRAJ37,C/F,1.0,4,TRA,"C/C,C/F,C/L,C/W"
V+J,mouse,TRAV3-4,TRAJ43,C/F,1.0,4,TRA,"C/C,C/F,C/L,C/W"
V+J,mouse,TRAV14-1,TRAJ6,C/F,1.0,4,TRA,"C/C,C/F,C/L,C/W"
V+J,mouse,TRAV6-4,TRAJ18,C/F,1.0,4,TRA,"C/C,C/F,C/L,C/W"
V+J,mouse,TRAV8N-2,TRAJ16,C/F,1.0,4,TRA,"C/C,C/F,C/L,C/W"
V+J,mouse,TRAV9-4,TRAJ30,C/F,1.0,4,TRA,"C/C,C/F,C/L,C/W"
V+J,mouse,TRAV1,TRAJ6,C/F,1.0,4,TRA,"C/C,C/F,C/L,C/W"
V+J,mouse,TRAV16,TRAJ6,C/F,1.0,4,TRA,"C/C,C/F,C/L,C/W"
V+J,mouse,TRAV9D-2,TRAJ30,C/F,1.0,4,TRA,"C/C,C/F,C/L,C/W"
V+J,mouse,TRAV16N,TRAJ5,C/F,1.0,4,TRA,"C/C,C/F,C/L,C/W"
V+J,mouse,TRAV6D-4,TRAJ39,C/F,1.0,4,TRA,"C/C,C/F,C/L,C/W"
V+J,mouse,TRAV13N-1,TRAJ31,C/F,1.0,4,TRA,"C/C,C/F,C/L,C/W"
V+J,mouse,TRAV7D-3,TRAJ48,C/F,1.0,4,TRA,"C/C,C/F,C/L,C/W"
V+J,mouse,TRAV4-2,TRAJ21,C/F,1.0,4,TRA,"C/C,C/F,C/L,C/W"
V+J,mouse,TRAV8D-1,TRAJ13,C/F,1.0,4,TRA,"C/C,C/F,C/L,C/W"
V+J,mouse,TRAV6-3,TRAJ27,C/F,1.0,4,TRA,"C/C,C/F,C/L,C/W"
V+J,mouse,TRAV7-5,TRAJ35,C/F,1.0,4,TRA,"C/C,C/F,C/L,C/W"
V+J,mouse,TRAV14D-1,TRAJ28,C/F,1.0,4,TRA,"C/C,C/F,C/L,C/W"
V+J,mouse,TRAV9-2,TRAJ9,C/F,1.0,4,TRA,"C/C,C/F,C/L,C/W"
V+J,mouse,TRAV7-6,TRAJ31,C/F,1.0,4,TRA,"C/C,C/F,C/L,C/W"
V+J,mouse,TRAV13D-1,TRAJ58,C/F,1.0,4,TRA,"C/C,C/F,C/L,C/W"
V+J,mouse,TRAV8D-2,TRAJ2,C/F,1.0,4,TRA,"C/C,C/F,C/L,C/W"
V+J,mouse,TRAV3-3,TRAJ16,C/F,1.0,4,TRA,"C/C,C/F,C/L,C/W"
V+J,mouse,TRAV7D-2,TRAJ32,C/F,1.0,4,TRA,"C/C,C/F,C/L,C/W"
V+J,mouse,TRAV7D-3,TRAJ11,C/F,1.0,4,TRA,"C/C,C/F,C/L,C/W"
V+J,mouse,TRAV9D-2,TRAJ21,C/F,1.0,4,TRA,"C/C,C/F,C/L,C/W"
V+J,mouse,TRAV9-3,TRAJ34,C/F,1.0,4,TRA,"C/C,C/F,C/L,C/W"
V+J,mouse,TRAV12-3,TRAJ4,C/F,1.0,4,TRA,"C/C,C/F,C/L,C/W"
V+J,mouse,TRAV13D-1,TRAJ32,C/F,1.0,4,TRA,"C/C,C/F,C/L,C/W"
V+J,mouse,TRAV9-1,TRAJ35,C/F,1.0,4,TRA,"C/C,C/F,C/L,C/W"
V+J,mouse,TRAV2,TRAJ17,C/F,1.0,4,TRA,"C/C,C/F,C/L,C/W"
V+J,mouse,TRAV9-2,TRAJ23,C/F,1.0,4,TRA,"C/C,C/F,C/L,C/W"
V+J,mouse,TRAV17,TRAJ39,C/F,1.0,4,TRA,"C/C,C/F,C/L,C/W"
V+J,mouse,TRAV16D/DV11,TRAJ16,C/F,1.0,4,TRA,"C/C,C/F,C/L,C/W"
V+J,mouse,TRAV7D-5,TRAJ6,C/F,1.0,4,TRA,"C/C,C/F,C/L,C/W"
V+J,mouse,TRAV7D-5,TRAJ40,C/F,1.0,4,TRA,"C/C,C/F,C/L,C/W"
V+J,mouse,TRAV9-3,TRAJ56,C/F,1.0,4,TRA,"C/C,C/F,C/L,C/W"
V+J,mouse,TRAV7-5,TRAJ15,C/F,1.0,4,TRA,"C/C,C/F,C/L,C/W"
V+J,mouse,TRAV6-4,TRAJ38,C/W,1.0,4,TRA,"C/C,C/F,C/L,C/W"
V+J,mouse,TRAV14D-3/DV8,TRAJ52,C/F,1.0,4,TRA,"C/C,C/F,C/L,C/W"
V+J,mouse,TRAV8D-1,TRAJ34,C/F,1.0,4,TRA,"C/C,C/F,C/L,C/W"
V+J,mouse,TRAV9-3,TRAJ22,C/F,1.0,4,TRA,"C/C,C/F,C/L,C/W"
V+J,mouse,TRAV12-1,TRAJ13,C/F,1.0,4,TRA,"C/C,C/F,C/L,C/W"
V+J,mouse,TRAV9-1,TRAJ2,C/F,1.0,4,TRA,"C/C,C/F,C/L,C/W"
V+J,mouse,TRAV9-2,TRAJ58,C/F,1.0,4,TRA,"C/C,C/F,C/L,C/W"
V+J,mouse,TRAV3D-3,TRAJ45,C/F,1.0,4,TRA,"C/C,C/F,C/L,C/W"
V+J,mouse,TRAV8-2,TRAJ34,C/F,1.0,4,TRA,"C/C,C/F,C/L,C/W"
V+J,mouse,TRAV3-1,TRAJ17,C/F,1.0,4,TRA,"C/C,C/F,C/L,C/W"
V+J,mouse,TRAV9-1,TRAJ4,C/F,1.0,4,TRA,"C/C,C/F,C/L,C/W"
V+J,mouse,TRAV9D-4,TRAJ26,C/F,1.0,4,TRA,"C/C,C/F,C/L,C/W"
V+J,mouse,TRAV13-2,TRAJ21,C/F,1.0,4,TRA,"C/C,C/F,C/L,C/W"
V+J,mouse,TRAV13-1,TRAJ2,C/F,1.0,4,TRA,"C/C,C/F,C/L,C/W"
V+J,mouse,TRAV12D-3,TRAJ38,C/W,1.0,4,TRA,"C/C,C/F,C/L,C/W"
V+J,mouse,TRAV7D-2,TRAJ7,C/L,1.0,4,TRA,"C/C,C/F,C/L,C/W"
V+J,mouse,TRAV6-5,TRAJ45,C/F,1.0,4,TRA,"C/C,C/F,C/L,C/W"
V+J,mouse,TRAV10D,TRAJ16,C/F,1.0,4,TRA,"C/C,C/F,C/L,C/W"
V+J,mouse,TRAV7-5,TRAJ38,C/W,1.0,4,TRA,"C/C,C/F,C/L,C/W"
V+J,mouse,TRAV14-3,TRAJ35,C/F,1.0,4,TRA,"C/C,C/F,C/L,C/W"
V+J,mouse,TRAV10,TRAJ11,C/F,1.0,4,TRA,"C/C,C/F,C/L,C/W"
V+J,mouse,TRAV15D-2/DV6D-2,TRAJ4,C/F,1.0,4,TRA,"C/C,C/F,C/L,C/W"
V+J,mouse,TRAV14D-3/DV8,TRAJ44,C/L,1.0,4,TRA,"C/C,C/F,C/L,C/W"
V+J,mouse,TRAV4-3,TRAJ58,C/F,1.0,4,TRA,"C/C,C/F,C/L,C/W"
V+J,mouse,TRAV7N-4,TRAJ42,C/F,1.0,4,TRA,"C/C,C/F,C/L,C/W"
V+J,mouse,TRAV19,TRAJ44,C/L,1.0,4,TRA,"C/C,C/F,C/L,C/W"
V+J,mouse,TRAV15-2/DV6-2,TRAJ22,C/F,1.0,4,TRA,"C/C,C/F,C/L,C/W"
V+J,mouse,TRAV7D-3,TRAJ53,C/F,1.0,4,TRA,"C/C,C/F,C/L,C/W"
V+J,mouse,TRAV7D-4,TRAJ34,C/F,1.0,4,TRA,"C/C,C/F,C/L,C/W"
V+J,mouse,TRAV6N-6,TRAJ43,C/F,1.0,4,TRA,"C/C,C/F,C/L,C/W"
V+J,mouse,TRAV13N-1,TRAJ58,C/F,1.0,4,TRA,"C/C,C/F,C/L,C/W"
V+J,mouse,TRAV1,TRAJ38,C/W,1.0,4,TRA,"C/C,C/F,C/L,C/W"
V+J,mouse,TRAV14D-3/DV8,TRAJ50,C/F,1.0,4,TRA,"C/C,C/F,C/L,C/W"
V+J,mouse,TRAV9D-3,TRAJ53,C/F,1.0,4,TRA,"C/C,C/F,C/L,C/W"
V+J,mouse,TRAV13-1,TRAJ16,C/F,1.0,4,TRA,"C/C,C/F,C/L,C/W"
V+J,mouse,TRAV4D-3,TRAJ53,C/F,1.0,4,TRA,"C/C,C/F,C/L,C/W"
V+J,mouse,TRAV7D-5,TRAJ37,C/F,1.0,4,TRA,"C/C,C/F,C/L,C/W"
V+J,mouse,TRAV13N-3,TRAJ4,C/F,1.0,4,TRA,"C/C,C/F,C/L,C/W"
V+J,mouse,TRAV7-5,TRAJ6,C/F,1.0,4,TRA,"C/C,C/F,C/L,C/W"
V+J,mouse,TRAV9-2,TRAJ7,C/L,1.0,4,TRA,"C/C,C/F,C/L,C/W"
V+J,mouse,TRAV9-3,TRAJ16,C/F,1.0,4,TRA,"C/C,C/F,C/L,C/W"
V+J,mouse,TRAV7D-5,TRAJ4,C/F,1.0,4,TRA,"C/C,C/F,C/L,C/W"
V+J,mouse,TRAV6-3,TRAJ26,C/F,1.0,4,TRA,"C/C,C/F,C/L,C/W"
V+J,mouse,TRAV12D-1,TRAJ6,C/F,1.0,4,TRA,"C/C,C/F,C/L,C/W"
V+J,mouse,TRAV5D-4,TRAJ28,C/F,1.0,4,TRA,"C/C,C/F,C/L,C/W"
V+J,mouse,TRAV9D-4,TRAJ15,C/F,1.0,4,TRA,"C/C,C/F,C/L,C/W"
V+J,mouse,TRAV2,TRAJ31,C/F,1.0,4,TRA,"C/C,C/F,C/L,C/W"
V+J,mouse,TRAV13N-4,TRAJ23,C/F,1.0,4,TRA,"C/C,C/F,C/L,C/W"
V+J,mouse,TRAV7D-2,TRAJ50,C/F,1.0,4,TRA,"C/C,C/F,C/L,C/W"
V+J,mouse,TRAV6-5,TRAJ35,C/F,1.0,4,TRA,"C/C,C/F,C/L,C/W"
V+J,mouse,TRAV7D-3,TRAJ28,C/F,1.0,4,TRA,"C/C,C/F,C/L,C/W"
V+J,mouse,TRAV15D-2/DV6D-2,TRAJ12,C/F,1.0,4,TRA,"C/C,C/F,C/L,C/W"
V+J,mouse,TRAV9D-1,TRAJ26,C/F,1.0,4,TRA,"C/C,C/F,C/L,C/W"
V+J,mouse,TRAV9D-1,TRAJ43,C/F,1.0,4,TRA,"C/C,C/F,C/L,C/W"
V+J,mouse,TRAV6-6,TRAJ6,C/F,1.0,4,TRA,"C/C,C/F,C/L,C/W"
V+J,mouse,TRAV7-3,TRAJ50,C/F,1.0,4,TRA,"C/C,C/F,C/L,C/W"
V+J,mouse,TRAV7D-2,TRAJ33,C/W,1.0,4,TRA,"C/C,C/F,C/L,C/W"
V+J,mouse,TRAV6-4,TRAJ42,C/F,1.0,4,TRA,"C/C,C/F,C/L,C/W"
V+J,mouse,TRAV9D-1,TRAJ56,C/F,1.0,4,TRA,"C/C,C/F,C/L,C/W"
V+J,mouse,TRAV7-1,TRAJ45,C/F,1.0,4,TRA,"C/C,C/F,C/L,C/W"
V+J,mouse,TRAV8D-2,TRAJ48,C/F,1.0,4,TRA,"C/C,C/F,C/L,C/W"
V+J,mouse,TRAV10,TRAJ4,C/F,1.0,4,TRA,"C/C,C/F,C/L,C/W"
V+J,mouse,TRAV7D-2,TRAJ17,C/F,1.0,4,TRA,"C/C,C/F,C/L,C/W"
V+J,mouse,TRAV14D-2,TRAJ35,C/F,1.0,4,TRA,"C/C,C/F,C/L,C/W"
V+J,mouse,TRAV6D-6,TRAJ17,C/F,1.0,4,TRA,"C/C,C/F,C/L,C/W"
V+J,mouse,TRAV9-4,TRAJ7,C/L,1.0,4,TRA,"C/C,C/F,C/L,C/W"
V+J,mouse,TRAV11,TRAJ34,C/F,1.0,4,TRA,"C/C,C/F,C/L,C/W"
V+J,mouse,TRAV6D-5,TRAJ53,C/F,1.0,4,TRA,"C/C,C/F,C/L,C/W"
V+J,mouse,TRAV7-4,TRAJ44,C/L,1.0,4,TRA,"C/C,C/F,C/L,C/W"
V+J,mouse,TRAV3D-3,TRAJ43,C/F,1.0,4,TRA,"C/C,C/F,C/L,C/W"
V+J,mouse,TRAV10N,TRAJ40,C/F,1.0,4,TRA,"C/C,C/F,C/L,C/W"
V+J,mouse,TRAV14D-1,TRAJ42,C/F,1.0,4,TRA,"C/C,C/F,C/L,C/W"
V+J,mouse,TRAV14D-3/DV8,TRAJ49,C/F,1.0,4,TRA,"C/C,C/F,C/L,C/W"
V+J,mouse,TRAV8-2,TRAJ57,C/F,1.0,4,TRA,"C/C,C/F,C/L,C/W"
V+J,mouse,TRAV7D-3,TRAJ2,C/F,1.0,4,TRA,"C/C,C/F,C/L,C/W"
V+J,mouse,TRAV13N-1,TRAJ45,C/F,1.0,4,TRA,"C/C,C/F,C/L,C/W"
V+J,mouse,TRAV4-3,TRAJ13,C/F,1.0,4,TRA,"C/C,C/F,C/L,C/W"
V+J,mouse,TRAV6D-4,TRAJ13,C/F,1.0,4,TRA,"C/C,C/F,C/L,C/W"
V+J,mouse,TRAV1,TRAJ31,C/F,1.0,4,TRA,"C/C,C/F,C/L,C/W"
V+J,mouse,TRAV8D-1,TRAJ16,C/F,1.0,4,TRA,"C/C,C/F,C/L,C/W"
V+J,mouse,TRAV13N-4,TRAJ26,C/F,1.0,4,TRA,"C/C,C/F,C/L,C/W"
V+J,mouse,TRAV7D-5,TRAJ50,C/F,1.0,4,TRA,"C/C,C/F,C/L,C/W"
V+J,mouse,TRAV14D-3/DV8,TRAJ5,C/F,1.0,4,TRA,"C/C,C/F,C/L,C/W"
V+J,mouse,TRAV14-1,TRAJ38,C/W,1.0,4,TRA,"C/C,C/F,C/L,C/W"
V+J,mouse,TRAV7D-5,TRAJ52,C/F,1.0,4,TRA,"C/C,C/F,C/L,C/W"
V+J,mouse,TRAV19,TRAJ33,C/W,1.0,4,TRA,"C/C,C/F,C/L,C/W"
V+J,mouse,TRAV7N-4,TRAJ27,C/F,1.0,4,TRA,"C/C,C/F,C/L,C/W"
V+J,mouse,TRAV4-2,TRAJ49,C/F,1.0,4,TRA,"C/C,C/F,C/L,C/W"
V+J,mouse,TRAV12-2,TRAJ6,C/F,1.0,4,TRA,"C/C,C/F,C/L,C/W"
V+J,mouse,TRAV14D-3/DV8,TRAJ42,C/F,1.0,4,TRA,"C/C,C/F,C/L,C/W"
V+J,mouse,TRAV12D-1,TRAJ45,C/F,1.0,4,TRA,"C/C,C/F,C/L,C/W"
V+J,mouse,TRAV8D-1,TRAJ52,C/F,1.0,4,TRA,"C/C,C/F,C/L,C/W"
V+J,mouse,TRAV13N-4,TRAJ39,C/F,1.0,4,TRA,"C/C,C/F,C/L,C/W"
V+J,mouse,TRAV3-4,TRAJ58,C/F,1.0,4,TRA,"C/C,C/F,C/L,C/W"
V+J,mouse,TRAV13D-1,TRAJ2,C/F,1.0,4,TRA,"C/C,C/F,C/L,C/W"
V+J,mouse,TRAV7D-5,TRAJ13,C/F,1.0,4,TRA,"C/C,C/F,C/L,C/W"
V+J,mouse,TRAV9D-3,TRAJ50,C/F,1.0,4,TRA,"C/C,C/F,C/L,C/W"
V+J,mouse,TRAV10D,TRAJ52,C/F,1.0,4,TRA,"C/C,C/F,C/L,C/W"
V+J,mouse,TRAV3-1,TRAJ6,C/F,1.0,4,TRA,"C/C,C/F,C/L,C/W"
V+J,mouse,TRAV13D-2,TRAJ32,C/F,1.0,4,TRA,"C/C,C/F,C/L,C/W"
V+J,mouse,TRAV12-1,TRAJ5,C/F,1.0,4,TRA,"C/C,C/F,C/L,C/W"
V+J,mouse,TRAV19,TRAJ45,C/F,1.0,4,TRA,"C/C,C/F,C/L,C/W"
V+J,mouse,TRAV2,TRAJ5,C/F,1.0,4,TRA,"C/C,C/F,C/L,C/W"
V+J,mouse,TRAV13N-3,TRAJ50,C/F,1.0,4,TRA,"C/C,C/F,C/L,C/W"
V+J,mouse,TRAV14-2,TRAJ56,C/F,1.0,4,TRA,"C/C,C/F,C/L,C/W"
V+J,mouse,TRAV8D-2,TRAJ53,C/F,1.0,4,TRA,"C/C,C/F,C/L,C/W"
V+J,mouse,TRAV6D-7,TRAJ45,C/F,1.0,4,TRA,"C/C,C/F,C/L,C/W"
V+J,mouse,TRAV5D-4,TRAJ38,C/W,1.0,4,TRA,"C/C,C/F,C/L,C/W"
V+J,mouse,TRAV13N-4,TRAJ33,C/W,1.0,4,TRA,"C/C,C/F,C/L,C/W"
V+J,mouse,TRAV7D-4,TRAJ33,C/W,1.0,4,TRA,"C/C,C/F,C/L,C/W"
V+J,mouse,TRAV10D,TRAJ57,C/F,1.0,4,TRA,"C/C,C/F,C/L,C/W"
V+J,mouse,TRAV11,TRAJ6,C/F,1.0,4,TRA,"C/C,C/F,C/L,C/W"
V+J,mouse,TRAV13N-1,TRAJ32,C/F,1.0,4,TRA,"C/C,C/F,C/L,C/W"
V+J,mouse,TRAV12-2,TRAJ35,C/F,1.0,4,TRA,"C/C,C/F,C/L,C/W"
V+J,mouse,TRAV8-1,TRAJ50,C/F,1.0,4,TRA,"C/C,C/F,C/L,C/W"
V+J,mouse,TRAV8N-2,TRAJ13,C/F,1.0,4,TRA,"C/C,C/F,C/L,C/W"
V+J,mouse,TRAV5D-4,TRAJ45,C/F,1.0,4,TRA,"C/C,C/F,C/L,C/W"
V+J,mouse,TRAV4D-3,TRAJ37,C/F,1.0,4,TRA,"C/C,C/F,C/L,C/W"
V+J,mouse,TRAV8-2,TRAJ42,C/F,1.0,4,TRA,"C/C,C/F,C/L,C/W"
V+J,mouse,TRAV15-2/DV6-2,TRAJ26,C/F,1.0,4,TRA,"C/C,C/F,C/L,C/W"
V+J,mouse,TRAV4-2,TRAJ38,C/W,1.0,4,TRA,"C/C,C/F,C/L,C/W"
V+J,mouse,TRAV3-1,TRAJ45,C/F,1.0,4,TRA,"C/C,C/F,C/L,C/W"
V+J,mouse,TRAV16D/DV11,TRAJ56,C/F,1.0,4,TRA,"C/C,C/F,C/L,C/W"
V+J,mouse,TRAV6D-6,TRAJ37,C/F,1.0,4,TRA,"C/C,C/F,C/L,C/W"
V+J,human,TRAV20,TRAJ61,C/F,1.0,4,TRA,"C/C,C/F,C/L,C/W"
V+J,human,TRAV9-1,TRAJ30,C/F,1.0,4,TRA,"C/C,C/F,C/L,C/W"
V+J,human,TRAV40,TRAJ23,C/F,1.0,4,TRA,"C/C,C/F,C/L,C/W"
V+J,human,TRAV9-1,TRAJ38,C/W,1.0,4,TRA,"C/C,C/F,C/L,C/W"
V+J,human,TRAV1-1,TRAJ52,C/F,1.0,4,TRA,"C/C,C/F,C/L,C/W"
V+J,human,TRAV40,TRAJ36,C/F,1.0,4,TRA,"C/C,C/F,C/L,C/W"
V+J,human,TRAV2,TRAJ25,C/F,1.0,4,TRA,"C/C,C/F,C/L,C/W"
V+J,human,TRAV5,TRAJ57,C/F,1.0,4,TRA,"C/C,C/F,C/L,C/W"
V+J,human,TRAV27,TRAJ25,C/F,1.0,4,TRA,"C/C,C/F,C/L,C/W"
V+J,human,TRAV23/DV6,TRAJ25,C/F,1.0,4,TRA,"C/C,C/F,C/L,C/W"
V+J,human,TRAV14/DV4,TRAJ61,C/F,1.0,4,TRA,"C/C,C/F,C/L,C/W"
V+J,human,TRAV29/DV5,TRAJ25,C/F,1.0,4,TRA,"C/C,C/F,C/L,C/W"
V+J,human,TRAV40,TRAJ13,C/F,1.0,4,TRA,"C/C,C/F,C/L,C/W"
V+J,human,TRAV40,TRAJ46,C/F,1.0,4,TRA,"C/C,C/F,C/L,C/W"
V+J,mouse,TRAV6N-7,TRAJ9,C/F,1.0,4,TRA,"C/C,C/F,C/L,C/W"
V+J,mouse,TRAV16N,TRAJ24,C/F,1.0,4,TRA,"C/C,C/F,C/L,C/W"
V+J,mouse,TRAV14N-3,TRAJ43,C/F,1.0,4,TRA,"C/C,C/F,C/L,C/W"
V+J,mouse,TRAV4N-3,TRAJ11,C/F,1.0,4,TRA,"C/C,C/F,C/L,C/W"
V+J,mouse,TRAV14N-1,TRAJ21,C/F,1.0,4,TRA,"C/C,C/F,C/L,C/W"
V+J,mouse,TRAV5N-4,TRAJ57,C/F,1.0,4,TRA,"C/C,C/F,C/L,C/W"
V+J,mouse,TRAV14N-2,TRAJ26,C/F,1.0,4,TRA,"C/C,C/F,C/L,C/W"
V+J,mouse,TRAV14N-1,TRAJ33,C/W,1.0,4,TRA,"C/C,C/F,C/L,C/W"
V+J,mouse,TRAV14N-1,TRAJ27,C/F,1.0,4,TRA,"C/C,C/F,C/L,C/W"
V+J,mouse,TRAV5N-4,TRAJ53,C/F,1.0,4,TRA,"C/C,C/F,C/L,C/W"
V+J,mouse,TRAV14N-1,TRAJ37,C/F,1.0,4,TRA,"C/C,C/F,C/L,C/W"
V+J,mouse,TRAV9N-3,TRAJ24,C/F,1.0,4,TRA,"C/C,C/F,C/L,C/W"
V+J,mouse,TRAV6N-5,TRAJ31,C/F,1.0,4,TRA,"C/C,C/F,C/L,C/W"
V+J,mouse,TRAV12N-3,TRAJ12,C/F,1.0,4,TRA,"C/C,C/F,C/L,C/W"
V+J,mouse,TRAV12N-2,TRAJ17,C/F,1.0,4,TRA,"C/C,C/F,C/L,C/W"
V+J,mouse,TRAV12N-3,TRAJ45,C/F,1.0,4,TRA,"C/C,C/F,C/L,C/W"
V+J,mouse,TRAV16D/DV11,TRAJ23,C/F,1.0,4,TRA,"C/C,C/F,C/L,C/W"
V+J,mouse,TRAV14N-3,TRAJ12,C/F,1.0,4,TRA,"C/C,C/F,C/L,C/W"
V+J,mouse,TRAV9N-3,TRAJ26,C/F,1.0,4,TRA,"C/C,C/F,C/L,C/W"
V+J,mouse,TRAV9N-3,TRAJ21,C/F,1.0,4,TRA,"C/C,C/F,C/L,C/W"
V+J,mouse,TRAV9D-4,TRAJ45,C/F,1.0,4,TRA,"C/C,C/F,C/L,C/W"
V+J,mouse,TRAV9N-3,TRAJ49,C/F,1.0,4,TRA,"C/C,C/F,C/L,C/W"
V+J,mouse,TRAV9N-2,TRAJ32,C/F,1.0,4,TRA,"C/C,C/F,C/L,C/W"
V+J,mouse,TRAV12N-2,TRAJ58,C/F,1.0,4,TRA,"C/C,C/F,C/L,C/W"
V+J,mouse,TRAV5N-4,TRAJ44,C/L,1.0,4,TRA,"C/C,C/F,C/L,C/W"
V+J,mouse,TRAV14N-3,TRAJ15,C/F,1.0,4,TRA,"C/C,C/F,C/L,C/W"
V+J,mouse,TRAV14N-2,TRAJ17,C/F,1.0,4,TRA,"C/C,C/F,C/L,C/W"
V+J,mouse,TRAV14N-1,TRAJ49,C/F,1.0,4,TRA,"C/C,C/F,C/L,C/W"
V+J,mouse,TRAV14N-2,TRAJ27,C/F,1.0,4,TRA,"C/C,C/F,C/L,C/W"
V+J,mouse,TRAV3-1,TRAJ49,C/F,1.0,4,TRA,"C/C,C/F,C/L,C/W"
V+J,mouse,TRAV7N-5,TRAJ27,C/F,1.0,4,TRA,"C/C,C/F,C/L,C/W"
V+J,mouse,TRAV6N-7,TRAJ21,C/F,1.0,4,TRA,"C/C,C/F,C/L,C/W"
V+J,mouse,TRAV12N-2,TRAJ37,C/F,1.0,4,TRA,"C/C,C/F,C/L,C/W"
V+J,mouse,TRAV5N-4,TRAJ21,C/F,1.0,4,TRA,"C/C,C/F,C/L,C/W"
V+J,mouse,TRAV14N-3,TRAJ23,C/F,1.0,4,TRA,"C/C,C/F,C/L,C/W"
V+J,mouse,TRAV10N,TRAJ39,C/F,1.0,4,TRA,"C/C,C/F,C/L,C/W"
V+J,mouse,TRAV14N-2,TRAJ45,C/F,1.0,4,TRA,"C/C,C/F,C/L,C/W"
V+J,mouse,TRAV14N-2,TRAJ39,C/F,1.0,4,TRA,"C/C,C/F,C/L,C/W"
V+J,mouse,TRAV7N-5,TRAJ23,C/F,1.0,4,TRA,"C/C,C/F,C/L,C/W"
V+J,mouse,TRAV7N-4,TRAJ49,C/F,1.0,4,TRA,"C/C,C/F,C/L,C/W"
V+J,mouse,TRAV3-1,TRAJ58,C/F,1.0,4,TRA,"C/C,C/F,C/L,C/W"
V+J,mouse,TRAV8D-1,TRAJ37,C/F,1.0,3,TRA,"C/C,C/F,C/L,C/W"
V+J,mouse,TRAV8D-1,TRAJ33,C/W,1.0,3,TRA,"C/C,C/F,C/L,C/W"
V+J,mouse,TRAV7-3,TRAJ44,C/L,1.0,3,TRA,"C/C,C/F,C/L,C/W"
V+J,mouse,TRAV7D-3,TRAJ16,C/F,1.0,3,TRA,"C/C,C/F,C/L,C/W"
V+J,mouse,TRAV4D-3,TRAJ40,C/F,1.0,3,TRA,"C/C,C/F,C/L,C/W"
V+J,mouse,TRAV13N-1,TRAJ30,C/F,1.0,3,TRA,"C/C,C/F,C/L,C/W"
V+J,mouse,TRAV14-1,TRAJ43,C/F,1.0,3,TRA,"C/C,C/F,C/L,C/W"
V+J,mouse,TRAV13N-4,TRAJ18,C/F,1.0,3,TRA,"C/C,C/F,C/L,C/W"
V+J,mouse,TRAV13N-3,TRAJ31,C/F,1.0,3,TRA,"C/C,C/F,C/L,C/W"
V+J,mouse,TRAV8-1,TRAJ33,C/W,1.0,3,TRA,"C/C,C/F,C/L,C/W"
V+J,mouse,TRAV2,TRAJ16,C/F,1.0,3,TRA,"C/C,C/F,C/L,C/W"
V+J,mouse,TRAV13-4/DV7,TRAJ34,C/F,1.0,3,TRA,"C/C,C/F,C/L,C/W"
V+J,mouse,TRAV4-3,TRAJ17,C/F,1.0,3,TRA,"C/C,C/F,C/L,C/W"
V+J,mouse,TRAV9D-2,TRAJ39,C/F,1.0,3,TRA,"C/C,C/F,C/L,C/W"
V+J,mouse,TRAV4-4/DV10,TRAJ28,C/F,1.0,3,TRA,"C/C,C/F,C/L,C/W"
V+J,mouse,TRAV8-1,TRAJ13,C/F,1.0,3,TRA,"C/C,C/F,C/L,C/W"
V+J,mouse,TRAV9N-4,TRAJ42,C/F,1.0,3,TRA,"C/C,C/F,C/L,C/W"
V+J,mouse,TRAV6-1,TRAJ6,C/F,1.0,3,TRA,"C/C,C/F,C/L,C/W"
V+J,mouse,TRAV7-2,TRAJ28,C/F,1.0,3,TRA,"C/C,C/F,C/L,C/W"
V+J,mouse,TRAV8-1,TRAJ44,C/L,1.0,3,TRA,"C/C,C/F,C/L,C/W"
V+J,mouse,TRAV6-2,TRAJ7,C/L,1.0,3,TRA,"C/C,C/F,C/L,C/W"
V+J,mouse,TRAV7D-6,TRAJ43,C/F,1.0,3,TRA,"C/C,C/F,C/L,C/W"
V+J,mouse,TRAV6-7/DV9,TRAJ23,C/F,1.0,3,TRA,"C/C,C/F,C/L,C/W"
V+J,mouse,TRAV13D-1,TRAJ39,C/F,1.0,3,TRA,"C/C,C/F,C/L,C/W"
V+J,mouse,TRAV1,TRAJ11,C/F,1.0,3,TRA,"C/C,C/F,C/L,C/W"
V+J,mouse,TRAV4-3,TRAJ11,C/F,1.0,3,TRA,"C/C,C/F,C/L,C/W"
V+J,mouse,TRAV16,TRAJ5,C/F,1.0,3,TRA,"C/C,C/F,C/L,C/W"
V+J,mouse,TRAV6D-4,TRAJ31,C/F,1.0,3,TRA,"C/C,C/F,C/L,C/W"
V+J,mouse,TRAV10N,TRAJ44,C/L,1.0,3,TRA,"C/C,C/F,C/L,C/W"
V+J,mouse,TRAV4D-3,TRAJ56,C/F,1.0,3,TRA,"C/C,C/F,C/L,C/W"
V+J,mouse,TRAV7N-4,TRAJ9,C/F,1.0,3,TRA,"C/C,C/F,C/L,C/W"
V+J,mouse,TRAV9D-1,TRAJ4,C/F,1.0,3,TRA,"C/C,C/F,C/L,C/W"
V+J,mouse,TRAV6-3,TRAJ45,C/F,1.0,3,TRA,"C/C,C/F,C/L,C/W"
V+J,mouse,TRAV13D-3,TRAJ23,C/F,1.0,3,TRA,"C/C,C/F,C/L,C/W"
V+J,mouse,TRAV7-6,TRAJ58,C/F,1.0,3,TRA,"C/C,C/F,C/L,C/W"
V+J,mouse,TRAV9-4,TRAJ6,C/F,1.0,3,TRA,"C/C,C/F,C/L,C/W"
V+J,mouse,TRAV9N-4,TRAJ21,C/F,1.0,3,TRA,"C/C,C/F,C/L,C/W"
V+J,mouse,TRAV6D-3,TRAJ21,C/F,1.0,3,TRA,"C/C,C/F,C/L,C/W"
V+J,mouse,TRAV7-1,TRAJ38,C/W,1.0,3,TRA,"C/C,C/F,C/L,C/W"
V+J,mouse,TRAV4-4/DV10,TRAJ15,C/F,1.0,3,TRA,"C/C,C/F,C/L,C/W"
V+J,mouse,TRAV13D-2,TRAJ52,C/F,1.0,3,TRA,"C/C,C/F,C/L,C/W"
V+J,mouse,TRAV7D-5,TRAJ16,C/F,1.0,3,TRA,"C/C,C/F,C/L,C/W"
V+J,mouse,TRAV9D-1,TRAJ40,C/F,1.0,3,TRA,"C/C,C/F,C/L,C/W"
V+J,mouse,TRAV7D-6,TRAJ39,C/F,1.0,3,TRA,"C/C,C/F,C/L,C/W"
V+J,mouse,TRAV14-1,TRAJ4,C/F,1.0,3,TRA,"C/C,C/F,C/L,C/W"
V+J,mouse,TRAV6-4,TRAJ48,C/F,1.0,3,TRA,"C/C,C/F,C/L,C/W"
V+J,mouse,TRAV7-2,TRAJ52,C/F,1.0,3,TRA,"C/C,C/F,C/L,C/W"
V+J,mouse,TRAV5-4,TRAJ15,C/F,1.0,3,TRA,"C/C,C/F,C/L,C/W"
V+J,mouse,TRAV3D-3,TRAJ38,C/W,1.0,3,TRA,"C/C,C/F,C/L,C/W"
V+J,mouse,TRAV9N-4,TRAJ18,C/F,1.0,3,TRA,"C/C,C/F,C/L,C/W"
V+J,mouse,TRAV7-6,TRAJ26,C/F,1.0,3,TRA,"C/C,C/F,C/L,C/W"
V+J,mouse,TRAV8D-1,TRAJ43,C/F,1.0,3,TRA,"C/C,C/F,C/L,C/W"
V+J,mouse,TRAV6N-6,TRAJ40,C/F,1.0,3,TRA,"C/C,C/F,C/L,C/W"
V+J,mouse,TRAV17,TRAJ26,C/F,1.0,3,TRA,"C/C,C/F,C/L,C/W"
V+J,mouse,TRAV13D-4,TRAJ4,C/F,1.0,3,TRA,"C/C,C/F,C/L,C/W"
V+J,mouse,TRAV6D-5,TRAJ42,C/F,1.0,3,TRA,"C/C,C/F,C/L,C/W"
V+J,mouse,TRAV9N-4,TRAJ40,C/F,1.0,3,TRA,"C/C,C/F,C/L,C/W"
V+J,mouse,TRAV6D-4,TRAJ52,C/F,1.0,3,TRA,"C/C,C/F,C/L,C/W"
V+J,mouse,TRAV7-1,TRAJ5,C/F,1.0,3,TRA,"C/C,C/F,C/L,C/W"
V+J,mouse,TRAV9D-1,TRAJ5,C/F,1.0,3,TRA,"C/C,C/F,C/L,C/W"
V+J,mouse,TRAV10D,TRAJ9,C/F,1.0,3,TRA,"C/C,C/F,C/L,C/W"
V+J,mouse,TRAV6D-3,TRAJ9,C/F,1.0,3,TRA,"C/C,C/F,C/L,C/W"
V+J,mouse,TRAV14-3,TRAJ16,C/F,1.0,3,TRA,"C/C,C/F,C/L,C/W"
V+J,mouse,TRAV7D-4,TRAJ16,C/F,1.0,3,TRA,"C/C,C/F,C/L,C/W"
V+J,mouse,TRAV3-4,TRAJ34,C/F,1.0,3,TRA,"C/C,C/F,C/L,C/W"
V+J,mouse,TRAV2,TRAJ34,C/F,1.0,3,TRA,"C/C,C/F,C/L,C/W"
V+J,mouse,TRAV13N-3,TRAJ12,C/F,1.0,3,TRA,"C/C,C/F,C/L,C/W"
V+J,mouse,TRAV7-4,TRAJ57,C/F,1.0,3,TRA,"C/C,C/F,C/L,C/W"
V+J,mouse,TRAV7D-5,TRAJ34,C/F,1.0,3,TRA,"C/C,C/F,C/L,C/W"
V+J,mouse,TRAV8N-2,TRAJ44,C/L,1.0,3,TRA,"C/C,C/F,C/L,C/W"
V+J,mouse,TRAV15D-1/DV6D-1,TRAJ21,C/F,1.0,3,TRA,"C/C,C/F,C/L,C/W"
V+J,mouse,TRAV7N-4,TRAJ13,C/F,1.0,3,TRA,"C/C,C/F,C/L,C/W"
V+J,mouse,TRAV6N-6,TRAJ16,C/F,1.0,3,TRA,"C/C,C/F,C/L,C/W"
V+J,mouse,TRAV9N-4,TRAJ16,C/F,1.0,3,TRA,"C/C,C/F,C/L,C/W"
V+J,mouse,TRAV7-5,TRAJ28,C/F,1.0,3,TRA,"C/C,C/F,C/L,C/W"
V+J,mouse,TRAV5-4,TRAJ21,C/F,1.0,3,TRA,"C/C,C/F,C/L,C/W"
V+J,mouse,TRAV3-3,TRAJ4,C/F,1.0,3,TRA,"C/C,C/F,C/L,C/W"
V+J,mouse,TRAV13N-1,TRAJ37,C/F,1.0,3,TRA,"C/C,C/F,C/L,C/W"
V+J,mouse,TRAV15D-1/DV6D-1,TRAJ2,C/F,1.0,3,TRA,"C/C,C/F,C/L,C/W"
V+J,mouse,TRAV8D-2,TRAJ32,C/F,1.0,3,TRA,"C/C,C/F,C/L,C/W"
V+J,mouse,TRAV9-2,TRAJ35,C/F,1.0,3,TRA,"C/C,C/F,C/L,C/W"
V+J,mouse,TRAV13D-1,TRAJ16,C/F,1.0,3,TRA,"C/C,C/F,C/L,C/W"
V+J,mouse,TRAV12D-3,TRAJ52,C/F,1.0,3,TRA,"C/C,C/F,C/L,C/W"
V+J,mouse,TRAV12-3,TRAJ2,C/F,1.0,3,TRA,"C/C,C/F,C/L,C/W"
V+J,mouse,TRAV6-2,TRAJ32,C/F,1.0,3,TRA,"C/C,C/F,C/L,C/W"
V+J,mouse,TRAV4-2,TRAJ52,C/F,1.0,3,TRA,"C/C,C/F,C/L,C/W"
V+J,mouse,TRAV12D-1,TRAJ38,C/W,1.0,3,TRA,"C/C,C/F,C/L,C/W"
V+J,mouse,TRAV17,TRAJ35,C/F,1.0,3,TRA,"C/C,C/F,C/L,C/W"
V+J,mouse,TRAV9-3,TRAJ13,C/F,1.0,3,TRA,"C/C,C/F,C/L,C/W"
V+J,mouse,TRAV12D-2,TRAJ45,C/F,1.0,3,TRA,"C/C,C/F,C/L,C/W"
V+J,mouse,TRAV8-1,TRAJ11,C/F,1.0,3,TRA,"C/C,C/F,C/L,C/W"
V+J,mouse,TRAV14D-2,TRAJ13,C/F,1.0,3,TRA,"C/C,C/F,C/L,C/W"
V+J,mouse,TRAV8-1,TRAJ35,C/F,1.0,3,TRA,"C/C,C/F,C/L,C/W"
V+J,mouse,TRAV14D-2,TRAJ7,C/L,1.0,3,TRA,"C/C,C/F,C/L,C/W"
V+J,mouse,TRAV4D-4,TRAJ49,C/F,1.0,3,TRA,"C/C,C/F,C/L,C/W"
V+J,mouse,TRAV10N,TRAJ42,C/F,1.0,3,TRA,"C/C,C/F,C/L,C/W"
V+J,mouse,TRAV9D-4,TRAJ22,C/F,1.0,3,TRA,"C/C,C/F,C/L,C/W"
V+J,mouse,TRAV4-2,TRAJ56,C/F,1.0,3,TRA,"C/C,C/F,C/L,C/W"
V+J,mouse,TRAV6-5,TRAJ56,C/F,1.0,3,TRA,"C/C,C/F,C/L,C/W"
V+J,mouse,TRAV12D-1,TRAJ22,C/F,1.0,3,TRA,"C/C,C/F,C/L,C/W"
V+J,mouse,TRAV9D-4,TRAJ17,C/F,1.0,3,TRA,"C/C,C/F,C/L,C/W"
V+J,mouse,TRAV12-3,TRAJ6,C/F,1.0,3,TRA,"C/C,C/F,C/L,C/W"
V+J,mouse,TRAV7D-4,TRAJ48,C/F,1.0,3,TRA,"C/C,C/F,C/L,C/W"
V+J,mouse,TRAV13-2,TRAJ5,C/F,1.0,3,TRA,"C/C,C/F,C/L,C/W"
V+J,mouse,TRAV7D-5,TRAJ58,C/F,1.0,3,TRA,"C/C,C/F,C/L,C/W"
V+J,mouse,TRAV6N-6,TRAJ11,C/F,1.0,3,TRA,"C/C,C/F,C/L,C/W"
V+J,mouse,TRAV13D-1,TRAJ23,C/F,1.0,3,TRA,"C/C,C/F,C/L,C/W"
V+J,mouse,TRAV14-3,TRAJ2,C/F,1.0,3,TRA,"C/C,C/F,C/L,C/W"
V+J,mouse,TRAV6-1,TRAJ42,C/F,1.0,3,TRA,"C/C,C/F,C/L,C/W"
V+J,mouse,TRAV6N-6,TRAJ42,C/F,1.0,3,TRA,"C/C,C/F,C/L,C/W"
V+J,mouse,TRAV15D-2/DV6D-2,TRAJ13,C/F,1.0,3,TRA,"C/C,C/F,C/L,C/W"
V+J,mouse,TRAV6D-3,TRAJ22,C/F,1.0,3,TRA,"C/C,C/F,C/L,C/W"
V+J,mouse,TRAV10D,TRAJ4,C/F,1.0,3,TRA,"C/C,C/F,C/L,C/W"
V+J,mouse,TRAV7N-4,TRAJ18,C/F,1.0,3,TRA,"C/C,C/F,C/L,C/W"
V+J,mouse,TRAV5-4,TRAJ2,C/F,1.0,3,TRA,"C/C,C/F,C/L,C/W"
V+J,mouse,TRAV12-3,TRAJ12,C/F,1.0,3,TRA,"C/C,C/F,C/L,C/W"
V+J,mouse,TRAV21/DV12,TRAJ39,C/F,1.0,3,TRA,"C/C,C/F,C/L,C/W"
V+J,mouse,TRAV12D-1,TRAJ15,C/F,1.0,3,TRA,"C/C,C/F,C/L,C/W"
V+J,mouse,TRAV15D-1/DV6D-1,TRAJ52,C/F,1.0,3,TRA,"C/C,C/F,C/L,C/W"
V+J,mouse,TRAV10D,TRAJ58,C/F,1.0,3,TRA,"C/C,C/F,C/L,C/W"
V+J,mouse,TRAV12D-3,TRAJ48,C/F,1.0,3,TRA,"C/C,C/F,C/L,C/W"
V+J,mouse,TRAV9D-2,TRAJ2,C/F,1.0,3,TRA,"C/C,C/F,C/L,C/W"
V+J,mouse,TRAV13D-1,TRAJ43,C/F,1.0,3,TRA,"C/C,C/F,C/L,C/W"
V+J,mouse,TRAV7D-5,TRAJ27,C/F,1.0,3,TRA,"C/C,C/F,C/L,C/W"
V+J,mouse,TRAV13N-4,TRAJ49,C/F,1.0,3,TRA,"C/C,C/F,C/L,C/W"
V+J,mouse,TRAV21/DV12,TRAJ31,C/F,1.0,3,TRA,"C/C,C/F,C/L,C/W"
V+J,mouse,TRAV6N-6,TRAJ2,C/F,1.0,3,TRA,"C/C,C/F,C/L,C/W"
V+J,mouse,TRAV7-3,TRAJ56,C/F,1.0,3,TRA,"C/C,C/F,C/L,C/W"
V+J,mouse,TRAV8N-2,TRAJ2,C/F,1.0,3,TRA,"C/C,C/F,C/L,C/W"
V+J,mouse,TRAV17,TRAJ43,C/F,1.0,3,TRA,"C/C,C/F,C/L,C/W"
V+J,mouse,TRAV6-2,TRAJ44,C/L,1.0,3,TRA,"C/C,C/F,C/L,C/W"
V+J,mouse,TRAV14-1,TRAJ42,C/F,1.0,3,TRA,"C/C,C/F,C/L,C/W"
V+J,mouse,TRAV13-1,TRAJ7,C/L,1.0,3,TRA,"C/C,C/F,C/L,C/W"
V+J,mouse,TRAV7D-3,TRAJ37,C/F,1.0,3,TRA,"C/C,C/F,C/L,C/W"
V+J,mouse,TRAV11,TRAJ48,C/F,1.0,3,TRA,"C/C,C/F,C/L,C/W"
V+J,mouse,TRAV14D-3/DV8,TRAJ48,C/F,1.0,3,TRA,"C/C,C/F,C/L,C/W"
V+J,mouse,TRAV6D-6,TRAJ18,C/F,1.0,3,TRA,"C/C,C/F,C/L,C/W"
V+J,mouse,TRAV4-2,TRAJ53,C/F,1.0,3,TRA,"C/C,C/F,C/L,C/W"
V+J,mouse,TRAV6D-5,TRAJ50,C/F,1.0,3,TRA,"C/C,C/F,C/L,C/W"
V+J,mouse,TRAV3-3,TRAJ2,C/F,1.0,3,TRA,"C/C,C/F,C/L,C/W"
V+J,mouse,TRAV6D-6,TRAJ58,C/F,1.0,3,TRA,"C/C,C/F,C/L,C/W"
V+J,mouse,TRAV6-7/DV9,TRAJ28,C/F,1.0,3,TRA,"C/C,C/F,C/L,C/W"
V+J,mouse,TRAV12D-1,TRAJ2,C/F,1.0,3,TRA,"C/C,C/F,C/L,C/W"
V+J,mouse,TRAV7D-3,TRAJ33,C/W,1.0,3,TRA,"C/C,C/F,C/L,C/W"
V+J,mouse,TRAV13D-4,TRAJ15,C/F,1.0,3,TRA,"C/C,C/F,C/L,C/W"
V+J,mouse,TRAV5D-4,TRAJ2,C/F,1.0,3,TRA,"C/C,C/F,C/L,C/W"
V+J,mouse,TRAV4-4/DV10,TRAJ13,C/F,1.0,3,TRA,"C/C,C/F,C/L,C/W"
V+J,mouse,TRAV15D-2/DV6D-2,TRAJ18,C/F,1.0,3,TRA,"C/C,C/F,C/L,C/W"
V+J,mouse,TRAV10D,TRAJ39,C/F,1.0,3,TRA,"C/C,C/F,C/L,C/W"
V+J,mouse,TRAV13D-4,TRAJ32,C/F,1.0,3,TRA,"C/C,C/F,C/L,C/W"
V+J,mouse,TRAV2,TRAJ35,C/F,1.0,3,TRA,"C/C,C/F,C/L,C/W"
V+J,mouse,TRAV13N-3,TRAJ17,C/F,1.0,3,TRA,"C/C,C/F,C/L,C/W"
V+J,mouse,TRAV6N-6,TRAJ57,C/F,1.0,3,TRA,"C/C,C/F,C/L,C/W"
V+J,mouse,TRAV12D-2,TRAJ52,C/F,1.0,3,TRA,"C/C,C/F,C/L,C/W"
V+J,mouse,TRAV4-2,TRAJ45,C/F,1.0,3,TRA,"C/C,C/F,C/L,C/W"
V+J,mouse,TRAV6-2,TRAJ35,C/F,1.0,3,TRA,"C/C,C/F,C/L,C/W"
V+J,mouse,TRAV3D-3,TRAJ50,C/F,1.0,3,TRA,"C/C,C/F,C/L,C/W"
V+J,mouse,TRAV7N-4,TRAJ21,C/F,1.0,3,TRA,"C/C,C/F,C/L,C/W"
V+J,mouse,TRAV9-2,TRAJ18,C/F,1.0,3,TRA,"C/C,C/F,C/L,C/W"
V+J,mouse,TRAV15D-2/DV6D-2,TRAJ49,C/F,1.0,3,TRA,"C/C,C/F,C/L,C/W"
V+J,mouse,TRAV6-3,TRAJ37,C/F,1.0,3,TRA,"C/C,C/F,C/L,C/W"
V+J,mouse,TRAV13N-4,TRAJ27,C/F,1.0,3,TRA,"C/C,C/F,C/L,C/W"
V+J,mouse,TRAV14D-2,TRAJ33,C/W,1.0,3,TRA,"C/C,C/F,C/L,C/W"
V+J,mouse,TRAV6D-6,TRAJ57,C/F,1.0,3,TRA,"C/C,C/F,C/L,C/W"
V+J,mouse,TRAV6D-7,TRAJ38,C/W,1.0,3,TRA,"C/C,C/F,C/L,C/W"
V+J,mouse,TRAV10D,TRAJ35,C/F,1.0,3,TRA,"C/C,C/F,C/L,C/W"
V+J,mouse,TRAV4D-4,TRAJ28,C/F,1.0,3,TRA,"C/C,C/F,C/L,C/W"
V+J,mouse,TRAV9D-1,TRAJ42,C/F,1.0,3,TRA,"C/C,C/F,C/L,C/W"
V+J,mouse,TRAV15-2/DV6-2,TRAJ48,C/F,1.0,3,TRA,"C/C,C/F,C/L,C/W"
V+J,mouse,TRAV6-1,TRAJ48,C/F,1.0,3,TRA,"C/C,C/F,C/L,C/W"
V+J,mouse,TRAV8-2,TRAJ26,C/F,1.0,3,TRA,"C/C,C/F,C/L,C/W"
V+J,mouse,TRAV14-1,TRAJ35,C/F,1.0,3,TRA,"C/C,C/F,C/L,C/W"
V+J,mouse,TRAV15D-2/DV6D-2,TRAJ21,C/F,1.0,3,TRA,"C/C,C/F,C/L,C/W"
V+J,mouse,TRAV5-4,TRAJ35,C/F,1.0,3,TRA,"C/C,C/F,C/L,C/W"
V+J,mouse,TRAV14-2,TRAJ35,C/F,1.0,3,TRA,"C/C,C/F,C/L,C/W"
V+J,mouse,TRAV13-2,TRAJ11,C/F,1.0,3,TRA,"C/C,C/F,C/L,C/W"
V+J,mouse,TRAV14D-2,TRAJ39,C/F,1.0,3,TRA,"C/C,C/F,C/L,C/W"
V+J,mouse,TRAV13D-2,TRAJ58,C/F,1.0,3,TRA,"C/C,C/F,C/L,C/W"
V+J,mouse,TRAV3-1,TRAJ5,C/F,1.0,3,TRA,"C/C,C/F,C/L,C/W"
V+J,mouse,TRAV3-1,TRAJ33,C/W,1.0,3,TRA,"C/C,C/F,C/L,C/W"
V+J,mouse,TRAV6D-4,TRAJ4,C/F,1.0,3,TRA,"C/C,C/F,C/L,C/W"
V+J,mouse,TRAV13N-4,TRAJ6,C/F,1.0,3,TRA,"C/C,C/F,C/L,C/W"
V+J,mouse,TRAV15D-2/DV6D-2,TRAJ48,C/F,1.0,3,TRA,"C/C,C/F,C/L,C/W"
V+J,mouse,TRAV8D-1,TRAJ2,C/F,1.0,3,TRA,"C/C,C/F,C/L,C/W"
V+J,mouse,TRAV12D-2,TRAJ53,C/F,1.0,3,TRA,"C/C,C/F,C/L,C/W"
V+J,mouse,TRAV7-4,TRAJ11,C/F,1.0,3,TRA,"C/C,C/F,C/L,C/W"
V+J,mouse,TRAV9-3,TRAJ15,C/F,1.0,3,TRA,"C/C,C/F,C/L,C/W"
V+J,mouse,TRAV7D-4,TRAJ56,C/F,1.0,3,TRA,"C/C,C/F,C/L,C/W"
V+J,mouse,TRAV8N-2,TRAJ34,C/F,1.0,3,TRA,"C/C,C/F,C/L,C/W"
V+J,mouse,TRAV9-3,TRAJ21,C/F,1.0,3,TRA,"C/C,C/F,C/L,C/W"
V+J,mouse,TRAV8-2,TRAJ40,C/F,1.0,3,TRA,"C/C,C/F,C/L,C/W"
V+J,mouse,TRAV9D-4,TRAJ13,C/F,1.0,3,TRA,"C/C,C/F,C/L,C/W"
V+J,mouse,TRAV13D-4,TRAJ17,C/F,1.0,3,TRA,"C/C,C/F,C/L,C/W"
V+J,mouse,TRAV15D-1/DV6D-1,TRAJ12,C/F,1.0,3,TRA,"C/C,C/F,C/L,C/W"
V+J,mouse,TRAV7D-2,TRAJ37,C/F,1.0,3,TRA,"C/C,C/F,C/L,C/W"
V+J,mouse,TRAV9D-4,TRAJ6,C/F,1.0,3,TRA,"C/C,C/F,C/L,C/W"
V+J,mouse,TRAV7D-6,TRAJ13,C/F,1.0,3,TRA,"C/C,C/F,C/L,C/W"
V+J,mouse,TRAV6-4,TRAJ50,C/F,1.0,3,TRA,"C/C,C/F,C/L,C/W"
V+J,mouse,TRAV7D-4,TRAJ52,C/F,1.0,3,TRA,"C/C,C/F,C/L,C/W"
V+J,mouse,TRAV15-2/DV6-2,TRAJ33,C/W,1.0,3,TRA,"C/C,C/F,C/L,C/W"
V+J,mouse,TRAV13N-4,TRAJ52,C/F,1.0,3,TRA,"C/C,C/F,C/L,C/W"
V+J,mouse,TRAV7D-2,TRAJ45,C/F,1.0,3,TRA,"C/C,C/F,C/L,C/W"
V+J,mouse,TRAV2,TRAJ28,C/F,1.0,3,TRA,"C/C,C/F,C/L,C/W"
V+J,mouse,TRAV15D-2/DV6D-2,TRAJ31,C/F,1.0,3,TRA,"C/C,C/F,C/L,C/W"
V+J,mouse,TRAV6D-3,TRAJ30,C/F,1.0,3,TRA,"C/C,C/F,C/L,C/W"
V+J,mouse,TRAV14D-2,TRAJ11,C/F,1.0,3,TRA,"C/C,C/F,C/L,C/W"
V+J,mouse,TRAV13D-2,TRAJ11,C/F,1.0,3,TRA,"C/C,C/F,C/L,C/W"
V+J,mouse,TRAV15D-2/DV6D-2,TRAJ23,C/F,1.0,3,TRA,"C/C,C/F,C/L,C/W"
V+J,mouse,TRAV15D-1/DV6D-1,TRAJ56,C/F,1.0,3,TRA,"C/C,C/F,C/L,C/W"
V+J,mouse,TRAV7D-4,TRAJ53,C/F,1.0,3,TRA,"C/C,C/F,C/L,C/W"
V+J,mouse,TRAV13D-4,TRAJ34,C/F,1.0,3,TRA,"C/C,C/F,C/L,C/W"
V+J,mouse,TRAV7D-2,TRAJ2,C/F,1.0,3,TRA,"C/C,C/F,C/L,C/W"
V+J,mouse,TRAV7D-2,TRAJ21,C/F,1.0,3,TRA,"C/C,C/F,C/L,C/W"
V+J,mouse,TRAV9D-4,TRAJ34,C/F,1.0,3,TRA,"C/C,C/F,C/L,C/W"
V+J,mouse,TRAV12D-3,TRAJ37,C/F,1.0,3,TRA,"C/C,C/F,C/L,C/W"
V+J,mouse,TRAV13N-3,TRAJ21,C/F,1.0,3,TRA,"C/C,C/F,C/L,C/W"
V+J,mouse,TRAV12-3,TRAJ7,C/L,1.0,3,TRA,"C/C,C/F,C/L,C/W"
V+J,mouse,TRAV16D/DV11,TRAJ45,C/F,1.0,3,TRA,"C/C,C/F,C/L,C/W"
V+J,mouse,TRAV12-3,TRAJ17,C/F,1.0,3,TRA,"C/C,C/F,C/L,C/W"
V+J,mouse,TRAV7-3,TRAJ5,C/F,1.0,3,TRA,"C/C,C/F,C/L,C/W"
V+J,mouse,TRAV15D-2/DV6D-2,TRAJ34,C/F,1.0,3,TRA,"C/C,C/F,C/L,C/W"
V+J,mouse,TRAV12-2,TRAJ28,C/F,1.0,3,TRA,"C/C,C/F,C/L,C/W"
V+J,mouse,TRAV5-1,TRAJ24,C/F,1.0,3,TRA,"C/C,C/F,C/L,C/W"
V+J,mouse,TRAV7-6,TRAJ22,C/F,1.0,3,TRA,"C/C,C/F,C/L,C/W"
V+J,mouse,TRAV6D-5,TRAJ49,C/F,1.0,3,TRA,"C/C,C/F,C/L,C/W"
V+J,mouse,TRAV14D-3/DV8,TRAJ2,C/F,1.0,3,TRA,"C/C,C/F,C/L,C/W"
V+J,mouse,TRAV7N-4,TRAJ15,C/F,1.0,3,TRA,"C/C,C/F,C/L,C/W"
V+J,mouse,TRAV9-2,TRAJ28,C/F,1.0,3,TRA,"C/C,C/F,C/L,C/W"
V+J,mouse,TRAV8D-1,TRAJ56,C/F,1.0,3,TRA,"C/C,C/F,C/L,C/W"
V+J,mouse,TRAV6-1,TRAJ40,C/F,1.0,3,TRA,"C/C,C/F,C/L,C/W"
V+J,mouse,TRAV13N-1,TRAJ34,C/F,1.0,3,TRA,"C/C,C/F,C/L,C/W"
V+J,mouse,TRAV13D-3,TRAJ26,C/F,1.0,3,TRA,"C/C,C/F,C/L,C/W"
V+J,mouse,TRAV4D-3,TRAJ11,C/F,1.0,3,TRA,"C/C,C/F,C/L,C/W"
V+J,mouse,TRAV12-1,TRAJ28,C/F,1.0,3,TRA,"C/C,C/F,C/L,C/W"
V+J,mouse,TRAV6-3,TRAJ44,C/L,1.0,3,TRA,"C/C,C/F,C/L,C/W"
V+J,mouse,TRAV6N-6,TRAJ45,C/F,1.0,3,TRA,"C/C,C/F,C/L,C/W"
V+J,mouse,TRAV9D-4,TRAJ32,C/F,1.0,3,TRA,"C/C,C/F,C/L,C/W"
V+J,mouse,TRAV4-2,TRAJ18,C/F,1.0,3,TRA,"C/C,C/F,C/L,C/W"
V+J,mouse,TRAV6D-7,TRAJ56,C/F,1.0,3,TRA,"C/C,C/F,C/L,C/W"
V+J,mouse,TRAV10D,TRAJ7,C/L,1.0,3,TRA,"C/C,C/F,C/L,C/W"
V+J,mouse,TRAV9-1,TRAJ57,C/F,1.0,3,TRA,"C/C,C/F,C/L,C/W"
V+J,mouse,TRAV7-1,TRAJ13,C/F,1.0,3,TRA,"C/C,C/F,C/L,C/W"
V+J,mouse,TRAV13D-1,TRAJ34,C/F,1.0,3,TRA,"C/C,C/F,C/L,C/W"
V+J,mouse,TRAV3-3,TRAJ5,C/F,1.0,3,TRA,"C/C,C/F,C/L,C/W"
V+J,mouse,TRAV5-1,TRAJ16,C/F,1.0,3,TRA,"C/C,C/F,C/L,C/W"
V+J,mouse,TRAV16D/DV11,TRAJ50,C/F,1.0,3,TRA,"C/C,C/F,C/L,C/W"
V+J,mouse,TRAV15D-1/DV6D-1,TRAJ49,C/F,1.0,3,TRA,"C/C,C/F,C/L,C/W"
V+J,mouse,TRAV9D-2,TRAJ26,C/F,1.0,3,TRA,"C/C,C/F,C/L,C/W"
V+J,mouse,TRAV16D/DV11,TRAJ48,C/F,1.0,3,TRA,"C/C,C/F,C/L,C/W"
V+J,mouse,TRAV13N-4,TRAJ48,C/F,1.0,3,TRA,"C/C,C/F,C/L,C/W"
V+J,mouse,TRAV13D-1,TRAJ50,C/F,1.0,3,TRA,"C/C,C/F,C/L,C/W"
V+J,mouse,TRAV6D-4,TRAJ16,C/F,1.0,3,TRA,"C/C,C/F,C/L,C/W"
V+J,mouse,TRAV7D-2,TRAJ39,C/F,1.0,3,TRA,"C/C,C/F,C/L,C/W"
V+J,mouse,TRAV3-3,TRAJ17,C/F,1.0,3,TRA,"C/C,C/F,C/L,C/W"
V+J,mouse,TRAV9-3,TRAJ23,C/F,1.0,3,TRA,"C/C,C/F,C/L,C/W"
V+J,mouse,TRAV14D-2,TRAJ12,C/F,1.0,3,TRA,"C/C,C/F,C/L,C/W"
V+J,mouse,TRAV10D,TRAJ38,C/W,1.0,3,TRA,"C/C,C/F,C/L,C/W"
V+J,mouse,TRAV2,TRAJ45,C/F,1.0,3,TRA,"C/C,C/F,C/L,C/W"
V+J,mouse,TRAV16N,TRAJ57,C/F,1.0,3,TRA,"C/C,C/F,C/L,C/W"
V+J,mouse,TRAV15-1/DV6-1,TRAJ30,C/F,1.0,3,TRA,"C/C,C/F,C/L,C/W"
V+J,human,TRAV4,TRAJ58,C/F,1.0,3,TRA,"C/C,C/F,C/L,C/W"
V+J,human,TRAV40,TRAJ18,C/F,1.0,3,TRA,"C/C,C/F,C/L,C/W"
V+J,human,TRAV26-1,TRAJ61,C/F,1.0,3,TRA,"C/C,C/F,C/L,C/W"
V+J,human,TRAV9-1,TRAJ28,C/F,1.0,3,TRA,"C/C,C/F,C/L,C/W"
V+J,human,TRAV16,TRAJ61,C/F,1.0,3,TRA,"C/C,C/F,C/L,C/W"
V+J,human,TRAV1-1,TRAJ25,C/F,1.0,3,TRA,"C/C,C/F,C/L,C/W"
V+J,human,TRAV5,TRAJ58,C/F,1.0,3,TRA,"C/C,C/F,C/L,C/W"
V+J,human,TRAV7,TRAJ43,C/F,1.0,3,TRA,"C/C,C/F,C/L,C/W"
V+J,human,TRAV26-1,TRAJ25,C/F,1.0,3,TRA,"C/C,C/F,C/L,C/W"
V+J,human,TRAV2,TRAJ54,C/F,1.0,3,TRA,"C/C,C/F,C/L,C/W"
V+J,human,TRAV7,TRAJ13,C/F,1.0,3,TRA,"C/C,C/F,C/L,C/W"
V+J,human,TRAV8-3,TRAJ14,C/F,1.0,3,TRA,"C/C,C/F,C/L,C/W"
V+J,human,TRAV9-1,TRAJ44,C/F,1.0,3,TRA,"C/C,C/F,C/L,C/W"
V+J,human,TRAV26-2,TRAJ25,C/F,1.0,3,TRA,"C/C,C/F,C/L,C/W"
V+J,human,TRAV7,TRAJ9,C/F,1.0,3,TRA,"C/C,C/F,C/L,C/W"
V+J,human,TRAV26-2,TRAJ61,C/F,1.0,3,TRA,"C/C,C/F,C/L,C/W"
V+J,human,TRAV4,TRAJ57,C/F,1.0,3,TRA,"C/C,C/F,C/L,C/W"
V+J,human,TRAV19,TRAJ61,C/F,1.0,3,TRA,"C/C,C/F,C/L,C/W"
V+J,human,TRAV2,TRAJ58,C/F,1.0,3,TRA,"C/C,C/F,C/L,C/W"
V+J,human,TRAV9-1,TRAJ23,C/F,1.0,3,TRA,"C/C,C/F,C/L,C/W"
V+J,human,TRAV12-2,TRAJ61,C/F,1.0,3,TRA,"C/C,C/F,C/L,C/W"
V+J,human,TRAV17,TRAJ14,C/F,1.0,3,TRA,"C/C,C/F,C/L,C/W"
V+J,human,TRAV9-1,TRAJ9,C/F,1.0,3,TRA,"C/C,C/F,C/L,C/W"
V+J,human,TRAV9-1,TRAJ15,C/F,1.0,3,TRA,"C/C,C/F,C/L,C/W"
V+J,human,TRAV22,TRAJ61,C/F,1.0,3,TRA,"C/C,C/F,C/L,C/W"
V+J,human,TRAV22,TRAJ25,C/F,1.0,3,TRA,"C/C,C/F,C/L,C/W"
V+J,human,TRAV13-2,TRAJ25,C/F,1.0,3,TRA,"C/C,C/F,C/L,C/W"
V+J,human,TRAV18,TRAJ20,C/F,1.0,3,TRA,"C/C,C/F,C/L,C/W"
V+J,human,TRAV9-1,TRAJ39,C/F,1.0,3,TRA,"C/C,C/F,C/L,C/W"
V+J,human,TRAV19,TRAJ14,C/F,1.0,3,TRA,"C/C,C/F,C/L,C/W"
V+J,human,TRAV9-1,TRAJ49,C/F,1.0,3,TRA,"C/C,C/F,C/L,C/W"
V+J,mouse,TRAV10N,TRAJ52,C/F,1.0,3,TRA,"C/C,C/F,C/L,C/W"
V+J,mouse,TRAV14N-3,TRAJ39,C/F,1.0,3,TRA,"C/C,C/F,C/L,C/W"
V+J,mouse,TRAV14N-3,TRAJ17,C/F,1.0,3,TRA,"C/C,C/F,C/L,C/W"
V+J,mouse,TRAV6D-3,TRAJ34,C/F,1.0,3,TRA,"C/C,C/F,C/L,C/W"
V+J,mouse,TRAV14N-3,TRAJ30,C/F,1.0,3,TRA,"C/C,C/F,C/L,C/W"
V+J,mouse,TRAV10,TRAJ24,C/F,1.0,3,TRA,"C/C,C/F,C/L,C/W"
V+J,mouse,TRAV5N-4,TRAJ17,C/F,1.0,3,TRA,"C/C,C/F,C/L,C/W"
V+J,mouse,TRAV5N-4,TRAJ30,C/F,1.0,3,TRA,"C/C,C/F,C/L,C/W"
V+J,mouse,TRAV14D-3/DV8,TRAJ53,C/F,1.0,3,TRA,"C/C,C/F,C/L,C/W"
V+J,mouse,TRAV14N-1,TRAJ40,C/F,1.0,3,TRA,"C/C,C/F,C/L,C/W"
V+J,mouse,TRAV5N-4,TRAJ15,C/F,1.0,3,TRA,"C/C,C/F,C/L,C/W"
V+J,mouse,TRAV5N-4,TRAJ12,C/F,1.0,3,TRA,"C/C,C/F,C/L,C/W"
V+J,mouse,TRAV9N-2,TRAJ34,C/F,1.0,3,TRA,"C/C,C/F,C/L,C/W"
V+J,mouse,TRAV6N-5,TRAJ27,C/F,1.0,3,TRA,"C/C,C/F,C/L,C/W"
V+J,mouse,TRAV16D/DV11,TRAJ58,C/F,1.0,3,TRA,"C/C,C/F,C/L,C/W"
V+J,mouse,TRAV12N-3,TRAJ30,C/F,1.0,3,TRA,"C/C,C/F,C/L,C/W"
V+J,mouse,TRAV12N-3,TRAJ26,C/F,1.0,3,TRA,"C/C,C/F,C/L,C/W"
V+J,mouse,TRAV9N-3,TRAJ15,C/F,1.0,3,TRA,"C/C,C/F,C/L,C/W"
V+J,mouse,TRAV9N-3,TRAJ18,C/F,1.0,3,TRA,"C/C,C/F,C/L,C/W"
V+J,mouse,TRAV9N-3,TRAJ30,C/F,1.0,3,TRA,"C/C,C/F,C/L,C/W"
V+J,mouse,TRAV7N-5,TRAJ42,C/F,1.0,3,TRA,"C/C,C/F,C/L,C/W"
V+J,mouse,TRAV7N-5,TRAJ58,C/F,1.0,3,TRA,"C/C,C/F,C/L,C/W"
V+J,mouse,TRAV3N-3,TRAJ17,C/F,1.0,3,TRA,"C/C,C/F,C/L,C/W"
V+J,mouse,TRAV9N-3,TRAJ31,C/F,1.0,3,TRA,"C/C,C/F,C/L,C/W"
V+J,mouse,TRAV3N-3,TRAJ40,C/F,1.0,3,TRA,"C/C,C/F,C/L,C/W"
V+J,mouse,TRAV7N-5,TRAJ50,C/F,1.0,3,TRA,"C/C,C/F,C/L,C/W"
V+J,mouse,TRAV5N-4,TRAJ48,C/F,1.0,3,TRA,"C/C,C/F,C/L,C/W"
V+J,mouse,TRAV9N-2,TRAJ53,C/F,1.0,3,TRA,"C/C,C/F,C/L,C/W"
V+J,mouse,TRAV6N-5,TRAJ12,C/F,1.0,3,TRA,"C/C,C/F,C/L,C/W"
V+J,mouse,TRAV9N-2,TRAJ33,C/W,1.0,3,TRA,"C/C,C/F,C/L,C/W"
V+J,mouse,TRAV14N-2,TRAJ48,C/F,1.0,3,TRA,"C/C,C/F,C/L,C/W"
V+J,mouse,TRAV12N-1,TRAJ23,C/F,1.0,3,TRA,"C/C,C/F,C/L,C/W"
V+J,mouse,TRAV3-1,TRAJ52,C/F,1.0,3,TRA,"C/C,C/F,C/L,C/W"
V+J,mouse,TRAV14N-1,TRAJ22,C/F,1.0,3,TRA,"C/C,C/F,C/L,C/W"
V+J,mouse,TRAV13N-3,TRAJ38,C/W,1.0,3,TRA,"C/C,C/F,C/L,C/W"
V+J,mouse,TRAV12N-2,TRAJ18,C/F,1.0,3,TRA,"C/C,C/F,C/L,C/W"
V+J,mouse,TRAV14N-2,TRAJ22,C/F,1.0,3,TRA,"C/C,C/F,C/L,C/W"
V+J,mouse,TRAV13N-2,TRAJ50,C/F,1.0,3,TRA,"C/C,C/F,C/L,C/W"
V+J,mouse,TRAV3-3,TRAJ24,C/F,1.0,3,TRA,"C/C,C/F,C/L,C/W"
V+J,mouse,TRAV6D-6,TRAJ44,C/L,1.0,3,TRA,"C/C,C/F,C/L,C/W"
V+J,mouse,TRAV12N-2,TRAJ49,C/F,1.0,3,TRA,"C/C,C/F,C/L,C/W"
V+J,mouse,TRAV14N-3,TRAJ31,C/F,1.0,3,TRA,"C/C,C/F,C/L,C/W"
V+J,mouse,TRAV14N-2,TRAJ31,C/F,1.0,3,TRA,"C/C,C/F,C/L,C/W"
V+J,mouse,TRAV14N-3,TRAJ7,C/L,1.0,3,TRA,"C/C,C/F,C/L,C/W"
V+J,mouse,TRAV7N-5,TRAJ26,C/F,1.0,3,TRA,"C/C,C/F,C/L,C/W"
V+J,mouse,TRAV14N-1,TRAJ34,C/F,1.0,3,TRA,"C/C,C/F,C/L,C/W"
V+J,mouse,TRAV3-1,TRAJ50,C/F,1.0,3,TRA,"C/C,C/F,C/L,C/W"
V+J,mouse,TRAV13N-2,TRAJ45,C/F,1.0,3,TRA,"C/C,C/F,C/L,C/W"
V+J,mouse,TRAV6-4,TRAJ35,C/F,1.0,3,TRA,"C/C,C/F,C/L,C/W"
V+J,mouse,TRAV14N-2,TRAJ52,C/F,1.0,3,TRA,"C/C,C/F,C/L,C/W"
V+J,mouse,TRAV4-3,TRAJ24,C/F,1.0,3,TRA,"C/C,C/F,C/L,C/W"
V+J,mouse,TRAV14N-2,TRAJ33,C/W,1.0,3,TRA,"C/C,C/F,C/L,C/W"
V+J,mouse,TRAV7N-5,TRAJ13,C/F,1.0,3,TRA,"C/C,C/F,C/L,C/W"
V+J,mouse,TRAV6N-7,TRAJ44,C/L,1.0,3,TRA,"C/C,C/F,C/L,C/W"
V+J,mouse,TRAV9N-3,TRAJ50,C/F,1.0,3,TRA,"C/C,C/F,C/L,C/W"
V+J,mouse,TRAV7N-5,TRAJ31,C/F,1.0,3,TRA,"C/C,C/F,C/L,C/W"
V+J,mouse,TRAV3-1,TRAJ53,C/F,1.0,3,TRA,"C/C,C/F,C/L,C/W"
V+J,mouse,TRAV13N-2,TRAJ52,C/F,1.0,3,TRA,"C/C,C/F,C/L,C/W"
V+J,mouse,TRAV12N-2,TRAJ7,C/L,1.0,3,TRA,"C/C,C/F,C/L,C/W"
V+J,mouse,TRAV14N-1,TRAJ18,C/F,1.0,3,TRA,"C/C,C/F,C/L,C/W"
V+J,mouse,TRAV9N-3,TRAJ42,C/F,1.0,3,TRA,"C/C,C/F,C/L,C/W"
V+J,human,TRAV8-2,TRAJ31,C/F,1.0,3,TRA,"C/C,C/F,C/L,C/W"
V+J,human,TRAV30,TRAJ31,C/F,1.0,3,TRA,"C/C,C/F,C/L,C/W"
V+J,mouse,TRAV7-2,TRAJ38,C/W,1.0,2,TRA,"C/C,C/F,C/L,C/W"
V+J,mouse,TRAV10N,TRAJ56,C/F,1.0,2,TRA,"C/C,C/F,C/L,C/W"
V+J,mouse,TRAV13D-2,TRAJ49,C/F,1.0,2,TRA,"C/C,C/F,C/L,C/W"
V+J,mouse,TRAV6N-6,TRAJ48,C/F,1.0,2,TRA,"C/C,C/F,C/L,C/W"
V+J,mouse,TRAV12D-2,TRAJ35,C/F,1.0,2,TRA,"C/C,C/F,C/L,C/W"
V+J,mouse,TRAV9D-2,TRAJ6,C/F,1.0,2,TRA,"C/C,C/F,C/L,C/W"
V+J,mouse,TRAV9-4,TRAJ9,C/F,1.0,2,TRA,"C/C,C/F,C/L,C/W"
V+J,mouse,TRAV19,TRAJ37,C/F,1.0,2,TRA,"C/C,C/F,C/L,C/W"
V+J,mouse,TRAV8N-2,TRAJ38,C/W,1.0,2,TRA,"C/C,C/F,C/L,C/W"
V+J,mouse,TRAV13-4/DV7,TRAJ22,C/F,1.0,2,TRA,"C/C,C/F,C/L,C/W"
V+J,mouse,TRAV9D-2,TRAJ5,C/F,1.0,2,TRA,"C/C,C/F,C/L,C/W"
V+J,mouse,TRAV9N-4,TRAJ37,C/F,1.0,2,TRA,"C/C,C/F,C/L,C/W"
V+J,mouse,TRAV8D-1,TRAJ58,C/F,1.0,2,TRA,"C/C,C/F,C/L,C/W"
V+J,mouse,TRAV6-5,TRAJ2,C/F,1.0,2,TRA,"C/C,C/F,C/L,C/W"
V+J,mouse,TRAV7-5,TRAJ2,C/F,1.0,2,TRA,"C/C,C/F,C/L,C/W"
V+J,mouse,TRAV6-1,TRAJ43,C/F,1.0,2,TRA,"C/C,C/F,C/L,C/W"
V+J,mouse,TRAV9D-1,TRAJ48,C/F,1.0,2,TRA,"C/C,C/F,C/L,C/W"
V+J,mouse,TRAV6D-3,TRAJ48,C/F,1.0,2,TRA,"C/C,C/F,C/L,C/W"
V+J,mouse,TRAV9D-2,TRAJ9,C/F,1.0,2,TRA,"C/C,C/F,C/L,C/W"
V+J,mouse,TRAV4-3,TRAJ44,C/L,1.0,2,TRA,"C/C,C/F,C/L,C/W"
V+J,mouse,TRAV14-1,TRAJ16,C/F,1.0,2,TRA,"C/C,C/F,C/L,C/W"
V+J,mouse,TRAV13D-2,TRAJ38,C/W,1.0,2,TRA,"C/C,C/F,C/L,C/W"
V+J,mouse,TRAV9-4,TRAJ16,C/F,1.0,2,TRA,"C/C,C/F,C/L,C/W"
V+J,mouse,TRAV13D-2,TRAJ48,C/F,1.0,2,TRA,"C/C,C/F,C/L,C/W"
V+J,mouse,TRAV7-6,TRAJ18,C/F,1.0,2,TRA,"C/C,C/F,C/L,C/W"
V+J,mouse,TRAV9-4,TRAJ28,C/F,1.0,2,TRA,"C/C,C/F,C/L,C/W"
V+J,mouse,TRAV12-1,TRAJ4,C/F,1.0,2,TRA,"C/C,C/F,C/L,C/W"
V+J,mouse,TRAV6N-6,TRAJ33,C/W,1.0,2,TRA,"C/C,C/F,C/L,C/W"
V+J,mouse,TRAV4D-3,TRAJ57,C/F,1.0,2,TRA,"C/C,C/F,C/L,C/W"
V+J,mouse,TRAV9D-2,TRAJ31,C/F,1.0,2,TRA,"C/C,C/F,C/L,C/W"
V+J,mouse,TRAV6-2,TRAJ49,C/F,1.0,2,TRA,"C/C,C/F,C/L,C/W"
V+J,mouse,TRAV13N-3,TRAJ33,C/W,1.0,2,TRA,"C/C,C/F,C/L,C/W"
V+J,mouse,TRAV13N-1,TRAJ43,C/F,1.0,2,TRA,"C/C,C/F,C/L,C/W"
V+J,mouse,TRAV14D-1,TRAJ38,C/W,1.0,2,TRA,"C/C,C/F,C/L,C/W"
V+J,mouse,TRAV7D-5,TRAJ53,C/F,1.0,2,TRA,"C/C,C/F,C/L,C/W"
V+J,mouse,TRAV7D-6,TRAJ42,C/F,1.0,2,TRA,"C/C,C/F,C/L,C/W"
V+J,mouse,TRAV7D-4,TRAJ32,C/F,1.0,2,TRA,"C/C,C/F,C/L,C/W"
V+J,mouse,TRAV13D-1,TRAJ48,C/F,1.0,2,TRA,"C/C,C/F,C/L,C/W"
V+J,mouse,TRAV13D-2,TRAJ35,C/F,1.0,2,TRA,"C/C,C/F,C/L,C/W"
V+J,mouse,TRAV8-1,TRAJ56,C/F,1.0,2,TRA,"C/C,C/F,C/L,C/W"
V+J,mouse,TRAV13D-1,TRAJ40,C/F,1.0,2,TRA,"C/C,C/F,C/L,C/W"
V+J,mouse,TRAV12-1,TRAJ11,C/F,1.0,2,TRA,"C/C,C/F,C/L,C/W"
V+J,mouse,TRAV6-7/DV9,TRAJ22,C/F,1.0,2,TRA,"C/C,C/F,C/L,C/W"
V+J,mouse,TRAV6-5,TRAJ11,C/F,1.0,2,TRA,"C/C,C/F,C/L,C/W"
V+J,mouse,TRAV6-3,TRAJ43,C/F,1.0,2,TRA,"C/C,C/F,C/L,C/W"
V+J,mouse,TRAV6-5,TRAJ15,C/F,1.0,2,TRA,"C/C,C/F,C/L,C/W"
V+J,mouse,TRAV6D-3,TRAJ49,C/F,1.0,2,TRA,"C/C,C/F,C/L,C/W"
V+J,mouse,TRAV12D-3,TRAJ45,C/F,1.0,2,TRA,"C/C,C/F,C/L,C/W"
V+J,mouse,TRAV9D-2,TRAJ56,C/F,1.0,2,TRA,"C/C,C/F,C/L,C/W"
V+J,mouse,TRAV12-3,TRAJ9,C/F,1.0,2,TRA,"C/C,C/F,C/L,C/W"
V+J,mouse,TRAV9-2,TRAJ5,C/F,1.0,2,TRA,"C/C,C/F,C/L,C/W"
V+J,mouse,TRAV7-4,TRAJ5,C/F,1.0,2,TRA,"C/C,C/F,C/L,C/W"
V+J,mouse,TRAV13N-1,TRAJ7,C/L,1.0,2,TRA,"C/C,C/F,C/L,C/W"
V+J,mouse,TRAV10D,TRAJ32,C/F,1.0,2,TRA,"C/C,C/F,C/L,C/W"
V+J,mouse,TRAV7N-4,TRAJ5,C/F,1.0,2,TRA,"C/C,C/F,C/L,C/W"
V+J,mouse,TRAV15D-2/DV6D-2,TRAJ15,C/F,1.0,2,TRA,"C/C,C/F,C/L,C/W"
V+J,mouse,TRAV17,TRAJ27,C/F,1.0,2,TRA,"C/C,C/F,C/L,C/W"
V+J,mouse,TRAV14-2,TRAJ28,C/F,1.0,2,TRA,"C/C,C/F,C/L,C/W"
V+J,mouse,TRAV13D-3,TRAJ42,C/F,1.0,2,TRA,"C/C,C/F,C/L,C/W"
V+J,mouse,TRAV9D-1,TRAJ38,C/W,1.0,2,TRA,"C/C,C/F,C/L,C/W"
V+J,mouse,TRAV12D-1,TRAJ13,C/F,1.0,2,TRA,"C/C,C/F,C/L,C/W"
V+J,mouse,TRAV13N-1,TRAJ33,C/W,1.0,2,TRA,"C/C,C/F,C/L,C/W"
V+J,mouse,TRAV17,TRAJ32,C/F,1.0,2,TRA,"C/C,C/F,C/L,C/W"
V+J,mouse,TRAV5-4,TRAJ11,C/F,1.0,2,TRA,"C/C,C/F,C/L,C/W"
V+J,mouse,TRAV14D-2,TRAJ17,C/F,1.0,2,TRA,"C/C,C/F,C/L,C/W"
V+J,mouse,TRAV14D-2,TRAJ30,C/F,1.0,2,TRA,"C/C,C/F,C/L,C/W"
V+J,mouse,TRAV15D-2/DV6D-2,TRAJ2,C/F,1.0,2,TRA,"C/C,C/F,C/L,C/W"
V+J,mouse,TRAV3-1,TRAJ2,C/F,1.0,2,TRA,"C/C,C/F,C/L,C/W"
V+J,mouse,TRAV9D-1,TRAJ13,C/F,1.0,2,TRA,"C/C,C/F,C/L,C/W"
V+J,mouse,TRAV6N-6,TRAJ28,C/F,1.0,2,TRA,"C/C,C/F,C/L,C/W"
V+J,mouse,TRAV6-4,TRAJ45,C/F,1.0,2,TRA,"C/C,C/F,C/L,C/W"
V+J,mouse,TRAV13D-3,TRAJ27,C/F,1.0,2,TRA,"C/C,C/F,C/L,C/W"
V+J,mouse,TRAV4-2,TRAJ11,C/F,1.0,2,TRA,"C/C,C/F,C/L,C/W"
V+J,mouse,TRAV7D-4,TRAJ2,C/F,1.0,2,TRA,"C/C,C/F,C/L,C/W"
V+J,mouse,TRAV2,TRAJ42,C/F,1.0,2,TRA,"C/C,C/F,C/L,C/W"
V+J,mouse,TRAV17,TRAJ33,C/W,1.0,2,TRA,"C/C,C/F,C/L,C/W"
V+J,mouse,TRAV15D-2/DV6D-2,TRAJ42,C/F,1.0,2,TRA,"C/C,C/F,C/L,C/W"
V+J,mouse,TRAV13D-4,TRAJ49,C/F,1.0,2,TRA,"C/C,C/F,C/L,C/W"
V+J,mouse,TRAV8-2,TRAJ35,C/F,1.0,2,TRA,"C/C,C/F,C/L,C/W"
V+J,mouse,TRAV4D-3,TRAJ2,C/F,1.0,2,TRA,"C/C,C/F,C/L,C/W"
V+J,mouse,TRAV8D-2,TRAJ28,C/F,1.0,2,TRA,"C/C,C/F,C/L,C/W"
V+J,mouse,TRAV12D-1,TRAJ52,C/F,1.0,2,TRA,"C/C,C/F,C/L,C/W"
V+J,mouse,TRAV6D-4,TRAJ18,C/F,1.0,2,TRA,"C/C,C/F,C/L,C/W"
V+J,mouse,TRAV9-3,TRAJ9,C/F,1.0,2,TRA,"C/C,C/F,C/L,C/W"
V+J,mouse,TRAV8-2,TRAJ32,C/F,1.0,2,TRA,"C/C,C/F,C/L,C/W"
V+J,mouse,TRAV13D-1,TRAJ28,C/F,1.0,2,TRA,"C/C,C/F,C/L,C/W"
V+J,mouse,TRAV4D-4,TRAJ57,C/F,1.0,2,TRA,"C/C,C/F,C/L,C/W"
V+J,mouse,TRAV14D-3/DV8,TRAJ45,C/F,1.0,2,TRA,"C/C,C/F,C/L,C/W"
V+J,mouse,TRAV15D-1/DV6D-1,TRAJ7,C/L,1.0,2,TRA,"C/C,C/F,C/L,C/W"
V+J,mouse,TRAV9-3,TRAJ2,C/F,1.0,2,TRA,"C/C,C/F,C/L,C/W"
V+J,mouse,TRAV14D-2,TRAJ32,C/F,1.0,2,TRA,"C/C,C/F,C/L,C/W"
V+J,mouse,TRAV6-7/DV9,TRAJ15,C/F,1.0,2,TRA,"C/C,C/F,C/L,C/W"
V+J,mouse,TRAV13D-4,TRAJ18,C/F,1.0,2,TRA,"C/C,C/F,C/L,C/W"
V+J,mouse,TRAV6D-3,TRAJ4,C/F,1.0,2,TRA,"C/C,C/F,C/L,C/W"
V+J,mouse,TRAV17,TRAJ23,C/F,1.0,2,TRA,"C/C,C/F,C/L,C/W"
V+J,mouse,TRAV8N-2,TRAJ42,C/F,1.0,2,TRA,"C/C,C/F,C/L,C/W"
V+J,mouse,TRAV15-1/DV6-1,TRAJ34,C/F,1.0,2,TRA,"C/C,C/F,C/L,C/W"
V+J,mouse,TRAV3-1,TRAJ38,C/W,1.0,2,TRA,"C/C,C/F,C/L,C/W"
V+J,mouse,TRAV13N-4,TRAJ9,C/F,1.0,2,TRA,"C/C,C/F,C/L,C/W"
V+J,mouse,TRAV6-5,TRAJ52,C/F,1.0,2,TRA,"C/C,C/F,C/L,C/W"
V+J,mouse,TRAV8-2,TRAJ27,C/F,1.0,2,TRA,"C/C,C/F,C/L,C/W"
V+J,mouse,TRAV12D-1,TRAJ17,C/F,1.0,2,TRA,"C/C,C/F,C/L,C/W"
V+J,mouse,TRAV15D-1/DV6D-1,TRAJ18,C/F,1.0,2,TRA,"C/C,C/F,C/L,C/W"
V+J,mouse,TRAV7D-2,TRAJ16,C/F,1.0,2,TRA,"C/C,C/F,C/L,C/W"
V+J,mouse,TRAV8D-1,TRAJ7,C/L,1.0,2,TRA,"C/C,C/F,C/L,C/W"
V+J,mouse,TRAV6D-5,TRAJ4,C/F,1.0,2,TRA,"C/C,C/F,C/L,C/W"
V+J,mouse,TRAV15D-1/DV6D-1,TRAJ23,C/F,1.0,2,TRA,"C/C,C/F,C/L,C/W"
V+J,mouse,TRAV9D-4,TRAJ18,C/F,1.0,2,TRA,"C/C,C/F,C/L,C/W"
V+J,mouse,TRAV9D-4,TRAJ9,C/F,1.0,2,TRA,"C/C,C/F,C/L,C/W"
V+J,mouse,TRAV21/DV12,TRAJ35,C/F,1.0,2,TRA,"C/C,C/F,C/L,C/W"
V+J,mouse,TRAV6-2,TRAJ28,C/F,1.0,2,TRA,"C/C,C/F,C/L,C/W"
V+J,mouse,TRAV7-3,TRAJ53,C/F,1.0,2,TRA,"C/C,C/F,C/L,C/W"
V+J,mouse,TRAV13-4/DV7,TRAJ15,C/F,1.0,2,TRA,"C/C,C/F,C/L,C/W"
V+J,mouse,TRAV13N-1,TRAJ6,C/F,1.0,2,TRA,"C/C,C/F,C/L,C/W"
V+J,mouse,TRAV5D-4,TRAJ35,C/F,1.0,2,TRA,"C/C,C/F,C/L,C/W"
V+J,mouse,TRAV8N-2,TRAJ11,C/F,1.0,2,TRA,"C/C,C/F,C/L,C/W"
V+J,mouse,TRAV8D-1,TRAJ35,C/F,1.0,2,TRA,"C/C,C/F,C/L,C/W"
V+J,mouse,TRAV11,TRAJ15,C/F,1.0,2,TRA,"C/C,C/F,C/L,C/W"
V+J,mouse,TRAV4-4/DV10,TRAJ9,C/F,1.0,2,TRA,"C/C,C/F,C/L,C/W"
V+J,mouse,TRAV7D-5,TRAJ5,C/F,1.0,2,TRA,"C/C,C/F,C/L,C/W"
V+J,mouse,TRAV4-4/DV10,TRAJ11,C/F,1.0,2,TRA,"C/C,C/F,C/L,C/W"
V+J,mouse,TRAV7D-6,TRAJ16,C/F,1.0,2,TRA,"C/C,C/F,C/L,C/W"
V+J,mouse,TRAV1,TRAJ42,C/F,1.0,2,TRA,"C/C,C/F,C/L,C/W"
V+J,mouse,TRAV7D-6,TRAJ40,C/F,1.0,2,TRA,"C/C,C/F,C/L,C/W"
V+J,mouse,TRAV13D-3,TRAJ52,C/F,1.0,2,TRA,"C/C,C/F,C/L,C/W"
V+J,mouse,TRAV15-1/DV6-1,TRAJ27,C/F,1.0,2,TRA,"C/C,C/F,C/L,C/W"
V+J,mouse,TRAV11,TRAJ39,C/F,1.0,2,TRA,"C/C,C/F,C/L,C/W"
V+J,mouse,TRAV9D-3,TRAJ52,C/F,1.0,2,TRA,"C/C,C/F,C/L,C/W"
V+J,mouse,TRAV14D-1,TRAJ45,C/F,1.0,2,TRA,"C/C,C/F,C/L,C/W"
V+J,mouse,TRAV5-4,TRAJ13,C/F,1.0,2,TRA,"C/C,C/F,C/L,C/W"
V+J,mouse,TRAV7-1,TRAJ35,C/F,1.0,2,TRA,"C/C,C/F,C/L,C/W"
V+J,mouse,TRAV9D-2,TRAJ15,C/F,1.0,2,TRA,"C/C,C/F,C/L,C/W"
V+J,mouse,TRAV6D-6,TRAJ2,C/F,1.0,2,TRA,"C/C,C/F,C/L,C/W"
V+J,mouse,TRAV6-3,TRAJ52,C/F,1.0,2,TRA,"C/C,C/F,C/L,C/W"
V+J,mouse,TRAV9D-1,TRAJ11,C/F,1.0,2,TRA,"C/C,C/F,C/L,C/W"
V+J,mouse,TRAV10N,TRAJ7,C/L,1.0,2,TRA,"C/C,C/F,C/L,C/W"
V+J,mouse,TRAV6D-5,TRAJ2,C/F,1.0,2,TRA,"C/C,C/F,C/L,C/W"
V+J,mouse,TRAV6D-3,TRAJ18,C/F,1.0,2,TRA,"C/C,C/F,C/L,C/W"
V+J,mouse,TRAV6-2,TRAJ45,C/F,1.0,2,TRA,"C/C,C/F,C/L,C/W"
V+J,mouse,TRAV7D-2,TRAJ35,C/F,1.0,2,TRA,"C/C,C/F,C/L,C/W"
V+J,mouse,TRAV3-4,TRAJ33,C/W,1.0,2,TRA,"C/C,C/F,C/L,C/W"
V+J,mouse,TRAV9D-3,TRAJ24,C/F,1.0,2,TRA,"C/C,C/F,C/L,C/W"
V+J,mouse,TRAV6-5,TRAJ50,C/F,1.0,2,TRA,"C/C,C/F,C/L,C/W"
V+J,mouse,TRAV6D-7,TRAJ58,C/F,1.0,2,TRA,"C/C,C/F,C/L,C/W"
V+J,mouse,TRAV9D-4,TRAJ42,C/F,1.0,2,TRA,"C/C,C/F,C/L,C/W"
V+J,mouse,TRAV6-3,TRAJ50,C/F,1.0,2,TRA,"C/C,C/F,C/L,C/W"
V+J,mouse,TRAV15D-2/DV6D-2,TRAJ33,C/W,1.0,2,TRA,"C/C,C/F,C/L,C/W"
V+J,mouse,TRAV16D/DV11,TRAJ28,C/F,1.0,2,TRA,"C/C,C/F,C/L,C/W"
V+J,mouse,TRAV15D-2/DV6D-2,TRAJ56,C/F,1.0,2,TRA,"C/C,C/F,C/L,C/W"
V+J,mouse,TRAV6-4,TRAJ4,C/F,1.0,2,TRA,"C/C,C/F,C/L,C/W"
V+J,mouse,TRAV13D-4,TRAJ2,C/F,1.0,2,TRA,"C/C,C/F,C/L,C/W"
V+J,mouse,TRAV7D-3,TRAJ38,C/W,1.0,2,TRA,"C/C,C/F,C/L,C/W"
V+J,mouse,TRAV12D-2,TRAJ50,C/F,1.0,2,TRA,"C/C,C/F,C/L,C/W"
V+J,mouse,TRAV7D-6,TRAJ53,C/F,1.0,2,TRA,"C/C,C/F,C/L,C/W"
V+J,mouse,TRAV6-1,TRAJ45,C/F,1.0,2,TRA,"C/C,C/F,C/L,C/W"
V+J,mouse,TRAV9D-1,TRAJ58,C/F,1.0,2,TRA,"C/C,C/F,C/L,C/W"
V+J,mouse,TRAV3-4,TRAJ39,C/F,1.0,2,TRA,"C/C,C/F,C/L,C/W"
V+J,mouse,TRAV13D-4,TRAJ13,C/F,1.0,2,TRA,"C/C,C/F,C/L,C/W"
V+J,mouse,TRAV3-4,TRAJ22,C/F,1.0,2,TRA,"C/C,C/F,C/L,C/W"
V+J,mouse,TRAV12D-1,TRAJ7,C/L,1.0,2,TRA,"C/C,C/F,C/L,C/W"
V+J,mouse,TRAV4D-4,TRAJ50,C/F,1.0,2,TRA,"C/C,C/F,C/L,C/W"
V+J,mouse,TRAV12D-1,TRAJ30,C/F,1.0,2,TRA,"C/C,C/F,C/L,C/W"
V+J,mouse,TRAV13-5,TRAJ56,C/F,1.0,2,TRA,"C/C,C/F,C/L,C/W"
V+J,mouse,TRAV9-4,TRAJ5,C/F,1.0,2,TRA,"C/C,C/F,C/L,C/W"
V+J,mouse,TRAV9D-1,TRAJ23,C/F,1.0,2,TRA,"C/C,C/F,C/L,C/W"
V+J,mouse,TRAV15D-2/DV6D-2,TRAJ6,C/F,1.0,2,TRA,"C/C,C/F,C/L,C/W"
V+J,mouse,TRAV13-5,TRAJ52,C/F,1.0,2,TRA,"C/C,C/F,C/L,C/W"
V+J,mouse,TRAV14D-2,TRAJ6,C/F,1.0,2,TRA,"C/C,C/F,C/L,C/W"
V+J,mouse,TRAV7N-4,TRAJ6,C/F,1.0,2,TRA,"C/C,C/F,C/L,C/W"
V+J,mouse,TRAV4D-3,TRAJ43,C/F,1.0,2,TRA,"C/C,C/F,C/L,C/W"
V+J,mouse,TRAV7N-4,TRAJ7,C/L,1.0,2,TRA,"C/C,C/F,C/L,C/W"
V+J,mouse,TRAV7N-4,TRAJ44,C/L,1.0,2,TRA,"C/C,C/F,C/L,C/W"
V+J,mouse,TRAV6-1,TRAJ38,C/W,1.0,2,TRA,"C/C,C/F,C/L,C/W"
V+J,mouse,TRAV12D-1,TRAJ50,C/F,1.0,2,TRA,"C/C,C/F,C/L,C/W"
V+J,mouse,TRAV4-4/DV10,TRAJ17,C/F,1.0,2,TRA,"C/C,C/F,C/L,C/W"
V+J,mouse,TRAV15D-1/DV6D-1,TRAJ9,C/F,1.0,2,TRA,"C/C,C/F,C/L,C/W"
V+J,mouse,TRAV7D-4,TRAJ39,C/F,1.0,2,TRA,"C/C,C/F,C/L,C/W"
V+J,mouse,TRAV8-2,TRAJ31,C/F,1.0,2,TRA,"C/C,C/F,C/L,C/W"
V+J,mouse,TRAV6D-5,TRAJ27,C/F,1.0,2,TRA,"C/C,C/F,C/L,C/W"
V+J,mouse,TRAV14D-2,TRAJ58,C/F,1.0,2,TRA,"C/C,C/F,C/L,C/W"
V+J,mouse,TRAV3-4,TRAJ15,C/F,1.0,2,TRA,"C/C,C/F,C/L,C/W"
V+J,mouse,TRAV8-2,TRAJ37,C/F,1.0,2,TRA,"C/C,C/F,C/L,C/W"
V+J,mouse,TRAV12D-1,TRAJ16,C/F,1.0,2,TRA,"C/C,C/F,C/L,C/W"
V+J,mouse,TRAV6-2,TRAJ23,C/F,1.0,2,TRA,"C/C,C/F,C/L,C/W"
V+J,mouse,TRAV1,TRAJ40,C/F,1.0,2,TRA,"C/C,C/F,C/L,C/W"
V+J,mouse,TRAV13D-4,TRAJ30,C/F,1.0,2,TRA,"C/C,C/F,C/L,C/W"
V+J,mouse,TRAV9D-4,TRAJ2,C/F,1.0,2,TRA,"C/C,C/F,C/L,C/W"
V+J,mouse,TRAV7D-5,TRAJ28,C/F,1.0,2,TRA,"C/C,C/F,C/L,C/W"
V+J,mouse,TRAV2,TRAJ2,C/F,1.0,2,TRA,"C/C,C/F,C/L,C/W"
V+J,mouse,TRAV9-3,TRAJ53,C/F,1.0,2,TRA,"C/C,C/F,C/L,C/W"
V+J,mouse,TRAV5-4,TRAJ17,C/F,1.0,2,TRA,"C/C,C/F,C/L,C/W"
V+J,mouse,TRAV15D-2/DV6D-2,TRAJ26,C/F,1.0,2,TRA,"C/C,C/F,C/L,C/W"
V+J,mouse,TRAV13N-1,TRAJ38,C/W,1.0,2,TRA,"C/C,C/F,C/L,C/W"
V+J,mouse,TRAV8D-1,TRAJ4,C/F,1.0,2,TRA,"C/C,C/F,C/L,C/W"
V+J,mouse,TRAV13D-2,TRAJ2,C/F,1.0,2,TRA,"C/C,C/F,C/L,C/W"
V+J,mouse,TRAV6-2,TRAJ17,C/F,1.0,2,TRA,"C/C,C/F,C/L,C/W"
V+J,mouse,TRAV14D-3/DV8,TRAJ38,C/W,1.0,2,TRA,"C/C,C/F,C/L,C/W"
V+J,mouse,TRAV14D-2,TRAJ9,C/F,1.0,2,TRA,"C/C,C/F,C/L,C/W"
V+J,mouse,TRAV4-2,TRAJ4,C/F,1.0,2,TRA,"C/C,C/F,C/L,C/W"
V+J,mouse,TRAV9D-4,TRAJ31,C/F,1.0,2,TRA,"C/C,C/F,C/L,C/W"
V+J,mouse,TRAV12-3,TRAJ16,C/F,1.0,2,TRA,"C/C,C/F,C/L,C/W"
V+J,mouse,TRAV3-4,TRAJ42,C/F,1.0,2,TRA,"C/C,C/F,C/L,C/W"
V+J,mouse,TRAV7D-2,TRAJ49,C/F,1.0,2,TRA,"C/C,C/F,C/L,C/W"
V+J,mouse,TRAV12D-1,TRAJ31,C/F,1.0,2,TRA,"C/C,C/F,C/L,C/W"
V+J,mouse,TRAV12D-3,TRAJ44,C/L,1.0,2,TRA,"C/C,C/F,C/L,C/W"
V+J,mouse,TRAV16N,TRAJ50,C/F,1.0,2,TRA,"C/C,C/F,C/L,C/W"
V+J,mouse,TRAV13D-4,TRAJ26,C/F,1.0,2,TRA,"C/C,C/F,C/L,C/W"
V+J,mouse,TRAV9D-1,TRAJ6,C/F,1.0,2,TRA,"C/C,C/F,C/L,C/W"
V+J,mouse,TRAV6-3,TRAJ11,C/F,1.0,2,TRA,"C/C,C/F,C/L,C/W"
V+J,mouse,TRAV6-5,TRAJ6,C/F,1.0,2,TRA,"C/C,C/F,C/L,C/W"
V+J,mouse,TRAV19,TRAJ38,C/W,1.0,2,TRA,"C/C,C/F,C/L,C/W"
V+J,mouse,TRAV13-2,TRAJ56,C/F,1.0,2,TRA,"C/C,C/F,C/L,C/W"
V+J,mouse,TRAV6-5,TRAJ7,C/L,1.0,2,TRA,"C/C,C/F,C/L,C/W"
V+J,mouse,TRAV6-1,TRAJ16,C/F,1.0,2,TRA,"C/C,C/F,C/L,C/W"
V+J,mouse,TRAV7N-4,TRAJ4,C/F,1.0,2,TRA,"C/C,C/F,C/L,C/W"
V+J,mouse,TRAV7-6,TRAJ28,C/F,1.0,2,TRA,"C/C,C/F,C/L,C/W"
V+J,mouse,TRAV4-2,TRAJ6,C/F,1.0,2,TRA,"C/C,C/F,C/L,C/W"
V+J,mouse,TRAV13D-3,TRAJ43,C/F,1.0,2,TRA,"C/C,C/F,C/L,C/W"
V+J,mouse,TRAV13D-1,TRAJ7,C/L,1.0,2,TRA,"C/C,C/F,C/L,C/W"
V+J,mouse,TRAV10,TRAJ18,C/F,1.0,2,TRA,"C/C,C/F,C/L,C/W"
V+J,mouse,TRAV9N-4,TRAJ4,C/F,1.0,2,TRA,"C/C,C/F,C/L,C/W"
V+J,mouse,TRAV13N-3,TRAJ49,C/F,1.0,2,TRA,"C/C,C/F,C/L,C/W"
V+J,mouse,TRAV13N-1,TRAJ50,C/F,1.0,2,TRA,"C/C,C/F,C/L,C/W"
V+J,mouse,TRAV15D-2/DV6D-2,TRAJ30,C/F,1.0,2,TRA,"C/C,C/F,C/L,C/W"
V+J,mouse,TRAV7-1,TRAJ50,C/F,1.0,2,TRA,"C/C,C/F,C/L,C/W"
V+J,mouse,TRAV12D-3,TRAJ49,C/F,1.0,2,TRA,"C/C,C/F,C/L,C/W"
V+J,mouse,TRAV12-1,TRAJ18,C/F,1.0,2,TRA,"C/C,C/F,C/L,C/W"
V+J,mouse,TRAV7D-5,TRAJ48,C/F,1.0,2,TRA,"C/C,C/F,C/L,C/W"
V+J,mouse,TRAV15-1/DV6-1,TRAJ56,C/F,1.0,2,TRA,"C/C,C/F,C/L,C/W"
V+J,mouse,TRAV12-1,TRAJ2,C/F,1.0,2,TRA,"C/C,C/F,C/L,C/W"
V+J,mouse,TRAV7N-4,TRAJ35,C/F,1.0,2,TRA,"C/C,C/F,C/L,C/W"
V+J,mouse,TRAV7D-4,TRAJ6,C/F,1.0,2,TRA,"C/C,C/F,C/L,C/W"
V+J,mouse,TRAV7D-4,TRAJ5,C/F,1.0,2,TRA,"C/C,C/F,C/L,C/W"
V+J,mouse,TRAV6N-6,TRAJ49,C/F,1.0,2,TRA,"C/C,C/F,C/L,C/W"
V+J,mouse,TRAV6-5,TRAJ4,C/F,1.0,2,TRA,"C/C,C/F,C/L,C/W"
V+J,mouse,TRAV6-5,TRAJ44,C/L,1.0,2,TRA,"C/C,C/F,C/L,C/W"
V+J,mouse,TRAV7D-5,TRAJ31,C/F,1.0,2,TRA,"C/C,C/F,C/L,C/W"
V+J,mouse,TRAV13D-4,TRAJ23,C/F,1.0,2,TRA,"C/C,C/F,C/L,C/W"
V+J,mouse,TRAV3-3,TRAJ6,C/F,1.0,2,TRA,"C/C,C/F,C/L,C/W"
V+J,mouse,TRAV6D-3,TRAJ35,C/F,1.0,2,TRA,"C/C,C/F,C/L,C/W"
V+J,mouse,TRAV6-3,TRAJ2,C/F,1.0,2,TRA,"C/C,C/F,C/L,C/W"
V+J,mouse,TRAV13-4/DV7,TRAJ32,C/F,1.0,2,TRA,"C/C,C/F,C/L,C/W"
V+J,mouse,TRAV7N-4,TRAJ34,C/F,1.0,2,TRA,"C/C,C/F,C/L,C/W"
V+J,mouse,TRAV6-7/DV9,TRAJ13,C/F,1.0,2,TRA,"C/C,C/F,C/L,C/W"
V+J,mouse,TRAV6D-7,TRAJ2,C/F,1.0,2,TRA,"C/C,C/F,C/L,C/W"
V+J,mouse,TRAV9D-2,TRAJ40,C/F,1.0,2,TRA,"C/C,C/F,C/L,C/W"
V+J,mouse,TRAV16N,TRAJ58,C/F,1.0,2,TRA,"C/C,C/F,C/L,C/W"
V+J,mouse,TRAV7D-5,TRAJ45,C/F,1.0,2,TRA,"C/C,C/F,C/L,C/W"
V+J,mouse,TRAV13N-1,TRAJ53,C/F,1.0,2,TRA,"C/C,C/F,C/L,C/W"
V+J,mouse,TRAV6-1,TRAJ2,C/F,1.0,2,TRA,"C/C,C/F,C/L,C/W"
V+J,mouse,TRAV7-1,TRAJ49,C/F,1.0,2,TRA,"C/C,C/F,C/L,C/W"
V+J,mouse,TRAV4-4/DV10,TRAJ6,C/F,1.0,2,TRA,"C/C,C/F,C/L,C/W"
V+J,mouse,TRAV6D-5,TRAJ45,C/F,1.0,2,TRA,"C/C,C/F,C/L,C/W"
V+J,mouse,TRAV6D-3,TRAJ11,C/F,1.0,2,TRA,"C/C,C/F,C/L,C/W"
V+J,mouse,TRAV8N-2,TRAJ57,C/F,1.0,2,TRA,"C/C,C/F,C/L,C/W"
V+J,mouse,TRAV4D-4,TRAJ48,C/F,1.0,2,TRA,"C/C,C/F,C/L,C/W"
V+J,mouse,TRAV7D-4,TRAJ44,C/L,1.0,2,TRA,"C/C,C/F,C/L,C/W"
V+J,mouse,TRAV14D-3/DV8,TRAJ56,C/F,1.0,2,TRA,"C/C,C/F,C/L,C/W"
V+J,mouse,TRAV3-4,TRAJ26,C/F,1.0,2,TRA,"C/C,C/F,C/L,C/W"
V+J,mouse,TRAV13D-1,TRAJ37,C/F,1.0,2,TRA,"C/C,C/F,C/L,C/W"
V+J,mouse,TRAV13-4/DV7,TRAJ31,C/F,1.0,2,TRA,"C/C,C/F,C/L,C/W"
V+J,mouse,TRAV9D-4,TRAJ4,C/F,1.0,2,TRA,"C/C,C/F,C/L,C/W"
V+J,mouse,TRAV11,TRAJ50,C/F,1.0,2,TRA,"C/C,C/F,C/L,C/W"
V+J,mouse,TRAV3-3,TRAJ28,C/F,1.0,2,TRA,"C/C,C/F,C/L,C/W"
V+J,mouse,TRAV9D-1,TRAJ45,C/F,1.0,2,TRA,"C/C,C/F,C/L,C/W"
V+J,mouse,TRAV7-4,TRAJ2,C/F,1.0,2,TRA,"C/C,C/F,C/L,C/W"
V+J,mouse,TRAV7D-6,TRAJ11,C/F,1.0,2,TRA,"C/C,C/F,C/L,C/W"
V+J,mouse,TRAV12-2,TRAJ11,C/F,1.0,2,TRA,"C/C,C/F,C/L,C/W"
V+J,mouse,TRAV9-3,TRAJ6,C/F,1.0,2,TRA,"C/C,C/F,C/L,C/W"
V+J,mouse,TRAV7-5,TRAJ4,C/F,1.0,2,TRA,"C/C,C/F,C/L,C/W"
V+J,mouse,TRAV6D-5,TRAJ52,C/F,1.0,2,TRA,"C/C,C/F,C/L,C/W"
V+J,mouse,TRAV17,TRAJ17,C/F,1.0,2,TRA,"C/C,C/F,C/L,C/W"
V+J,mouse,TRAV13D-4,TRAJ12,C/F,1.0,2,TRA,"C/C,C/F,C/L,C/W"
V+J,mouse,TRAV14-3,TRAJ5,C/F,1.0,2,TRA,"C/C,C/F,C/L,C/W"
V+J,mouse,TRAV14D-3/DV8,TRAJ28,C/F,1.0,2,TRA,"C/C,C/F,C/L,C/W"
V+J,mouse,TRAV7N-4,TRAJ2,C/F,1.0,2,TRA,"C/C,C/F,C/L,C/W"
V+J,mouse,TRAV7-2,TRAJ2,C/F,1.0,2,TRA,"C/C,C/F,C/L,C/W"
V+J,mouse,TRAV13D-4,TRAJ27,C/F,1.0,2,TRA,"C/C,C/F,C/L,C/W"
V+J,mouse,TRAV7-2,TRAJ53,C/F,1.0,2,TRA,"C/C,C/F,C/L,C/W"
V+J,mouse,TRAV11,TRAJ56,C/F,1.0,2,TRA,"C/C,C/F,C/L,C/W"
V+J,mouse,TRAV10,TRAJ2,C/F,1.0,2,TRA,"C/C,C/F,C/L,C/W"
V+J,mouse,TRAV10N,TRAJ30,C/F,1.0,2,TRA,"C/C,C/F,C/L,C/W"
V+J,mouse,TRAV14D-2,TRAJ15,C/F,1.0,2,TRA,"C/C,C/F,C/L,C/W"
V+J,mouse,TRAV17,TRAJ9,C/F,1.0,2,TRA,"C/C,C/F,C/L,C/W"
V+J,mouse,TRAV6-1,TRAJ35,C/F,1.0,2,TRA,"C/C,C/F,C/L,C/W"
V+J,mouse,TRAV7D-3,TRAJ56,C/F,1.0,2,TRA,"C/C,C/F,C/L,C/W"
V+J,mouse,TRAV8-2,TRAJ33,C/W,1.0,2,TRA,"C/C,C/F,C/L,C/W"
V+J,mouse,TRAV13D-1,TRAJ38,C/W,1.0,2,TRA,"C/C,C/F,C/L,C/W"
V+J,mouse,TRAV15-1/DV6-1,TRAJ31,C/F,1.0,2,TRA,"C/C,C/F,C/L,C/W"
V+J,mouse,TRAV8N-2,TRAJ32,C/F,1.0,2,TRA,"C/C,C/F,C/L,C/W"
V+J,mouse,TRAV12D-1,TRAJ35,C/F,1.0,2,TRA,"C/C,C/F,C/L,C/W"
V+J,mouse,TRAV12D-1,TRAJ42,C/F,1.0,2,TRA,"C/C,C/F,C/L,C/W"
V+J,mouse,TRAV13-4/DV7,TRAJ17,C/F,1.0,2,TRA,"C/C,C/F,C/L,C/W"
V+J,mouse,TRAV7N-4,TRAJ11,C/F,1.0,2,TRA,"C/C,C/F,C/L,C/W"
V+J,mouse,TRAV12-3,TRAJ28,C/F,1.0,2,TRA,"C/C,C/F,C/L,C/W"
V+J,mouse,TRAV14D-2,TRAJ45,C/F,1.0,2,TRA,"C/C,C/F,C/L,C/W"
V+J,mouse,TRAV4D-4,TRAJ53,C/F,1.0,2,TRA,"C/C,C/F,C/L,C/W"
V+J,mouse,TRAV7D-2,TRAJ38,C/W,1.0,2,TRA,"C/C,C/F,C/L,C/W"
V+J,human,TRAV41,TRAJ3,C/F,1.0,2,TRA,"C/C,C/F,C/L,C/W"
V+J,human,TRAV20,TRAJ25,C/F,1.0,2,TRA,"C/C,C/F,C/L,C/W"
V+J,human,TRAV8-4,TRAJ25,C/F,1.0,2,TRA,"C/C,C/F,C/L,C/W"
V+J,human,TRAV9-1,TRAJ10,C/F,1.0,2,TRA,"C/C,C/F,C/L,C/W"
V+J,human,TRAV9-1,TRAJ18,C/F,1.0,2,TRA,"C/C,C/F,C/L,C/W"
V+J,human,TRAV36/DV7,TRAJ61,C/F,1.0,2,TRA,"C/C,C/F,C/L,C/W"
V+J,human,TRAV2,TRAJ57,C/F,1.0,2,TRA,"C/C,C/F,C/L,C/W"
V+J,human,TRAV9-1,TRAJ17,C/F,1.0,2,TRA,"C/C,C/F,C/L,C/W"
V+J,human,TRAV9-1,TRAJ4,C/F,1.0,2,TRA,"C/C,C/F,C/L,C/W"
V+J,human,TRAV9-1,TRAJ26,C/F,1.0,2,TRA,"C/C,C/F,C/L,C/W"
V+J,human,TRAV9-1,TRAJ16,C/F,1.0,2,TRA,"C/C,C/F,C/L,C/W"
V+J,human,TRAV1-1,TRAJ50,C/F,1.0,2,TRA,"C/C,C/F,C/L,C/W"
V+J,human,TRAV1-2,TRAJ54,C/F,1.0,2,TRA,"C/C,C/F,C/L,C/W"
V+J,human,TRAV2,TRAJ56,C/F,1.0,2,TRA,"C/C,C/F,C/L,C/W"
V+J,human,TRAV9-1,TRAJ22,C/F,1.0,2,TRA,"C/C,C/F,C/L,C/W"
V+J,human,TRAV24,TRAJ25,C/F,1.0,2,TRA,"C/C,C/F,C/L,C/W"
V+J,human,TRAV7,TRAJ45,C/F,1.0,2,TRA,"C/C,C/F,C/L,C/W"
V+J,human,TRAV18,TRAJ27,C/F,1.0,2,TRA,"C/C,C/F,C/L,C/W"
V+J,human,TRAV8-4,TRAJ14,C/F,1.0,2,TRA,"C/C,C/F,C/L,C/W"
V+J,human,TRAV40,TRAJ12,C/F,1.0,2,TRA,"C/C,C/F,C/L,C/W"
V+J,human,TRAV9-1,TRAJ7,C/F,1.0,2,TRA,"C/C,C/F,C/L,C/W"
V+J,human,TRAV23/DV6,TRAJ14,C/F,1.0,2,TRA,"C/C,C/F,C/L,C/W"
V+J,human,TRAV9-1,TRAJ27,C/F,1.0,2,TRA,"C/C,C/F,C/L,C/W"
V+J,human,TRAV1-2,TRAJ25,C/F,1.0,2,TRA,"C/C,C/F,C/L,C/W"
V+J,human,TRAV7,TRAJ30,C/F,1.0,2,TRA,"C/C,C/F,C/L,C/W"
V+J,human,TRAV4,TRAJ14,C/F,1.0,2,TRA,"C/C,C/F,C/L,C/W"
V+J,human,TRAV9-1,TRAJ20,C/F,1.0,2,TRA,"C/C,C/F,C/L,C/W"
V+J,human,TRAV7,TRAJ37,C/F,1.0,2,TRA,"C/C,C/F,C/L,C/W"
V+J,human,TRAV9-1,TRAJ34,C/F,1.0,2,TRA,"C/C,C/F,C/L,C/W"
V+J,human,TRAV30,TRAJ25,C/F,1.0,2,TRA,"C/C,C/F,C/L,C/W"
V+J,human,TRAV9-1,TRAJ21,C/F,1.0,2,TRA,"C/C,C/F,C/L,C/W"
V+J,mouse,TRAV14N-3,TRAJ22,C/F,1.0,2,TRA,"C/C,C/F,C/L,C/W"
V+J,mouse,TRAV7D-2,TRAJ44,C/L,1.0,2,TRA,"C/C,C/F,C/L,C/W"
V+J,mouse,TRAV6-1,TRAJ52,C/F,1.0,2,TRA,"C/C,C/F,C/L,C/W"
V+J,mouse,TRAV4N-3,TRAJ13,C/F,1.0,2,TRA,"C/C,C/F,C/L,C/W"
V+J,mouse,TRAV14N-3,TRAJ9,C/F,1.0,2,TRA,"C/C,C/F,C/L,C/W"
V+J,mouse,TRAV14N-1,TRAJ43,C/F,1.0,2,TRA,"C/C,C/F,C/L,C/W"
V+J,mouse,TRAV5N-4,TRAJ39,C/F,1.0,2,TRA,"C/C,C/F,C/L,C/W"
V+J,mouse,TRAV7D-4,TRAJ24,C/F,1.0,2,TRA,"C/C,C/F,C/L,C/W"
V+J,mouse,TRAV5N-4,TRAJ2,C/F,1.0,2,TRA,"C/C,C/F,C/L,C/W"
V+J,mouse,TRAV14N-2,TRAJ9,C/F,1.0,2,TRA,"C/C,C/F,C/L,C/W"
V+J,mouse,TRAV3-1,TRAJ43,C/F,1.0,2,TRA,"C/C,C/F,C/L,C/W"
V+J,mouse,TRAV13N-2,TRAJ21,C/F,1.0,2,TRA,"C/C,C/F,C/L,C/W"
V+J,mouse,TRAV13N-2,TRAJ23,C/F,1.0,2,TRA,"C/C,C/F,C/L,C/W"
V+J,mouse,TRAV6N-7,TRAJ11,C/F,1.0,2,TRA,"C/C,C/F,C/L,C/W"
V+J,mouse,TRAV12N-3,TRAJ32,C/F,1.0,2,TRA,"C/C,C/F,C/L,C/W"
V+J,mouse,TRAV6N-5,TRAJ42,C/F,1.0,2,TRA,"C/C,C/F,C/L,C/W"
V+J,mouse,TRAV6N-5,TRAJ17,C/F,1.0,2,TRA,"C/C,C/F,C/L,C/W"
V+J,mouse,TRAV6D-6,TRAJ34,C/F,1.0,2,TRA,"C/C,C/F,C/L,C/W"
V+J,mouse,TRAV9N-4,TRAJ24,C/F,1.0,2,TRA,"C/C,C/F,C/L,C/W"
V+J,mouse,TRAV12N-3,TRAJ58,C/F,1.0,2,TRA,"C/C,C/F,C/L,C/W"
V+J,mouse,TRAV12N-3,TRAJ18,C/F,1.0,2,TRA,"C/C,C/F,C/L,C/W"
V+J,mouse,TRAV12N-3,TRAJ33,C/W,1.0,2,TRA,"C/C,C/F,C/L,C/W"
V+J,mouse,TRAV12-1,TRAJ24,C/F,1.0,2,TRA,"C/C,C/F,C/L,C/W"
V+J,mouse,TRAV12N-3,TRAJ53,C/F,1.0,2,TRA,"C/C,C/F,C/L,C/W"
V+J,mouse,TRAV12N-3,TRAJ9,C/F,1.0,2,TRA,"C/C,C/F,C/L,C/W"
V+J,mouse,TRAV12D-1,TRAJ40,C/F,1.0,2,TRA,"C/C,C/F,C/L,C/W"
V+J,mouse,TRAV15-1/DV6-1,TRAJ23,C/F,1.0,2,TRA,"C/C,C/F,C/L,C/W"
V+J,mouse,TRAV13D-1,TRAJ53,C/F,1.0,2,TRA,"C/C,C/F,C/L,C/W"
V+J,mouse,TRAV6D-3,TRAJ27,C/F,1.0,2,TRA,"C/C,C/F,C/L,C/W"
V+J,mouse,TRAV9N-3,TRAJ22,C/F,1.0,2,TRA,"C/C,C/F,C/L,C/W"
V+J,mouse,TRAV9N-3,TRAJ37,C/F,1.0,2,TRA,"C/C,C/F,C/L,C/W"
V+J,mouse,TRAV9N-3,TRAJ12,C/F,1.0,2,TRA,"C/C,C/F,C/L,C/W"
V+J,mouse,TRAV9N-3,TRAJ17,C/F,1.0,2,TRA,"C/C,C/F,C/L,C/W"
V+J,mouse,TRAV9N-3,TRAJ9,C/F,1.0,2,TRA,"C/C,C/F,C/L,C/W"
V+J,mouse,TRAV7N-5,TRAJ30,C/F,1.0,2,TRA,"C/C,C/F,C/L,C/W"
V+J,mouse,TRAV9N-3,TRAJ23,C/F,1.0,2,TRA,"C/C,C/F,C/L,C/W"
V+J,mouse,TRAV7N-5,TRAJ15,C/F,1.0,2,TRA,"C/C,C/F,C/L,C/W"
V+J,mouse,TRAV3N-3,TRAJ27,C/F,1.0,2,TRA,"C/C,C/F,C/L,C/W"
V+J,mouse,TRAV9N-3,TRAJ58,C/F,1.0,2,TRA,"C/C,C/F,C/L,C/W"
V+J,mouse,TRAV3-1,TRAJ24,C/F,1.0,2,TRA,"C/C,C/F,C/L,C/W"
V+J,mouse,TRAV9N-3,TRAJ56,C/F,1.0,2,TRA,"C/C,C/F,C/L,C/W"
V+J,mouse,TRAV9N-3,TRAJ11,C/F,1.0,2,TRA,"C/C,C/F,C/L,C/W"
V+J,mouse,TRAV9N-3,TRAJ33,C/W,1.0,2,TRA,"C/C,C/F,C/L,C/W"
V+J,mouse,TRAV3-1,TRAJ56,C/F,1.0,2,TRA,"C/C,C/F,C/L,C/W"
V+J,mouse,TRAV7N-5,TRAJ21,C/F,1.0,2,TRA,"C/C,C/F,C/L,C/W"
V+J,mouse,TRAV3N-3,TRAJ22,C/F,1.0,2,TRA,"C/C,C/F,C/L,C/W"
V+J,mouse,TRAV9N-3,TRAJ45,C/F,1.0,2,TRA,"C/C,C/F,C/L,C/W"
V+J,mouse,TRAV9N-2,TRAJ49,C/F,1.0,2,TRA,"C/C,C/F,C/L,C/W"
V+J,mouse,TRAV6-1,TRAJ32,C/F,1.0,2,TRA,"C/C,C/F,C/L,C/W"
V+J,mouse,TRAV9N-2,TRAJ21,C/F,1.0,2,TRA,"C/C,C/F,C/L,C/W"
V+J,mouse,TRAV9N-2,TRAJ23,C/F,1.0,2,TRA,"C/C,C/F,C/L,C/W"
V+J,mouse,TRAV9N-2,TRAJ45,C/F,1.0,2,TRA,"C/C,C/F,C/L,C/W"
V+J,mouse,TRAV11,TRAJ32,C/F,1.0,2,TRA,"C/C,C/F,C/L,C/W"
V+J,mouse,TRAV7N-5,TRAJ33,C/W,1.0,2,TRA,"C/C,C/F,C/L,C/W"
V+J,mouse,TRAV14N-1,TRAJ42,C/F,1.0,2,TRA,"C/C,C/F,C/L,C/W"
V+J,mouse,TRAV14N-1,TRAJ56,C/F,1.0,2,TRA,"C/C,C/F,C/L,C/W"
V+J,mouse,TRAV12N-2,TRAJ38,C/W,1.0,2,TRA,"C/C,C/F,C/L,C/W"
V+J,mouse,TRAV10N,TRAJ45,C/F,1.0,2,TRA,"C/C,C/F,C/L,C/W"
V+J,mouse,TRAV6N-7,TRAJ2,C/F,1.0,2,TRA,"C/C,C/F,C/L,C/W"
V+J,mouse,TRAV5N-4,TRAJ23,C/F,1.0,2,TRA,"C/C,C/F,C/L,C/W"
V+J,mouse,TRAV13N-2,TRAJ42,C/F,1.0,2,TRA,"C/C,C/F,C/L,C/W"
V+J,mouse,TRAV8D-2,TRAJ35,C/F,1.0,2,TRA,"C/C,C/F,C/L,C/W"
V+J,mouse,TRAV13-2,TRAJ35,C/F,1.0,2,TRA,"C/C,C/F,C/L,C/W"
V+J,mouse,TRAV13N-2,TRAJ27,C/F,1.0,2,TRA,"C/C,C/F,C/L,C/W"
V+J,mouse,TRAV14N-3,TRAJ27,C/F,1.0,2,TRA,"C/C,C/F,C/L,C/W"
V+J,mouse,TRAV7N-5,TRAJ40,C/F,1.0,2,TRA,"C/C,C/F,C/L,C/W"
V+J,mouse,TRAV7N-5,TRAJ9,C/F,1.0,2,TRA,"C/C,C/F,C/L,C/W"
V+J,mouse,TRAV14N-3,TRAJ38,C/W,1.0,2,TRA,"C/C,C/F,C/L,C/W"
V+J,mouse,TRAV14N-3,TRAJ26,C/F,1.0,2,TRA,"C/C,C/F,C/L,C/W"
V+J,mouse,TRAV14N-1,TRAJ39,C/F,1.0,2,TRA,"C/C,C/F,C/L,C/W"
V+J,mouse,TRAV12N-2,TRAJ44,C/L,1.0,2,TRA,"C/C,C/F,C/L,C/W"
V+J,mouse,TRAV14N-1,TRAJ50,C/F,1.0,2,TRA,"C/C,C/F,C/L,C/W"
V+J,mouse,TRAV14N-1,TRAJ7,C/L,1.0,2,TRA,"C/C,C/F,C/L,C/W"
V+J,mouse,TRAV7N-5,TRAJ48,C/F,1.0,2,TRA,"C/C,C/F,C/L,C/W"
V+J,mouse,TRAV8N-2,TRAJ48,C/F,1.0,2,TRA,"C/C,C/F,C/L,C/W"
V+J,mouse,TRAV6N-7,TRAJ7,C/L,1.0,2,TRA,"C/C,C/F,C/L,C/W"
V+J,mouse,TRAV4N-4,TRAJ21,C/F,1.0,2,TRA,"C/C,C/F,C/L,C/W"
V+J,mouse,TRAV4N-4,TRAJ17,C/F,1.0,2,TRA,"C/C,C/F,C/L,C/W"
V+J,mouse,TRAV14N-2,TRAJ7,C/L,1.0,2,TRA,"C/C,C/F,C/L,C/W"
V+J,mouse,TRAV14N-1,TRAJ24,C/F,1.0,2,TRA,"C/C,C/F,C/L,C/W"
V+J,mouse,TRAV7N-4,TRAJ52,C/F,1.0,2,TRA,"C/C,C/F,C/L,C/W"
V+J,mouse,TRAV7N-5,TRAJ32,C/F,1.0,2,TRA,"C/C,C/F,C/L,C/W"
V+J,mouse,TRAV14N-2,TRAJ40,C/F,1.0,2,TRA,"C/C,C/F,C/L,C/W"
V+J,mouse,TRAV12N-1,TRAJ32,C/F,1.0,2,TRA,"C/C,C/F,C/L,C/W"
V+J,mouse,TRAV7N-5,TRAJ16,C/F,1.0,2,TRA,"C/C,C/F,C/L,C/W"
V+J,mouse,TRAV14N-1,TRAJ15,C/F,1.0,2,TRA,"C/C,C/F,C/L,C/W"
V+J,mouse,TRAV14N-2,TRAJ30,C/F,1.0,2,TRA,"C/C,C/F,C/L,C/W"
V+J,mouse,TRAV12N-2,TRAJ26,C/F,1.0,2,TRA,"C/C,C/F,C/L,C/W"
V+J,mouse,TRAV4N-4,TRAJ44,C/L,1.0,2,TRA,"C/C,C/F,C/L,C/W"
V+J,mouse,TRAV6N-7,TRAJ56,C/F,1.0,2,TRA,"C/C,C/F,C/L,C/W"
V+J,mouse,TRAV7D-3,TRAJ44,C/L,1.0,2,TRA,"C/C,C/F,C/L,C/W"
V+J,mouse,TRAV14N-2,TRAJ42,C/F,1.0,2,TRA,"C/C,C/F,C/L,C/W"
V+J,mouse,TRAV12N-1,TRAJ18,C/F,1.0,2,TRA,"C/C,C/F,C/L,C/W"
V+J,mouse,TRAV8D-2,TRAJ58,C/F,1.0,2,TRA,"C/C,C/F,C/L,C/W"
V+J,mouse,TRAV14N-3,TRAJ45,C/F,1.0,2,TRA,"C/C,C/F,C/L,C/W"
V+J,mouse,TRAV5N-4,TRAJ6,C/F,1.0,2,TRA,"C/C,C/F,C/L,C/W"
V+J,mouse,TRAV14N-2,TRAJ58,C/F,1.0,2,TRA,"C/C,C/F,C/L,C/W"
V+J,mouse,TRAV13N-2,TRAJ43,C/F,1.0,2,TRA,"C/C,C/F,C/L,C/W"
V+J,mouse,TRAV2,TRAJ24,C/F,1.0,2,TRA,"C/C,C/F,C/L,C/W"
V+J,mouse,TRAV12N-2,TRAJ52,C/F,1.0,2,TRA,"C/C,C/F,C/L,C/W"
V+J,mouse,TRAV7N-5,TRAJ53,C/F,1.0,2,TRA,"C/C,C/F,C/L,C/W"
V+J,mouse,TRAV7N-4,TRAJ26,C/F,1.0,2,TRA,"C/C,C/F,C/L,C/W"
V+J,mouse,TRAV14N-2,TRAJ37,C/F,1.0,2,TRA,"C/C,C/F,C/L,C/W"
V+J,mouse,TRAV14N-1,TRAJ13,C/F,1.0,2,TRA,"C/C,C/F,C/L,C/W"
V+J,mouse,TRAV7N-5,TRAJ17,C/F,1.0,2,TRA,"C/C,C/F,C/L,C/W"
V+J,mouse,TRAV14N-3,TRAJ32,C/F,1.0,2,TRA,"C/C,C/F,C/L,C/W"
V+J,mouse,TRAV7N-4,TRAJ50,C/F,1.0,2,TRA,"C/C,C/F,C/L,C/W"
V+J,mouse,TRAV14N-1,TRAJ26,C/F,1.0,2,TRA,"C/C,C/F,C/L,C/W"
V+J,mouse,TRAV6N-7,TRAJ58,C/F,1.0,2,TRA,"C/C,C/F,C/L,C/W"
V+J,mouse,TRAV12N-2,TRAJ12,C/F,1.0,2,TRA,"C/C,C/F,C/L,C/W"
V+J,mouse,TRAV7D-2,TRAJ5,C/F,1.0,2,TRA,"C/C,C/F,C/L,C/W"
V+J,mouse,TRAV13N-3,TRAJ42,C/F,1.0,2,TRA,"C/C,C/F,C/L,C/W"
V+J,mouse,TRAV12N-2,TRAJ30,C/F,1.0,2,TRA,"C/C,C/F,C/L,C/W"
V+J,mouse,TRAV7N-6,TRAJ15,C/F,1.0,2,TRA,"C/C,C/F,C/L,C/W"
V+J,mouse,TRAV12D-2,TRAJ24,C/F,1.0,2,TRA,"C/C,C/F,C/L,C/W"
V+J,human,TRAV9-1,TRAJ11,C/F,1.0,2,TRA,"C/C,C/F,C/L,C/W"
V+J,mouse,TRAV4D-4,TRAJ38,C/W,1.0,1,TRA,"C/C,C/F,C/L,C/W"
V+J,mouse,TRAV7D-6,TRAJ44,C/L,1.0,1,TRA,"C/C,C/F,C/L,C/W"
V+J,mouse,TRAV13N-4,TRAJ40,C/F,1.0,1,TRA,"C/C,C/F,C/L,C/W"
V+J,mouse,TRAV6D-4,TRAJ57,C/F,1.0,1,TRA,"C/C,C/F,C/L,C/W"
V+J,mouse,TRAV13N-3,TRAJ30,C/F,1.0,1,TRA,"C/C,C/F,C/L,C/W"
V+J,mouse,TRAV13N-1,TRAJ5,C/F,1.0,1,TRA,"C/C,C/F,C/L,C/W"
V+J,mouse,TRAV7D-4,TRAJ58,C/F,1.0,1,TRA,"C/C,C/F,C/L,C/W"
V+J,mouse,TRAV10N,TRAJ58,C/F,1.0,1,TRA,"C/C,C/F,C/L,C/W"
V+J,mouse,TRAV6-5,TRAJ24,C/F,1.0,1,TRA,"C/C,C/F,C/L,C/W"
V+J,mouse,TRAV8D-1,TRAJ44,C/L,1.0,1,TRA,"C/C,C/F,C/L,C/W"
V+J,mouse,TRAV9N-4,TRAJ39,C/F,1.0,1,TRA,"C/C,C/F,C/L,C/W"
V+J,mouse,TRAV6-2,TRAJ38,C/W,1.0,1,TRA,"C/C,C/F,C/L,C/W"
V+J,mouse,TRAV7D-5,TRAJ43,C/F,1.0,1,TRA,"C/C,C/F,C/L,C/W"
V+J,mouse,TRAV9N-4,TRAJ38,C/W,1.0,1,TRA,"C/C,C/F,C/L,C/W"
V+J,mouse,TRAV6-4,TRAJ56,C/F,1.0,1,TRA,"C/C,C/F,C/L,C/W"
V+J,mouse,TRAV6-7/DV9,TRAJ21,C/F,1.0,1,TRA,"C/C,C/F,C/L,C/W"
V+J,mouse,TRAV19,TRAJ15,C/F,1.0,1,TRA,"C/C,C/F,C/L,C/W"
V+J,mouse,TRAV21/DV12,TRAJ16,C/F,1.0,1,TRA,"C/C,C/F,C/L,C/W"
V+J,mouse,TRAV6D-5,TRAJ39,C/F,1.0,1,TRA,"C/C,C/F,C/L,C/W"
V+J,mouse,TRAV9D-2,TRAJ27,C/F,1.0,1,TRA,"C/C,C/F,C/L,C/W"
V+J,mouse,TRAV13D-3,TRAJ30,C/F,1.0,1,TRA,"C/C,C/F,C/L,C/W"
V+J,mouse,TRAV8N-2,TRAJ28,C/F,1.0,1,TRA,"C/C,C/F,C/L,C/W"
V+J,mouse,TRAV6-2,TRAJ53,C/F,1.0,1,TRA,"C/C,C/F,C/L,C/W"
V+J,mouse,TRAV17,TRAJ30,C/F,1.0,1,TRA,"C/C,C/F,C/L,C/W"
V+J,mouse,TRAV7D-3,TRAJ5,C/F,1.0,1,TRA,"C/C,C/F,C/L,C/W"
V+J,mouse,TRAV13D-2,TRAJ44,C/L,1.0,1,TRA,"C/C,C/F,C/L,C/W"
V+J,mouse,TRAV13-4/DV7,TRAJ23,C/F,1.0,1,TRA,"C/C,C/F,C/L,C/W"
V+J,mouse,TRAV7D-6,TRAJ52,C/F,1.0,1,TRA,"C/C,C/F,C/L,C/W"
V+J,mouse,TRAV8D-1,TRAJ5,C/F,1.0,1,TRA,"C/C,C/F,C/L,C/W"
V+J,mouse,TRAV11,TRAJ4,C/F,1.0,1,TRA,"C/C,C/F,C/L,C/W"
V+J,mouse,TRAV15-1/DV6-1,TRAJ43,C/F,1.0,1,TRA,"C/C,C/F,C/L,C/W"
V+J,mouse,TRAV9-2,TRAJ11,C/F,1.0,1,TRA,"C/C,C/F,C/L,C/W"
V+J,mouse,TRAV19,TRAJ21,C/F,1.0,1,TRA,"C/C,C/F,C/L,C/W"
V+J,mouse,TRAV7N-4,TRAJ33,C/W,1.0,1,TRA,"C/C,C/F,C/L,C/W"
V+J,mouse,TRAV13N-1,TRAJ57,C/F,1.0,1,TRA,"C/C,C/F,C/L,C/W"
V+J,mouse,TRAV13N-3,TRAJ44,C/L,1.0,1,TRA,"C/C,C/F,C/L,C/W"
V+J,mouse,TRAV6D-4,TRAJ33,C/W,1.0,1,TRA,"C/C,C/F,C/L,C/W"
V+J,mouse,TRAV7D-4,TRAJ43,C/F,1.0,1,TRA,"C/C,C/F,C/L,C/W"
V+J,mouse,TRAV5D-4,TRAJ56,C/F,1.0,1,TRA,"C/C,C/F,C/L,C/W"
V+J,mouse,TRAV6D-4,TRAJ44,C/L,1.0,1,TRA,"C/C,C/F,C/L,C/W"
V+J,mouse,TRAV4D-4,TRAJ52,C/F,1.0,1,TRA,"C/C,C/F,C/L,C/W"
V+J,mouse,TRAV4D-3,TRAJ48,C/F,1.0,1,TRA,"C/C,C/F,C/L,C/W"
V+J,mouse,TRAV12D-2,TRAJ28,C/F,1.0,1,TRA,"C/C,C/F,C/L,C/W"
V+J,mouse,TRAV17,TRAJ44,C/L,1.0,1,TRA,"C/C,C/F,C/L,C/W"
V+J,mouse,TRAV7D-2,TRAJ56,C/F,1.0,1,TRA,"C/C,C/F,C/L,C/W"
V+J,mouse,TRAV8-1,TRAJ7,C/L,1.0,1,TRA,"C/C,C/F,C/L,C/W"
V+J,mouse,TRAV8-2,TRAJ11,C/F,1.0,1,TRA,"C/C,C/F,C/L,C/W"
V+J,mouse,TRAV13-3,TRAJ26,C/F,1.0,1,TRA,"C/C,C/F,C/L,C/W"
V+J,mouse,TRAV14D-2,TRAJ27,C/F,1.0,1,TRA,"C/C,C/F,C/L,C/W"
V+J,mouse,TRAV13-4/DV7,TRAJ26,C/F,1.0,1,TRA,"C/C,C/F,C/L,C/W"
V+J,mouse,TRAV6-3,TRAJ18,C/F,1.0,1,TRA,"C/C,C/F,C/L,C/W"
V+J,mouse,TRAV14D-2,TRAJ31,C/F,1.0,1,TRA,"C/C,C/F,C/L,C/W"
V+J,mouse,TRAV6D-4,TRAJ2,C/F,1.0,1,TRA,"C/C,C/F,C/L,C/W"
V+J,mouse,TRAV8-2,TRAJ38,C/W,1.0,1,TRA,"C/C,C/F,C/L,C/W"
V+J,mouse,TRAV6-3,TRAJ28,C/F,1.0,1,TRA,"C/C,C/F,C/L,C/W"
V+J,mouse,TRAV14D-3/DV8,TRAJ24,C/F,1.0,1,TRA,"C/C,C/F,C/L,C/W"
V+J,mouse,TRAV7-1,TRAJ37,C/F,1.0,1,TRA,"C/C,C/F,C/L,C/W"
V+J,mouse,TRAV15D-1/DV6D-1,TRAJ13,C/F,1.0,1,TRA,"C/C,C/F,C/L,C/W"
V+J,mouse,TRAV14D-2,TRAJ40,C/F,1.0,1,TRA,"C/C,C/F,C/L,C/W"
V+J,mouse,TRAV6-4,TRAJ28,C/F,1.0,1,TRA,"C/C,C/F,C/L,C/W"
V+J,mouse,TRAV4D-4,TRAJ5,C/F,1.0,1,TRA,"C/C,C/F,C/L,C/W"
V+J,mouse,TRAV13-3,TRAJ50,C/F,1.0,1,TRA,"C/C,C/F,C/L,C/W"
V+J,mouse,TRAV15D-1/DV6D-1,TRAJ37,C/F,1.0,1,TRA,"C/C,C/F,C/L,C/W"
V+J,mouse,TRAV21/DV12,TRAJ26,C/F,1.0,1,TRA,"C/C,C/F,C/L,C/W"
V+J,mouse,TRAV13D-3,TRAJ50,C/F,1.0,1,TRA,"C/C,C/F,C/L,C/W"
V+J,mouse,TRAV9D-4,TRAJ21,C/F,1.0,1,TRA,"C/C,C/F,C/L,C/W"
V+J,mouse,TRAV12D-3,TRAJ53,C/F,1.0,1,TRA,"C/C,C/F,C/L,C/W"
V+J,mouse,TRAV6D-3,TRAJ16,C/F,1.0,1,TRA,"C/C,C/F,C/L,C/W"
V+J,mouse,TRAV14D-2,TRAJ26,C/F,1.0,1,TRA,"C/C,C/F,C/L,C/W"
V+J,mouse,TRAV19,TRAJ11,C/F,1.0,1,TRA,"C/C,C/F,C/L,C/W"
V+J,mouse,TRAV13D-1,TRAJ35,C/F,1.0,1,TRA,"C/C,C/F,C/L,C/W"
V+J,mouse,TRAV4D-4,TRAJ35,C/F,1.0,1,TRA,"C/C,C/F,C/L,C/W"
V+J,mouse,TRAV4D-3,TRAJ45,C/F,1.0,1,TRA,"C/C,C/F,C/L,C/W"
V+J,mouse,TRAV8-2,TRAJ2,C/F,1.0,1,TRA,"C/C,C/F,C/L,C/W"
V+J,mouse,TRAV15D-1/DV6D-1,TRAJ31,C/F,1.0,1,TRA,"C/C,C/F,C/L,C/W"
V+J,mouse,TRAV9D-4,TRAJ30,C/F,1.0,1,TRA,"C/C,C/F,C/L,C/W"
V+J,mouse,TRAV6-7/DV9,TRAJ9,C/F,1.0,1,TRA,"C/C,C/F,C/L,C/W"
V+J,mouse,TRAV6D-5,TRAJ40,C/F,1.0,1,TRA,"C/C,C/F,C/L,C/W"
V+J,mouse,TRAV13N-4,TRAJ43,C/F,1.0,1,TRA,"C/C,C/F,C/L,C/W"
V+J,mouse,TRAV9D-1,TRAJ57,C/F,1.0,1,TRA,"C/C,C/F,C/L,C/W"
V+J,mouse,TRAV7N-4,TRAJ48,C/F,1.0,1,TRA,"C/C,C/F,C/L,C/W"
V+J,mouse,TRAV13-5,TRAJ49,C/F,1.0,1,TRA,"C/C,C/F,C/L,C/W"
V+J,mouse,TRAV4-4/DV10,TRAJ2,C/F,1.0,1,TRA,"C/C,C/F,C/L,C/W"
V+J,mouse,TRAV4-3,TRAJ4,C/F,1.0,1,TRA,"C/C,C/F,C/L,C/W"
V+J,mouse,TRAV8N-2,TRAJ9,C/F,1.0,1,TRA,"C/C,C/F,C/L,C/W"
V+J,mouse,TRAV12-3,TRAJ5,C/F,1.0,1,TRA,"C/C,C/F,C/L,C/W"
V+J,mouse,TRAV4D-3,TRAJ28,C/F,1.0,1,TRA,"C/C,C/F,C/L,C/W"
V+J,mouse,TRAV1,TRAJ4,C/F,1.0,1,TRA,"C/C,C/F,C/L,C/W"
V+J,mouse,TRAV7D-6,TRAJ28,C/F,1.0,1,TRA,"C/C,C/F,C/L,C/W"
V+J,mouse,TRAV13D-4,TRAJ56,C/F,1.0,1,TRA,"C/C,C/F,C/L,C/W"
V+J,mouse,TRAV13-5,TRAJ50,C/F,1.0,1,TRA,"C/C,C/F,C/L,C/W"
V+J,mouse,TRAV15-1/DV6-1,TRAJ4,C/F,1.0,1,TRA,"C/C,C/F,C/L,C/W"
V+J,mouse,TRAV13N-3,TRAJ2,C/F,1.0,1,TRA,"C/C,C/F,C/L,C/W"
V+J,mouse,TRAV15-1/DV6-1,TRAJ52,C/F,1.0,1,TRA,"C/C,C/F,C/L,C/W"
V+J,mouse,TRAV21/DV12,TRAJ33,C/W,1.0,1,TRA,"C/C,C/F,C/L,C/W"
V+J,mouse,TRAV16N,TRAJ28,C/F,1.0,1,TRA,"C/C,C/F,C/L,C/W"
V+J,mouse,TRAV15-1/DV6-1,TRAJ21,C/F,1.0,1,TRA,"C/C,C/F,C/L,C/W"
V+J,mouse,TRAV7N-4,TRAJ40,C/F,1.0,1,TRA,"C/C,C/F,C/L,C/W"
V+J,mouse,TRAV11,TRAJ52,C/F,1.0,1,TRA,"C/C,C/F,C/L,C/W"
V+J,mouse,TRAV14D-2,TRAJ16,C/F,1.0,1,TRA,"C/C,C/F,C/L,C/W"
V+J,mouse,TRAV7-5,TRAJ16,C/F,1.0,1,TRA,"C/C,C/F,C/L,C/W"
V+J,mouse,TRAV9-4,TRAJ13,C/F,1.0,1,TRA,"C/C,C/F,C/L,C/W"
V+J,mouse,TRAV15D-1/DV6D-1,TRAJ40,C/F,1.0,1,TRA,"C/C,C/F,C/L,C/W"
V+J,mouse,TRAV13D-4,TRAJ39,C/F,1.0,1,TRA,"C/C,C/F,C/L,C/W"
V+J,mouse,TRAV6D-3,TRAJ37,C/F,1.0,1,TRA,"C/C,C/F,C/L,C/W"
V+J,mouse,TRAV13N-4,TRAJ4,C/F,1.0,1,TRA,"C/C,C/F,C/L,C/W"
V+J,mouse,TRAV13D-2,TRAJ53,C/F,1.0,1,TRA,"C/C,C/F,C/L,C/W"
V+J,mouse,TRAV7-6,TRAJ13,C/F,1.0,1,TRA,"C/C,C/F,C/L,C/W"
V+J,mouse,TRAV13D-1,TRAJ5,C/F,1.0,1,TRA,"C/C,C/F,C/L,C/W"
V+J,mouse,TRAV18,TRAJ40,C/F,1.0,1,TRA,"C/C,C/F,C/L,C/W"
V+J,mouse,TRAV3-4,TRAJ35,C/F,1.0,1,TRA,"C/C,C/F,C/L,C/W"
V+J,mouse,TRAV9D-4,TRAJ39,C/F,1.0,1,TRA,"C/C,C/F,C/L,C/W"
V+J,mouse,TRAV3-4,TRAJ9,C/F,1.0,1,TRA,"C/C,C/F,C/L,C/W"
V+J,mouse,TRAV8N-2,TRAJ35,C/F,1.0,1,TRA,"C/C,C/F,C/L,C/W"
V+J,mouse,TRAV8D-1,TRAJ28,C/F,1.0,1,TRA,"C/C,C/F,C/L,C/W"
V+J,mouse,TRAV9D-1,TRAJ35,C/F,1.0,1,TRA,"C/C,C/F,C/L,C/W"
V+J,mouse,TRAV7-6,TRAJ2,C/F,1.0,1,TRA,"C/C,C/F,C/L,C/W"
V+J,mouse,TRAV11,TRAJ13,C/F,1.0,1,TRA,"C/C,C/F,C/L,C/W"
V+J,mouse,TRAV9N-4,TRAJ2,C/F,1.0,1,TRA,"C/C,C/F,C/L,C/W"
V+J,mouse,TRAV12D-1,TRAJ18,C/F,1.0,1,TRA,"C/C,C/F,C/L,C/W"
V+J,mouse,TRAV10N,TRAJ2,C/F,1.0,1,TRA,"C/C,C/F,C/L,C/W"
V+J,mouse,TRAV7-1,TRAJ11,C/F,1.0,1,TRA,"C/C,C/F,C/L,C/W"
V+J,mouse,TRAV3-4,TRAJ7,C/L,1.0,1,TRA,"C/C,C/F,C/L,C/W"
V+J,mouse,TRAV4-4/DV10,TRAJ18,C/F,1.0,1,TRA,"C/C,C/F,C/L,C/W"
V+J,mouse,TRAV15D-2/DV6D-2,TRAJ57,C/F,1.0,1,TRA,"C/C,C/F,C/L,C/W"
V+J,mouse,TRAV15D-2/DV6D-2,TRAJ50,C/F,1.0,1,TRA,"C/C,C/F,C/L,C/W"
V+J,mouse,TRAV7-2,TRAJ35,C/F,1.0,1,TRA,"C/C,C/F,C/L,C/W"
V+J,mouse,TRAV3-3,TRAJ18,C/F,1.0,1,TRA,"C/C,C/F,C/L,C/W"
V+J,mouse,TRAV9-3,TRAJ57,C/F,1.0,1,TRA,"C/C,C/F,C/L,C/W"
V+J,mouse,TRAV15-2/DV6-2,TRAJ32,C/F,1.0,1,TRA,"C/C,C/F,C/L,C/W"
V+J,mouse,TRAV13D-3,TRAJ2,C/F,1.0,1,TRA,"C/C,C/F,C/L,C/W"
V+J,mouse,TRAV9D-2,TRAJ52,C/F,1.0,1,TRA,"C/C,C/F,C/L,C/W"
V+J,mouse,TRAV6D-5,TRAJ28,C/F,1.0,1,TRA,"C/C,C/F,C/L,C/W"
V+J,mouse,TRAV9D-2,TRAJ43,C/F,1.0,1,TRA,"C/C,C/F,C/L,C/W"
V+J,mouse,TRAV5-4,TRAJ18,C/F,1.0,1,TRA,"C/C,C/F,C/L,C/W"
V+J,mouse,TRAV14D-2,TRAJ49,C/F,1.0,1,TRA,"C/C,C/F,C/L,C/W"
V+J,mouse,TRAV6D-3,TRAJ42,C/F,1.0,1,TRA,"C/C,C/F,C/L,C/W"
V+J,mouse,TRAV12D-1,TRAJ11,C/F,1.0,1,TRA,"C/C,C/F,C/L,C/W"
V+J,mouse,TRAV14D-2,TRAJ2,C/F,1.0,1,TRA,"C/C,C/F,C/L,C/W"
V+J,mouse,TRAV15D-1/DV6D-1,TRAJ32,C/F,1.0,1,TRA,"C/C,C/F,C/L,C/W"
V+J,mouse,TRAV4D-3,TRAJ35,C/F,1.0,1,TRA,"C/C,C/F,C/L,C/W"
V+J,mouse,TRAV8-2,TRAJ21,C/F,1.0,1,TRA,"C/C,C/F,C/L,C/W"
V+J,mouse,TRAV3D-3,TRAJ24,C/F,1.0,1,TRA,"C/C,C/F,C/L,C/W"
V+J,mouse,TRAV8-2,TRAJ22,C/F,1.0,1,TRA,"C/C,C/F,C/L,C/W"
V+J,mouse,TRAV6-4,TRAJ5,C/F,1.0,1,TRA,"C/C,C/F,C/L,C/W"
V+J,mouse,TRAV15D-1/DV6D-1,TRAJ26,C/F,1.0,1,TRA,"C/C,C/F,C/L,C/W"
V+J,mouse,TRAV3-4,TRAJ2,C/F,1.0,1,TRA,"C/C,C/F,C/L,C/W"
V+J,mouse,TRAV13-5,TRAJ57,C/F,1.0,1,TRA,"C/C,C/F,C/L,C/W"
V+J,mouse,TRAV1,TRAJ28,C/F,1.0,1,TRA,"C/C,C/F,C/L,C/W"
V+J,mouse,TRAV5D-4,TRAJ50,C/F,1.0,1,TRA,"C/C,C/F,C/L,C/W"
V+J,mouse,TRAV4-2,TRAJ28,C/F,1.0,1,TRA,"C/C,C/F,C/L,C/W"
V+J,mouse,TRAV15D-1/DV6D-1,TRAJ4,C/F,1.0,1,TRA,"C/C,C/F,C/L,C/W"
V+J,mouse,TRAV10,TRAJ35,C/F,1.0,1,TRA,"C/C,C/F,C/L,C/W"
V+J,mouse,TRAV6-5,TRAJ58,C/F,1.0,1,TRA,"C/C,C/F,C/L,C/W"
V+J,mouse,TRAV3-4,TRAJ12,C/F,1.0,1,TRA,"C/C,C/F,C/L,C/W"
V+J,mouse,TRAV4-4/DV10,TRAJ5,C/F,1.0,1,TRA,"C/C,C/F,C/L,C/W"
V+J,mouse,TRAV13N-4,TRAJ13,C/F,1.0,1,TRA,"C/C,C/F,C/L,C/W"
V+J,mouse,TRAV15-2/DV6-2,TRAJ52,C/F,1.0,1,TRA,"C/C,C/F,C/L,C/W"
V+J,mouse,TRAV3-4,TRAJ11,C/F,1.0,1,TRA,"C/C,C/F,C/L,C/W"
V+J,mouse,TRAV9D-4,TRAJ38,C/W,1.0,1,TRA,"C/C,C/F,C/L,C/W"
V+J,mouse,TRAV6-7/DV9,TRAJ4,C/F,1.0,1,TRA,"C/C,C/F,C/L,C/W"
V+J,mouse,TRAV15D-1/DV6D-1,TRAJ27,C/F,1.0,1,TRA,"C/C,C/F,C/L,C/W"
V+J,mouse,TRAV10D,TRAJ5,C/F,1.0,1,TRA,"C/C,C/F,C/L,C/W"
V+J,mouse,TRAV15-1/DV6-1,TRAJ17,C/F,1.0,1,TRA,"C/C,C/F,C/L,C/W"
V+J,mouse,TRAV12-2,TRAJ5,C/F,1.0,1,TRA,"C/C,C/F,C/L,C/W"
V+J,mouse,TRAV9-3,TRAJ35,C/F,1.0,1,TRA,"C/C,C/F,C/L,C/W"
V+J,mouse,TRAV12D-1,TRAJ53,C/F,1.0,1,TRA,"C/C,C/F,C/L,C/W"
V+J,mouse,TRAV3D-3,TRAJ53,C/F,1.0,1,TRA,"C/C,C/F,C/L,C/W"
V+J,mouse,TRAV15D-2/DV6D-2,TRAJ11,C/F,1.0,1,TRA,"C/C,C/F,C/L,C/W"
V+J,mouse,TRAV15-1/DV6-1,TRAJ44,C/L,1.0,1,TRA,"C/C,C/F,C/L,C/W"
V+J,mouse,TRAV13-5,TRAJ34,C/F,1.0,1,TRA,"C/C,C/F,C/L,C/W"
V+J,mouse,TRAV15D-2/DV6D-2,TRAJ22,C/F,1.0,1,TRA,"C/C,C/F,C/L,C/W"
V+J,mouse,TRAV9D-2,TRAJ7,C/L,1.0,1,TRA,"C/C,C/F,C/L,C/W"
V+J,mouse,TRAV5-4,TRAJ4,C/F,1.0,1,TRA,"C/C,C/F,C/L,C/W"
V+J,mouse,TRAV7-2,TRAJ57,C/F,1.0,1,TRA,"C/C,C/F,C/L,C/W"
V+J,mouse,TRAV12D-3,TRAJ35,C/F,1.0,1,TRA,"C/C,C/F,C/L,C/W"
V+J,mouse,TRAV19,TRAJ30,C/F,1.0,1,TRA,"C/C,C/F,C/L,C/W"
V+J,mouse,TRAV6-1,TRAJ5,C/F,1.0,1,TRA,"C/C,C/F,C/L,C/W"
V+J,mouse,TRAV13N-1,TRAJ42,C/F,1.0,1,TRA,"C/C,C/F,C/L,C/W"
V+J,mouse,TRAV13D-4,TRAJ45,C/F,1.0,1,TRA,"C/C,C/F,C/L,C/W"
V+J,mouse,TRAV13-5,TRAJ48,C/F,1.0,1,TRA,"C/C,C/F,C/L,C/W"
V+J,mouse,TRAV21/DV12,TRAJ34,C/F,1.0,1,TRA,"C/C,C/F,C/L,C/W"
V+J,mouse,TRAV7N-4,TRAJ37,C/F,1.0,1,TRA,"C/C,C/F,C/L,C/W"
V+J,mouse,TRAV13N-3,TRAJ15,C/F,1.0,1,TRA,"C/C,C/F,C/L,C/W"
V+J,mouse,TRAV6-3,TRAJ5,C/F,1.0,1,TRA,"C/C,C/F,C/L,C/W"
V+J,mouse,TRAV9N-4,TRAJ56,C/F,1.0,1,TRA,"C/C,C/F,C/L,C/W"
V+J,mouse,TRAV6-4,TRAJ11,C/F,1.0,1,TRA,"C/C,C/F,C/L,C/W"
V+J,mouse,TRAV9D-3,TRAJ38,C/W,1.0,1,TRA,"C/C,C/F,C/L,C/W"
V+J,mouse,TRAV11,TRAJ38,C/W,1.0,1,TRA,"C/C,C/F,C/L,C/W"
V+J,mouse,TRAV13N-3,TRAJ6,C/F,1.0,1,TRA,"C/C,C/F,C/L,C/W"
V+J,mouse,TRAV13N-1,TRAJ52,C/F,1.0,1,TRA,"C/C,C/F,C/L,C/W"
V+J,mouse,TRAV3-4,TRAJ44,C/L,1.0,1,TRA,"C/C,C/F,C/L,C/W"
V+J,mouse,TRAV15-1/DV6-1,TRAJ57,C/F,1.0,1,TRA,"C/C,C/F,C/L,C/W"
V+J,mouse,TRAV14-1,TRAJ11,C/F,1.0,1,TRA,"C/C,C/F,C/L,C/W"
V+J,mouse,TRAV9N-4,TRAJ49,C/F,1.0,1,TRA,"C/C,C/F,C/L,C/W"
V+J,mouse,TRAV13-2,TRAJ2,C/F,1.0,1,TRA,"C/C,C/F,C/L,C/W"
V+J,mouse,TRAV13D-4,TRAJ6,C/F,1.0,1,TRA,"C/C,C/F,C/L,C/W"
V+J,mouse,TRAV8N-2,TRAJ37,C/F,1.0,1,TRA,"C/C,C/F,C/L,C/W"
V+J,mouse,TRAV12D-3,TRAJ50,C/F,1.0,1,TRA,"C/C,C/F,C/L,C/W"
V+J,mouse,TRAV8-1,TRAJ6,C/F,1.0,1,TRA,"C/C,C/F,C/L,C/W"
V+J,mouse,TRAV13D-3,TRAJ22,C/F,1.0,1,TRA,"C/C,C/F,C/L,C/W"
V+J,mouse,TRAV15-1/DV6-1,TRAJ15,C/F,1.0,1,TRA,"C/C,C/F,C/L,C/W"
V+J,mouse,TRAV7N-4,TRAJ39,C/F,1.0,1,TRA,"C/C,C/F,C/L,C/W"
V+J,mouse,TRAV13N-4,TRAJ57,C/F,1.0,1,TRA,"C/C,C/F,C/L,C/W"
V+J,mouse,TRAV15-1/DV6-1,TRAJ16,C/F,1.0,1,TRA,"C/C,C/F,C/L,C/W"
V+J,mouse,TRAV1,TRAJ5,C/F,1.0,1,TRA,"C/C,C/F,C/L,C/W"
V+J,mouse,TRAV8-1,TRAJ5,C/F,1.0,1,TRA,"C/C,C/F,C/L,C/W"
V+J,mouse,TRAV6D-3,TRAJ57,C/F,1.0,1,TRA,"C/C,C/F,C/L,C/W"
V+J,mouse,TRAV7D-6,TRAJ5,C/F,1.0,1,TRA,"C/C,C/F,C/L,C/W"
V+J,mouse,TRAV9-2,TRAJ6,C/F,1.0,1,TRA,"C/C,C/F,C/L,C/W"
V+J,mouse,TRAV2,TRAJ43,C/F,1.0,1,TRA,"C/C,C/F,C/L,C/W"
V+J,mouse,TRAV10N,TRAJ16,C/F,1.0,1,TRA,"C/C,C/F,C/L,C/W"
V+J,mouse,TRAV9D-2,TRAJ17,C/F,1.0,1,TRA,"C/C,C/F,C/L,C/W"
V+J,mouse,TRAV15-1/DV6-1,TRAJ49,C/F,1.0,1,TRA,"C/C,C/F,C/L,C/W"
V+J,mouse,TRAV8D-2,TRAJ56,C/F,1.0,1,TRA,"C/C,C/F,C/L,C/W"
V+J,mouse,TRAV6-2,TRAJ43,C/F,1.0,1,TRA,"C/C,C/F,C/L,C/W"
V+J,mouse,TRAV21/DV12,TRAJ21,C/F,1.0,1,TRA,"C/C,C/F,C/L,C/W"
V+J,mouse,TRAV7D-6,TRAJ38,C/W,1.0,1,TRA,"C/C,C/F,C/L,C/W"
V+J,mouse,TRAV15D-2/DV6D-2,TRAJ28,C/F,1.0,1,TRA,"C/C,C/F,C/L,C/W"
V+J,mouse,TRAV7D-6,TRAJ2,C/F,1.0,1,TRA,"C/C,C/F,C/L,C/W"
V+J,mouse,TRAV10,TRAJ28,C/F,1.0,1,TRA,"C/C,C/F,C/L,C/W"
V+J,mouse,TRAV13N-4,TRAJ45,C/F,1.0,1,TRA,"C/C,C/F,C/L,C/W"
V+J,mouse,TRAV9D-1,TRAJ44,C/L,1.0,1,TRA,"C/C,C/F,C/L,C/W"
V+J,mouse,TRAV9D-2,TRAJ49,C/F,1.0,1,TRA,"C/C,C/F,C/L,C/W"
V+J,mouse,TRAV17,TRAJ4,C/F,1.0,1,TRA,"C/C,C/F,C/L,C/W"
V+J,mouse,TRAV18,TRAJ48,C/F,1.0,1,TRA,"C/C,C/F,C/L,C/W"
V+J,mouse,TRAV10N,TRAJ28,C/F,1.0,1,TRA,"C/C,C/F,C/L,C/W"
V+J,mouse,TRAV13D-3,TRAJ38,C/W,1.0,1,TRA,"C/C,C/F,C/L,C/W"
V+J,mouse,TRAV4-2,TRAJ2,C/F,1.0,1,TRA,"C/C,C/F,C/L,C/W"
V+J,mouse,TRAV13-4/DV7,TRAJ6,C/F,1.0,1,TRA,"C/C,C/F,C/L,C/W"
V+J,mouse,TRAV1,TRAJ35,C/F,1.0,1,TRA,"C/C,C/F,C/L,C/W"
V+J,mouse,TRAV4D-3,TRAJ50,C/F,1.0,1,TRA,"C/C,C/F,C/L,C/W"
V+J,mouse,TRAV15D-2/DV6D-2,TRAJ43,C/F,1.0,1,TRA,"C/C,C/F,C/L,C/W"
V+J,mouse,TRAV6D-5,TRAJ56,C/F,1.0,1,TRA,"C/C,C/F,C/L,C/W"
V+J,mouse,TRAV8-2,TRAJ16,C/F,1.0,1,TRA,"C/C,C/F,C/L,C/W"
V+J,mouse,TRAV14D-2,TRAJ53,C/F,1.0,1,TRA,"C/C,C/F,C/L,C/W"
V+J,mouse,TRAV6D-4,TRAJ53,C/F,1.0,1,TRA,"C/C,C/F,C/L,C/W"
V+J,mouse,TRAV6D-5,TRAJ58,C/F,1.0,1,TRA,"C/C,C/F,C/L,C/W"
V+J,mouse,TRAV7D-2,TRAJ52,C/F,1.0,1,TRA,"C/C,C/F,C/L,C/W"
V+J,mouse,TRAV15-1/DV6-1,TRAJ48,C/F,1.0,1,TRA,"C/C,C/F,C/L,C/W"
V+J,mouse,TRAV15D-2/DV6D-2,TRAJ39,C/F,1.0,1,TRA,"C/C,C/F,C/L,C/W"
V+J,mouse,TRAV5-4,TRAJ9,C/F,1.0,1,TRA,"C/C,C/F,C/L,C/W"
V+J,mouse,TRAV6D-5,TRAJ11,C/F,1.0,1,TRA,"C/C,C/F,C/L,C/W"
V+J,mouse,TRAV15D-1/DV6D-1,TRAJ15,C/F,1.0,1,TRA,"C/C,C/F,C/L,C/W"
V+J,mouse,TRAV3-3,TRAJ58,C/F,1.0,1,TRA,"C/C,C/F,C/L,C/W"
V+J,mouse,TRAV8N-2,TRAJ56,C/F,1.0,1,TRA,"C/C,C/F,C/L,C/W"
V+J,mouse,TRAV8-1,TRAJ16,C/F,1.0,1,TRA,"C/C,C/F,C/L,C/W"
V+J,mouse,TRAV15-1/DV6-1,TRAJ33,C/W,1.0,1,TRA,"C/C,C/F,C/L,C/W"
V+J,mouse,TRAV13-5,TRAJ39,C/F,1.0,1,TRA,"C/C,C/F,C/L,C/W"
V+J,mouse,TRAV7D-5,TRAJ33,C/W,1.0,1,TRA,"C/C,C/F,C/L,C/W"
V+J,mouse,TRAV6D-5,TRAJ43,C/F,1.0,1,TRA,"C/C,C/F,C/L,C/W"
V+J,mouse,TRAV13N-4,TRAJ12,C/F,1.0,1,TRA,"C/C,C/F,C/L,C/W"
V+J,mouse,TRAV13-5,TRAJ22,C/F,1.0,1,TRA,"C/C,C/F,C/L,C/W"
V+J,mouse,TRAV13N-3,TRAJ22,C/F,1.0,1,TRA,"C/C,C/F,C/L,C/W"
V+J,mouse,TRAV7D-3,TRAJ57,C/F,1.0,1,TRA,"C/C,C/F,C/L,C/W"
V+J,mouse,TRAV19,TRAJ26,C/F,1.0,1,TRA,"C/C,C/F,C/L,C/W"
V+J,mouse,TRAV13D-2,TRAJ57,C/F,1.0,1,TRA,"C/C,C/F,C/L,C/W"
V+J,mouse,TRAV8N-2,TRAJ43,C/F,1.0,1,TRA,"C/C,C/F,C/L,C/W"
V+J,mouse,TRAV6-3,TRAJ58,C/F,1.0,1,TRA,"C/C,C/F,C/L,C/W"
V+J,mouse,TRAV13N-4,TRAJ16,C/F,1.0,1,TRA,"C/C,C/F,C/L,C/W"
V+J,mouse,TRAV13D-3,TRAJ4,C/F,1.0,1,TRA,"C/C,C/F,C/L,C/W"
V+J,mouse,TRAV4D-3,TRAJ7,C/L,1.0,1,TRA,"C/C,C/F,C/L,C/W"
V+J,mouse,TRAV7N-4,TRAJ57,C/F,1.0,1,TRA,"C/C,C/F,C/L,C/W"
V+J,mouse,TRAV15D-1/DV6D-1,TRAJ34,C/F,1.0,1,TRA,"C/C,C/F,C/L,C/W"
V+J,mouse,TRAV15-2/DV6-2,TRAJ43,C/F,1.0,1,TRA,"C/C,C/F,C/L,C/W"
V+J,mouse,TRAV4D-3,TRAJ42,C/F,1.0,1,TRA,"C/C,C/F,C/L,C/W"
V+J,mouse,TRAV8N-2,TRAJ4,C/F,1.0,1,TRA,"C/C,C/F,C/L,C/W"
V+J,mouse,TRAV6D-5,TRAJ5,C/F,1.0,1,TRA,"C/C,C/F,C/L,C/W"
V+J,mouse,TRAV19,TRAJ23,C/F,1.0,1,TRA,"C/C,C/F,C/L,C/W"
V+J,mouse,TRAV9D-2,TRAJ53,C/F,1.0,1,TRA,"C/C,C/F,C/L,C/W"
V+J,mouse,TRAV7N-4,TRAJ17,C/F,1.0,1,TRA,"C/C,C/F,C/L,C/W"
V+J,mouse,TRAV6D-5,TRAJ34,C/F,1.0,1,TRA,"C/C,C/F,C/L,C/W"
V+J,mouse,TRAV6D-5,TRAJ38,C/W,1.0,1,TRA,"C/C,C/F,C/L,C/W"
V+J,mouse,TRAV12-3,TRAJ11,C/F,1.0,1,TRA,"C/C,C/F,C/L,C/W"
V+J,mouse,TRAV9D-3,TRAJ43,C/F,1.0,1,TRA,"C/C,C/F,C/L,C/W"
V+J,mouse,TRAV10N,TRAJ5,C/F,1.0,1,TRA,"C/C,C/F,C/L,C/W"
V+J,mouse,TRAV6-2,TRAJ2,C/F,1.0,1,TRA,"C/C,C/F,C/L,C/W"
V+J,mouse,TRAV6D-4,TRAJ5,C/F,1.0,1,TRA,"C/C,C/F,C/L,C/W"
V+J,mouse,TRAV13N-4,TRAJ7,C/L,1.0,1,TRA,"C/C,C/F,C/L,C/W"
V+J,mouse,TRAV9D-4,TRAJ11,C/F,1.0,1,TRA,"C/C,C/F,C/L,C/W"
V+J,mouse,TRAV7D-6,TRAJ58,C/F,1.0,1,TRA,"C/C,C/F,C/L,C/W"
V+J,mouse,TRAV15-2/DV6-2,TRAJ56,C/F,1.0,1,TRA,"C/C,C/F,C/L,C/W"
V+J,mouse,TRAV6-5,TRAJ5,C/F,1.0,1,TRA,"C/C,C/F,C/L,C/W"
V+J,mouse,TRAV6-4,TRAJ52,C/F,1.0,1,TRA,"C/C,C/F,C/L,C/W"
V+J,mouse,TRAV3-4,TRAJ37,C/F,1.0,1,TRA,"C/C,C/F,C/L,C/W"
V+J,mouse,TRAV15-1/DV6-1,TRAJ58,C/F,1.0,1,TRA,"C/C,C/F,C/L,C/W"
V+J,mouse,TRAV3D-3,TRAJ58,C/F,1.0,1,TRA,"C/C,C/F,C/L,C/W"
V+J,mouse,TRAV9-3,TRAJ7,C/L,1.0,1,TRA,"C/C,C/F,C/L,C/W"
V+J,mouse,TRAV4-4/DV10,TRAJ16,C/F,1.0,1,TRA,"C/C,C/F,C/L,C/W"
V+J,mouse,TRAV15-2/DV6-2,TRAJ39,C/F,1.0,1,TRA,"C/C,C/F,C/L,C/W"
V+J,mouse,TRAV13D-1,TRAJ45,C/F,1.0,1,TRA,"C/C,C/F,C/L,C/W"
V+J,mouse,TRAV6-3,TRAJ35,C/F,1.0,1,TRA,"C/C,C/F,C/L,C/W"
V+J,mouse,TRAV6-3,TRAJ38,C/W,1.0,1,TRA,"C/C,C/F,C/L,C/W"
V+J,mouse,TRAV17,TRAJ28,C/F,1.0,1,TRA,"C/C,C/F,C/L,C/W"
V+J,mouse,TRAV3-4,TRAJ16,C/F,1.0,1,TRA,"C/C,C/F,C/L,C/W"
V+J,mouse,TRAV4-3,TRAJ2,C/F,1.0,1,TRA,"C/C,C/F,C/L,C/W"
V+J,mouse,TRAV7D-6,TRAJ56,C/F,1.0,1,TRA,"C/C,C/F,C/L,C/W"
V+J,mouse,TRAV3-4,TRAJ13,C/F,1.0,1,TRA,"C/C,C/F,C/L,C/W"
V+J,mouse,TRAV15-2/DV6-2,TRAJ37,C/F,1.0,1,TRA,"C/C,C/F,C/L,C/W"
V+J,mouse,TRAV3-1,TRAJ28,C/F,1.0,1,TRA,"C/C,C/F,C/L,C/W"
V+J,mouse,TRAV13D-4,TRAJ21,C/F,1.0,1,TRA,"C/C,C/F,C/L,C/W"
V+J,mouse,TRAV4-3,TRAJ7,C/L,1.0,1,TRA,"C/C,C/F,C/L,C/W"
V+J,mouse,TRAV13D-4,TRAJ50,C/F,1.0,1,TRA,"C/C,C/F,C/L,C/W"
V+J,mouse,TRAV21/DV12,TRAJ38,C/W,1.0,1,TRA,"C/C,C/F,C/L,C/W"
V+J,mouse,TRAV15D-1/DV6D-1,TRAJ28,C/F,1.0,1,TRA,"C/C,C/F,C/L,C/W"
V+J,mouse,TRAV13-5,TRAJ33,C/W,1.0,1,TRA,"C/C,C/F,C/L,C/W"
V+J,mouse,TRAV15-2/DV6-2,TRAJ11,C/F,1.0,1,TRA,"C/C,C/F,C/L,C/W"
V+J,mouse,TRAV8-2,TRAJ39,C/F,1.0,1,TRA,"C/C,C/F,C/L,C/W"
V+J,mouse,TRAV8-2,TRAJ12,C/F,1.0,1,TRA,"C/C,C/F,C/L,C/W"
V+J,mouse,TRAV9D-2,TRAJ22,C/F,1.0,1,TRA,"C/C,C/F,C/L,C/W"
V+J,mouse,TRAV9-3,TRAJ38,C/W,1.0,1,TRA,"C/C,C/F,C/L,C/W"
V+J,mouse,TRAV3-1,TRAJ35,C/F,1.0,1,TRA,"C/C,C/F,C/L,C/W"
V+J,mouse,TRAV6-4,TRAJ2,C/F,1.0,1,TRA,"C/C,C/F,C/L,C/W"
V+J,mouse,TRAV13N-1,TRAJ56,C/F,1.0,1,TRA,"C/C,C/F,C/L,C/W"
V+J,mouse,TRAV9-4,TRAJ18,C/F,1.0,1,TRA,"C/C,C/F,C/L,C/W"
V+J,mouse,TRAV15-1/DV6-1,TRAJ6,C/F,1.0,1,TRA,"C/C,C/F,C/L,C/W"
V+J,mouse,TRAV8-2,TRAJ15,C/F,1.0,1,TRA,"C/C,C/F,C/L,C/W"
V+J,mouse,TRAV3-3,TRAJ11,C/F,1.0,1,TRA,"C/C,C/F,C/L,C/W"
V+J,mouse,TRAV13N-3,TRAJ5,C/F,1.0,1,TRA,"C/C,C/F,C/L,C/W"
V+J,mouse,TRAV6-2,TRAJ16,C/F,1.0,1,TRA,"C/C,C/F,C/L,C/W"
V+J,mouse,TRAV6D-6,TRAJ28,C/F,1.0,1,TRA,"C/C,C/F,C/L,C/W"
V+J,mouse,TRAV6-1,TRAJ28,C/F,1.0,1,TRA,"C/C,C/F,C/L,C/W"
V+J,mouse,TRAV6-3,TRAJ16,C/F,1.0,1,TRA,"C/C,C/F,C/L,C/W"
V+J,mouse,TRAV7-5,TRAJ5,C/F,1.0,1,TRA,"C/C,C/F,C/L,C/W"
V+J,mouse,TRAV3-4,TRAJ17,C/F,1.0,1,TRA,"C/C,C/F,C/L,C/W"
V+J,mouse,TRAV12D-2,TRAJ38,C/W,1.0,1,TRA,"C/C,C/F,C/L,C/W"
V+J,mouse,TRAV9D-2,TRAJ18,C/F,1.0,1,TRA,"C/C,C/F,C/L,C/W"
V+J,mouse,TRAV15D-1/DV6D-1,TRAJ50,C/F,1.0,1,TRA,"C/C,C/F,C/L,C/W"
V+J,mouse,TRAV6D-5,TRAJ44,C/L,1.0,1,TRA,"C/C,C/F,C/L,C/W"
V+J,mouse,TRAV15-2/DV6-2,TRAJ31,C/F,1.0,1,TRA,"C/C,C/F,C/L,C/W"
V+J,mouse,TRAV15D-1/DV6D-1,TRAJ6,C/F,1.0,1,TRA,"C/C,C/F,C/L,C/W"
V+J,mouse,TRAV8-2,TRAJ30,C/F,1.0,1,TRA,"C/C,C/F,C/L,C/W"
V+J,mouse,TRAV6-7/DV9,TRAJ18,C/F,1.0,1,TRA,"C/C,C/F,C/L,C/W"
V+J,mouse,TRAV6-7/DV9,TRAJ2,C/F,1.0,1,TRA,"C/C,C/F,C/L,C/W"
V+J,mouse,TRAV13D-3,TRAJ12,C/F,1.0,1,TRA,"C/C,C/F,C/L,C/W"
V+J,mouse,TRAV9-3,TRAJ17,C/F,1.0,1,TRA,"C/C,C/F,C/L,C/W"
V+J,mouse,TRAV6D-4,TRAJ38,C/W,1.0,1,TRA,"C/C,C/F,C/L,C/W"
V+J,mouse,TRAV15-2/DV6-2,TRAJ15,C/F,1.0,1,TRA,"C/C,C/F,C/L,C/W"
V+J,mouse,TRAV9D-2,TRAJ57,C/F,1.0,1,TRA,"C/C,C/F,C/L,C/W"
V+J,mouse,TRAV14-1,TRAJ2,C/F,1.0,1,TRA,"C/C,C/F,C/L,C/W"
V+J,mouse,TRAV7-1,TRAJ48,C/F,1.0,1,TRA,"C/C,C/F,C/L,C/W"
V+J,mouse,TRAV5-4,TRAJ7,C/L,1.0,1,TRA,"C/C,C/F,C/L,C/W"
V+J,mouse,TRAV15-1/DV6-1,TRAJ26,C/F,1.0,1,TRA,"C/C,C/F,C/L,C/W"
V+J,mouse,TRAV6D-3,TRAJ26,C/F,1.0,1,TRA,"C/C,C/F,C/L,C/W"
V+J,mouse,TRAV13D-3,TRAJ18,C/F,1.0,1,TRA,"C/C,C/F,C/L,C/W"
V+J,mouse,TRAV15D-1/DV6D-1,TRAJ53,C/F,1.0,1,TRA,"C/C,C/F,C/L,C/W"
V+J,mouse,TRAV13D-4,TRAJ5,C/F,1.0,1,TRA,"C/C,C/F,C/L,C/W"
V+J,mouse,TRAV13-5,TRAJ43,C/F,1.0,1,TRA,"C/C,C/F,C/L,C/W"
V+J,mouse,TRAV11,TRAJ21,C/F,1.0,1,TRA,"C/C,C/F,C/L,C/W"
V+J,mouse,TRAV13D-3,TRAJ17,C/F,1.0,1,TRA,"C/C,C/F,C/L,C/W"
V+J,mouse,TRAV18,TRAJ50,C/F,1.0,1,TRA,"C/C,C/F,C/L,C/W"
V+J,mouse,TRAV1,TRAJ2,C/F,1.0,1,TRA,"C/C,C/F,C/L,C/W"
V+J,mouse,TRAV18,TRAJ56,C/F,1.0,1,TRA,"C/C,C/F,C/L,C/W"
V+J,mouse,TRAV2,TRAJ40,C/F,1.0,1,TRA,"C/C,C/F,C/L,C/W"
V+J,mouse,TRAV8-1,TRAJ28,C/F,1.0,1,TRA,"C/C,C/F,C/L,C/W"
V+J,mouse,TRAV11,TRAJ53,C/F,1.0,1,TRA,"C/C,C/F,C/L,C/W"
V+J,mouse,TRAV6-3,TRAJ53,C/F,1.0,1,TRA,"C/C,C/F,C/L,C/W"
V+J,mouse,TRAV9D-2,TRAJ38,C/W,1.0,1,TRA,"C/C,C/F,C/L,C/W"
V+J,mouse,TRAV13D-3,TRAJ32,C/F,1.0,1,TRA,"C/C,C/F,C/L,C/W"
V+J,human,TRAV22,TRAJ14,C/F,1.0,1,TRA,"C/C,C/F,C/L,C/W"
V+J,human,TRAV7,TRAJ38,C/W,1.0,1,TRA,"C/C,C/F,C/L,C/W"
V+J,human,TRDV1,TRAJ49,C/F,1.0,1,TRA,"C/C,C/F,C/L,C/W"
V+J,human,TRAV18,TRAJ28,C/F,1.0,1,TRA,"C/C,C/F,C/L,C/W"
V+J,human,TRAV1-2,TRAJ58,C/F,1.0,1,TRA,"C/C,C/F,C/L,C/W"
V+J,human,TRAV30,TRAJ61,C/F,1.0,1,TRA,"C/C,C/F,C/L,C/W"
V+J,human,TRAV12-3,TRAJ61,C/F,1.0,1,TRA,"C/C,C/F,C/L,C/W"
V+J,human,TRAV18,TRAJ56,C/F,1.0,1,TRA,"C/C,C/F,C/L,C/W"
V+J,human,TRAV18,TRAJ39,C/F,1.0,1,TRA,"C/C,C/F,C/L,C/W"
V+J,human,TRAV9-1,TRAJ46,C/F,1.0,1,TRA,"C/C,C/F,C/L,C/W"
V+J,human,TRAV9-2,TRAJ14,C/F,1.0,1,TRA,"C/C,C/F,C/L,C/W"
V+J,human,TRAV7,TRAJ32,C/F,1.0,1,TRA,"C/C,C/F,C/L,C/W"
V+J,human,TRAV40,TRAJ37,C/F,1.0,1,TRA,"C/C,C/F,C/L,C/W"
V+J,human,TRAV14/DV4,TRAJ14,C/F,1.0,1,TRA,"C/C,C/F,C/L,C/W"
V+J,human,TRAV13-2,TRAJ14,C/F,1.0,1,TRA,"C/C,C/F,C/L,C/W"
V+J,human,TRAV7,TRAJ49,C/F,1.0,1,TRA,"C/C,C/F,C/L,C/W"
V+J,human,TRAV13-1,TRAJ14,C/F,1.0,1,TRA,"C/C,C/F,C/L,C/W"
V+J,human,TRAV8-2,TRAJ25,C/F,1.0,1,TRA,"C/C,C/F,C/L,C/W"
V+J,human,TRAV9-1,TRAJ41,C/F,1.0,1,TRA,"C/C,C/F,C/L,C/W"
V+J,human,TRAV18,TRAJ17,C/F,1.0,1,TRA,"C/C,C/F,C/L,C/W"
V+J,human,TRAV9-1,TRAJ35,C/C,1.0,1,TRA,"C/C,C/F,C/L,C/W"
V+J,human,TRAV24,TRAJ14,C/F,1.0,1,TRA,"C/C,C/F,C/L,C/W"
V+J,human,TRAV9-1,TRAJ24,C/F,1.0,1,TRA,"C/C,C/F,C/L,C/W"
V+J,human,TRAV7,TRAJ40,C/F,1.0,1,TRA,"C/C,C/F,C/L,C/W"
V+J,human,TRAV8-2,TRAJ14,C/F,1.0,1,TRA,"C/C,C/F,C/L,C/W"
V+J,human,TRAV18,TRAJ40,C/F,1.0,1,TRA,"C/C,C/F,C/L,C/W"
V+J,human,TRAV18,TRAJ42,C/F,1.0,1,TRA,"C/C,C/F,C/L,C/W"
V+J,human,TRAV6,TRAJ25,C/F,1.0,1,TRA,"C/C,C/F,C/L,C/W"
V+J,human,TRAV40,TRAJ9,C/F,1.0,1,TRA,"C/C,C/F,C/L,C/W"
V+J,human,TRAV5,TRAJ25,C/F,1.0,1,TRA,"C/C,C/F,C/L,C/W"
V+J,human,TRAV9-1,TRAJ32,C/F,1.0,1,TRA,"C/C,C/F,C/L,C/W"
V+J,human,TRAV38-1,TRAJ25,C/F,1.0,1,TRA,"C/C,C/F,C/L,C/W"
V+J,human,TRAV35,TRAJ61,C/F,1.0,1,TRA,"C/C,C/F,C/L,C/W"
V+J,human,TRAV18,TRAJ52,C/F,1.0,1,TRA,"C/C,C/F,C/L,C/W"
V+J,human,TRAV9-1,TRAJ48,C/F,1.0,1,TRA,"C/C,C/F,C/L,C/W"
V+J,human,TRAV38-2/DV8,TRAJ14,C/F,1.0,1,TRA,"C/C,C/F,C/L,C/W"
V+J,human,TRAV18,TRAJ10,C/F,1.0,1,TRA,"C/C,C/F,C/L,C/W"
V+J,human,TRAV7,TRAJ44,C/F,1.0,1,TRA,"C/C,C/F,C/L,C/W"
V+J,human,TRAV40,TRAJ5,C/F,1.0,1,TRA,"C/C,C/F,C/L,C/W"
V+J,human,TRAV9-1,TRAJ36,C/F,1.0,1,TRA,"C/C,C/F,C/L,C/W"
V+J,human,TRAV21,TRAJ14,C/F,1.0,1,TRA,"C/C,C/F,C/L,C/W"
V+J,human,TRAV1-1,TRAJ54,C/F,1.0,1,TRA,"C/C,C/F,C/L,C/W"
V+J,human,TRAV9-1,TRAJ47,C/F,1.0,1,TRA,"C/C,C/F,C/L,C/W"
V+J,human,TRAV8-6,TRAJ61,C/F,1.0,1,TRA,"C/C,C/F,C/L,C/W"
V+J,human,TRAV18,TRAJ24,C/F,1.0,1,TRA,"C/C,C/F,C/L,C/W"
V+J,human,TRAV7,TRAJ42,C/F,1.0,1,TRA,"C/C,C/F,C/L,C/W"
V+J,human,TRDV3,TRAJ35,C/C,1.0,1,TRA,"C/C,C/F,C/L,C/W"
V+J,human,TRAV10,TRAJ14,C/F,1.0,1,TRA,"C/C,C/F,C/L,C/W"
V+J,human,TRAV12-2,TRAJ14,C/F,1.0,1,TRA,"C/C,C/F,C/L,C/W"
V+J,human,TRAV7,TRAJ10,C/F,1.0,1,TRA,"C/C,C/F,C/L,C/W"
V+J,human,TRAV13-1,TRAJ2,C/F,1.0,1,TRA,"C/C,C/F,C/L,C/W"
V+J,human,TRAV7,TRAJ6,C/F,1.0,1,TRA,"C/C,C/F,C/L,C/W"
V+J,human,TRAV18,TRAJ16,C/F,1.0,1,TRA,"C/C,C/F,C/L,C/W"
V+J,human,TRAV18,TRAJ53,C/F,1.0,1,TRA,"C/C,C/F,C/L,C/W"
V+J,human,TRAV6,TRAJ58,C/F,1.0,1,TRA,"C/C,C/F,C/L,C/W"
V+J,human,TRAV26-1,TRAJ59,C/F,1.0,1,TRA,"C/C,C/F,C/L,C/W"
V+J,human,TRAV18,TRAJ48,C/F,1.0,1,TRA,"C/C,C/F,C/L,C/W"
V+J,human,TRAV36/DV7,TRAJ25,C/F,1.0,1,TRA,"C/C,C/F,C/L,C/W"
V+J,human,TRAV9-1,TRAJ8,C/F,1.0,1,TRA,"C/C,C/F,C/L,C/W"
V+J,human,TRAV8-6,TRAJ14,C/F,1.0,1,TRA,"C/C,C/F,C/L,C/W"
V+J,human,TRAV36/DV7,TRAJ14,C/F,1.0,1,TRA,"C/C,C/F,C/L,C/W"
V+J,human,TRAV3,TRAJ14,C/F,1.0,1,TRA,"C/C,C/F,C/L,C/W"
V+J,human,TRAV29/DV5,TRAJ61,C/F,1.0,1,TRA,"C/C,C/F,C/L,C/W"
V+J,human,TRAV18,TRAJ6,C/F,1.0,1,TRA,"C/C,C/F,C/L,C/W"
V+J,human,TRAV1-1,TRAJ53,C/F,1.0,1,TRA,"C/C,C/F,C/L,C/W"
V+J,human,TRAV18,TRAJ32,C/F,1.0,1,TRA,"C/C,C/F,C/L,C/W"
V+J,human,TRAV21,TRAJ59,C/F,1.0,1,TRA,"C/C,C/F,C/L,C/W"
V+J,human,TRAV17,TRAJ59,C/F,1.0,1,TRA,"C/C,C/F,C/L,C/W"
V+J,human,TRAV40,TRAJ22,C/F,1.0,1,TRA,"C/C,C/F,C/L,C/W"
V+J,human,TRAV18,TRAJ33,C/W,1.0,1,TRA,"C/C,C/F,C/L,C/W"
V+J,mouse,TRAV6N-5,TRAJ16,C/F,1.0,1,TRA,"C/C,C/F,C/L,C/W"
V+J,mouse,TRAV7D-5,TRAJ44,C/L,1.0,1,TRA,"C/C,C/F,C/L,C/W"
V+J,mouse,TRAV7D-5,TRAJ24,C/F,1.0,1,TRA,"C/C,C/F,C/L,C/W"
V+J,mouse,TRAV6D-3,TRAJ7,C/L,1.0,1,TRA,"C/C,C/F,C/L,C/W"
V+J,mouse,TRAV6-1,TRAJ57,C/F,1.0,1,TRA,"C/C,C/F,C/L,C/W"
V+J,mouse,TRAV7N-6,TRAJ5,C/F,1.0,1,TRA,"C/C,C/F,C/L,C/W"
V+J,mouse,TRAV7-6,TRAJ27,C/F,1.0,1,TRA,"C/C,C/F,C/L,C/W"
V+J,mouse,TRAV6N-5,TRAJ15,C/F,1.0,1,TRA,"C/C,C/F,C/L,C/W"
V+J,mouse,TRAV12D-1,TRAJ24,C/F,1.0,1,TRA,"C/C,C/F,C/L,C/W"
V+J,mouse,TRAV4-2,TRAJ58,C/F,1.0,1,TRA,"C/C,C/F,C/L,C/W"
V+J,mouse,TRAV4N-4,TRAJ37,C/F,1.0,1,TRA,"C/C,C/F,C/L,C/W"
V+J,mouse,TRAV14N-3,TRAJ40,C/F,1.0,1,TRA,"C/C,C/F,C/L,C/W"
V+J,mouse,TRAV4N-4,TRAJ43,C/F,1.0,1,TRA,"C/C,C/F,C/L,C/W"
V+J,mouse,TRAV4N-3,TRAJ12,C/F,1.0,1,TRA,"C/C,C/F,C/L,C/W"
V+J,mouse,TRAV4N-3,TRAJ27,C/F,1.0,1,TRA,"C/C,C/F,C/L,C/W"
V+J,mouse,TRAV4N-4,TRAJ15,C/F,1.0,1,TRA,"C/C,C/F,C/L,C/W"
V+J,mouse,TRAV4D-4,TRAJ58,C/F,1.0,1,TRA,"C/C,C/F,C/L,C/W"
V+J,mouse,TRAV4D-3,TRAJ52,C/F,1.0,1,TRA,"C/C,C/F,C/L,C/W"
V+J,mouse,TRAV14D-1,TRAJ24,C/F,1.0,1,TRA,"C/C,C/F,C/L,C/W"
V+J,mouse,TRAV3N-3,TRAJ24,C/F,1.0,1,TRA,"C/C,C/F,C/L,C/W"
V+J,mouse,TRAV4N-4,TRAJ30,C/F,1.0,1,TRA,"C/C,C/F,C/L,C/W"
V+J,mouse,TRAV14D-3/DV8,TRAJ57,C/F,1.0,1,TRA,"C/C,C/F,C/L,C/W"
V+J,mouse,TRAV5N-4,TRAJ50,C/F,1.0,1,TRA,"C/C,C/F,C/L,C/W"
V+J,mouse,TRAV4N-4,TRAJ6,C/F,1.0,1,TRA,"C/C,C/F,C/L,C/W"
V+J,mouse,TRAV4N-4,TRAJ45,C/F,1.0,1,TRA,"C/C,C/F,C/L,C/W"
V+J,mouse,TRAV14-2,TRAJ24,C/F,1.0,1,TRA,"C/C,C/F,C/L,C/W"
V+J,mouse,TRAV14N-2,TRAJ16,C/F,1.0,1,TRA,"C/C,C/F,C/L,C/W"
V+J,mouse,TRAV5N-4,TRAJ52,C/F,1.0,1,TRA,"C/C,C/F,C/L,C/W"
V+J,mouse,TRAV4N-4,TRAJ13,C/F,1.0,1,TRA,"C/C,C/F,C/L,C/W"
V+J,mouse,TRAV5N-4,TRAJ22,C/F,1.0,1,TRA,"C/C,C/F,C/L,C/W"
V+J,mouse,TRAV4D-3,TRAJ24,C/F,1.0,1,TRA,"C/C,C/F,C/L,C/W"
V+J,mouse,TRAV3N-3,TRAJ16,C/F,1.0,1,TRA,"C/C,C/F,C/L,C/W"
V+J,mouse,TRAV13N-2,TRAJ30,C/F,1.0,1,TRA,"C/C,C/F,C/L,C/W"
V+J,mouse,TRAV6N-5,TRAJ21,C/F,1.0,1,TRA,"C/C,C/F,C/L,C/W"
V+J,mouse,TRAV6N-5,TRAJ5,C/F,1.0,1,TRA,"C/C,C/F,C/L,C/W"
V+J,mouse,TRAV6N-7,TRAJ24,C/F,1.0,1,TRA,"C/C,C/F,C/L,C/W"
V+J,mouse,TRAV6N-5,TRAJ7,C/L,1.0,1,TRA,"C/C,C/F,C/L,C/W"
V+J,mouse,TRAV6N-5,TRAJ30,C/F,1.0,1,TRA,"C/C,C/F,C/L,C/W"
V+J,mouse,TRAV12D-1,TRAJ39,C/F,1.0,1,TRA,"C/C,C/F,C/L,C/W"
V+J,mouse,TRAV12N-3,TRAJ42,C/F,1.0,1,TRA,"C/C,C/F,C/L,C/W"
V+J,mouse,TRAV12N-1,TRAJ52,C/F,1.0,1,TRA,"C/C,C/F,C/L,C/W"
V+J,mouse,TRAV6-7/DV9,TRAJ12,C/F,1.0,1,TRA,"C/C,C/F,C/L,C/W"
V+J,mouse,TRAV12N-3,TRAJ31,C/F,1.0,1,TRA,"C/C,C/F,C/L,C/W"
V+J,mouse,TRAV12D-1,TRAJ33,C/W,1.0,1,TRA,"C/C,C/F,C/L,C/W"
V+J,mouse,TRAV12N-3,TRAJ39,C/F,1.0,1,TRA,"C/C,C/F,C/L,C/W"
V+J,mouse,TRAV12N-1,TRAJ5,C/F,1.0,1,TRA,"C/C,C/F,C/L,C/W"
V+J,mouse,TRAV12N-3,TRAJ21,C/F,1.0,1,TRA,"C/C,C/F,C/L,C/W"
V+J,mouse,TRAV12N-3,TRAJ28,C/F,1.0,1,TRA,"C/C,C/F,C/L,C/W"
V+J,mouse,TRAV12N-3,TRAJ6,C/F,1.0,1,TRA,"C/C,C/F,C/L,C/W"
V+J,mouse,TRAV9N-4,TRAJ45,C/F,1.0,1,TRA,"C/C,C/F,C/L,C/W"
V+J,mouse,TRAV12N-3,TRAJ13,C/F,1.0,1,TRA,"C/C,C/F,C/L,C/W"
V+J,mouse,TRAV12N-3,TRAJ37,C/F,1.0,1,TRA,"C/C,C/F,C/L,C/W"
V+J,mouse,TRAV15N-1,TRAJ26,C/F,1.0,1,TRA,"C/C,C/F,C/L,C/W"
V+J,mouse,TRAV15N-1,TRAJ33,C/W,1.0,1,TRA,"C/C,C/F,C/L,C/W"
V+J,mouse,TRAV15N-1,TRAJ30,C/F,1.0,1,TRA,"C/C,C/F,C/L,C/W"
V+J,mouse,TRAV15N-1,TRAJ2,C/F,1.0,1,TRA,"C/C,C/F,C/L,C/W"
V+J,mouse,TRAV15N-1,TRAJ21,C/F,1.0,1,TRA,"C/C,C/F,C/L,C/W"
V+J,mouse,TRAV13N-3,TRAJ26,C/F,1.0,1,TRA,"C/C,C/F,C/L,C/W"
V+J,mouse,TRAV13D-4,TRAJ40,C/F,1.0,1,TRA,"C/C,C/F,C/L,C/W"
V+J,mouse,TRAV13D-4,TRAJ33,C/W,1.0,1,TRA,"C/C,C/F,C/L,C/W"
V+J,mouse,TRAV6D-3,TRAJ31,C/F,1.0,1,TRA,"C/C,C/F,C/L,C/W"
V+J,mouse,TRAV16D/DV11,TRAJ5,C/F,1.0,1,TRA,"C/C,C/F,C/L,C/W"
V+J,mouse,TRAV16D/DV11,TRAJ57,C/F,1.0,1,TRA,"C/C,C/F,C/L,C/W"
V+J,mouse,TRAV16D/DV11,TRAJ44,C/L,1.0,1,TRA,"C/C,C/F,C/L,C/W"
V+J,mouse,TRAV6D-3,TRAJ50,C/F,1.0,1,TRA,"C/C,C/F,C/L,C/W"
V+J,mouse,TRAV6D-3,TRAJ13,C/F,1.0,1,TRA,"C/C,C/F,C/L,C/W"
V+J,mouse,TRAV16D/DV11,TRAJ43,C/F,1.0,1,TRA,"C/C,C/F,C/L,C/W"
V+J,mouse,TRAV12N-3,TRAJ16,C/F,1.0,1,TRA,"C/C,C/F,C/L,C/W"
V+J,mouse,TRAV8-2,TRAJ6,C/F,1.0,1,TRA,"C/C,C/F,C/L,C/W"
V+J,mouse,TRAV8D-2,TRAJ24,C/F,1.0,1,TRA,"C/C,C/F,C/L,C/W"
V+J,mouse,TRAV10,TRAJ5,C/F,1.0,1,TRA,"C/C,C/F,C/L,C/W"
V+J,mouse,TRAV9D-4,TRAJ33,C/W,1.0,1,TRA,"C/C,C/F,C/L,C/W"
V+J,mouse,TRAV7N-6,TRAJ32,C/F,1.0,1,TRA,"C/C,C/F,C/L,C/W"
V+J,mouse,TRAV3N-3,TRAJ39,C/F,1.0,1,TRA,"C/C,C/F,C/L,C/W"
V+J,mouse,TRAV3N-3,TRAJ13,C/F,1.0,1,TRA,"C/C,C/F,C/L,C/W"
V+J,mouse,TRAV7N-6,TRAJ39,C/F,1.0,1,TRA,"C/C,C/F,C/L,C/W"
V+J,mouse,TRAV9D-4,TRAJ44,C/L,1.0,1,TRA,"C/C,C/F,C/L,C/W"
V+J,mouse,TRAV3N-3,TRAJ43,C/F,1.0,1,TRA,"C/C,C/F,C/L,C/W"
V+J,mouse,TRAV3N-3,TRAJ12,C/F,1.0,1,TRA,"C/C,C/F,C/L,C/W"
V+J,mouse,TRAV3N-3,TRAJ48,C/F,1.0,1,TRA,"C/C,C/F,C/L,C/W"
V+J,mouse,TRAV7N-5,TRAJ24,C/F,1.0,1,TRA,"C/C,C/F,C/L,C/W"
V+J,mouse,TRAV7N-5,TRAJ39,C/F,1.0,1,TRA,"C/C,C/F,C/L,C/W"
V+J,mouse,TRAV9N-3,TRAJ13,C/F,1.0,1,TRA,"C/C,C/F,C/L,C/W"
V+J,mouse,TRAV9N-3,TRAJ7,C/L,1.0,1,TRA,"C/C,C/F,C/L,C/W"
V+J,mouse,TRAV7N-6,TRAJ33,C/W,1.0,1,TRA,"C/C,C/F,C/L,C/W"
V+J,mouse,TRAV3N-3,TRAJ30,C/F,1.0,1,TRA,"C/C,C/F,C/L,C/W"
V+J,mouse,TRAV3N-3,TRAJ15,C/F,1.0,1,TRA,"C/C,C/F,C/L,C/W"
V+J,mouse,TRAV9D-4,TRAJ37,C/F,1.0,1,TRA,"C/C,C/F,C/L,C/W"
V+J,mouse,TRAV18,TRAJ58,C/F,1.0,1,TRA,"C/C,C/F,C/L,C/W"
V+J,mouse,TRAV6-1,TRAJ24,C/F,1.0,1,TRA,"C/C,C/F,C/L,C/W"
V+J,mouse,TRAV9N-2,TRAJ7,C/L,1.0,1,TRA,"C/C,C/F,C/L,C/W"
V+J,mouse,TRAV9N-2,TRAJ18,C/F,1.0,1,TRA,"C/C,C/F,C/L,C/W"
V+J,mouse,TRAV9N-2,TRAJ27,C/F,1.0,1,TRA,"C/C,C/F,C/L,C/W"
V+J,mouse,TRAV9N-2,TRAJ39,C/F,1.0,1,TRA,"C/C,C/F,C/L,C/W"
V+J,mouse,TRAV9N-2,TRAJ48,C/F,1.0,1,TRA,"C/C,C/F,C/L,C/W"
V+J,mouse,TRAV9N-2,TRAJ57,C/F,1.0,1,TRA,"C/C,C/F,C/L,C/W"
V+J,mouse,TRAV9N-2,TRAJ30,C/F,1.0,1,TRA,"C/C,C/F,C/L,C/W"
V+J,mouse,TRAV11,TRAJ26,C/F,1.0,1,TRA,"C/C,C/F,C/L,C/W"
V+J,mouse,TRAV11N,TRAJ32,C/F,1.0,1,TRA,"C/C,C/F,C/L,C/W"
V+J,mouse,TRAV14N-2,TRAJ35,C/F,1.0,1,TRA,"C/C,C/F,C/L,C/W"
V+J,mouse,TRAV6D-6,TRAJ5,C/F,1.0,1,TRA,"C/C,C/F,C/L,C/W"
V+J,mouse,TRAV7D-3,TRAJ24,C/F,1.0,1,TRA,"C/C,C/F,C/L,C/W"
V+J,mouse,TRAV7-6,TRAJ44,C/L,1.0,1,TRA,"C/C,C/F,C/L,C/W"
V+J,mouse,TRAV12N-2,TRAJ42,C/F,1.0,1,TRA,"C/C,C/F,C/L,C/W"
V+J,mouse,TRAV14N-1,TRAJ9,C/F,1.0,1,TRA,"C/C,C/F,C/L,C/W"
V+J,mouse,TRAV14N-3,TRAJ18,C/F,1.0,1,TRA,"C/C,C/F,C/L,C/W"
V+J,mouse,TRAV10D,TRAJ56,C/F,1.0,1,TRA,"C/C,C/F,C/L,C/W"
V+J,mouse,TRAV6D-3,TRAJ53,C/F,1.0,1,TRA,"C/C,C/F,C/L,C/W"
V+J,mouse,TRAV6D-3,TRAJ38,C/W,1.0,1,TRA,"C/C,C/F,C/L,C/W"
V+J,mouse,TRAV14N-3,TRAJ44,C/L,1.0,1,TRA,"C/C,C/F,C/L,C/W"
V+J,mouse,TRAV14N-3,TRAJ48,C/F,1.0,1,TRA,"C/C,C/F,C/L,C/W"
V+J,mouse,TRAV12N-2,TRAJ48,C/F,1.0,1,TRA,"C/C,C/F,C/L,C/W"
V+J,mouse,TRAV7N-5,TRAJ35,C/F,1.0,1,TRA,"C/C,C/F,C/L,C/W"
V+J,mouse,TRAV13N-2,TRAJ53,C/F,1.0,1,TRA,"C/C,C/F,C/L,C/W"
V+J,mouse,TRAV12N-2,TRAJ35,C/F,1.0,1,TRA,"C/C,C/F,C/L,C/W"
V+J,mouse,TRAV14N-2,TRAJ15,C/F,1.0,1,TRA,"C/C,C/F,C/L,C/W"
V+J,mouse,TRAV14N-2,TRAJ44,C/L,1.0,1,TRA,"C/C,C/F,C/L,C/W"
V+J,mouse,TRAV9-4,TRAJ11,C/F,1.0,1,TRA,"C/C,C/F,C/L,C/W"
V+J,mouse,TRAV12N-2,TRAJ40,C/F,1.0,1,TRA,"C/C,C/F,C/L,C/W"
V+J,mouse,TRAV12N-1,TRAJ42,C/F,1.0,1,TRA,"C/C,C/F,C/L,C/W"
V+J,mouse,TRAV6N-7,TRAJ17,C/F,1.0,1,TRA,"C/C,C/F,C/L,C/W"
V+J,mouse,TRAV14N-1,TRAJ12,C/F,1.0,1,TRA,"C/C,C/F,C/L,C/W"
V+J,mouse,TRAV14N-2,TRAJ18,C/F,1.0,1,TRA,"C/C,C/F,C/L,C/W"
V+J,mouse,TRAV6N-5,TRAJ6,C/F,1.0,1,TRA,"C/C,C/F,C/L,C/W"
V+J,mouse,TRAV13N-3,TRAJ7,C/L,1.0,1,TRA,"C/C,C/F,C/L,C/W"
V+J,mouse,TRAV12N-2,TRAJ45,C/F,1.0,1,TRA,"C/C,C/F,C/L,C/W"
V+J,mouse,TRAV9N-3,TRAJ34,C/F,1.0,1,TRA,"C/C,C/F,C/L,C/W"
V+J,mouse,TRAV10N,TRAJ57,C/F,1.0,1,TRA,"C/C,C/F,C/L,C/W"
V+J,mouse,TRAV5N-4,TRAJ9,C/F,1.0,1,TRA,"C/C,C/F,C/L,C/W"
V+J,mouse,TRAV13N-2,TRAJ56,C/F,1.0,1,TRA,"C/C,C/F,C/L,C/W"
V+J,mouse,TRAV6N-7,TRAJ35,C/F,1.0,1,TRA,"C/C,C/F,C/L,C/W"
V+J,mouse,TRAV7-3,TRAJ58,C/F,1.0,1,TRA,"C/C,C/F,C/L,C/W"
V+J,mouse,TRAV14N-3,TRAJ49,C/F,1.0,1,TRA,"C/C,C/F,C/L,C/W"
V+J,mouse,TRAV6N-5,TRAJ23,C/F,1.0,1,TRA,"C/C,C/F,C/L,C/W"
V+J,mouse,TRAV1,TRAJ24,C/F,1.0,1,TRA,"C/C,C/F,C/L,C/W"
V+J,mouse,TRAV7N-5,TRAJ34,C/F,1.0,1,TRA,"C/C,C/F,C/L,C/W"
V+J,mouse,TRAV17,TRAJ18,C/F,1.0,1,TRA,"C/C,C/F,C/L,C/W"
V+J,mouse,TRAV12N-1,TRAJ49,C/F,1.0,1,TRA,"C/C,C/F,C/L,C/W"
V+J,mouse,TRAV6N-7,TRAJ5,C/F,1.0,1,TRA,"C/C,C/F,C/L,C/W"
V+J,mouse,TRAV14N-2,TRAJ49,C/F,1.0,1,TRA,"C/C,C/F,C/L,C/W"
V+J,mouse,TRAV16N,TRAJ56,C/F,1.0,1,TRA,"C/C,C/F,C/L,C/W"
V+J,mouse,TRAV12N-1,TRAJ57,C/F,1.0,1,TRA,"C/C,C/F,C/L,C/W"
V+J,mouse,TRAV6N-7,TRAJ16,C/F,1.0,1,TRA,"C/C,C/F,C/L,C/W"
V+J,mouse,TRAV14N-2,TRAJ32,C/F,1.0,1,TRA,"C/C,C/F,C/L,C/W"
V+J,mouse,TRAV10N,TRAJ24,C/F,1.0,1,TRA,"C/C,C/F,C/L,C/W"
V+J,mouse,TRAV5-1,TRAJ28,C/F,1.0,1,TRA,"C/C,C/F,C/L,C/W"
V+J,mouse,TRAV12N-2,TRAJ43,C/F,1.0,1,TRA,"C/C,C/F,C/L,C/W"
V+J,mouse,TRAV14N-1,TRAJ38,C/W,1.0,1,TRA,"C/C,C/F,C/L,C/W"
V+J,mouse,TRAV13N-3,TRAJ37,C/F,1.0,1,TRA,"C/C,C/F,C/L,C/W"
V+J,mouse,TRAV5N-4,TRAJ28,C/F,1.0,1,TRA,"C/C,C/F,C/L,C/W"
V+J,mouse,TRAV14N-2,TRAJ6,C/F,1.0,1,TRA,"C/C,C/F,C/L,C/W"
V+J,mouse,TRAV7N-5,TRAJ7,C/L,1.0,1,TRA,"C/C,C/F,C/L,C/W"
V+J,mouse,TRAV13N-2,TRAJ48,C/F,1.0,1,TRA,"C/C,C/F,C/L,C/W"
V+J,mouse,TRAV14N-3,TRAJ33,C/W,1.0,1,TRA,"C/C,C/F,C/L,C/W"
V+J,mouse,TRAV12N-1,TRAJ15,C/F,1.0,1,TRA,"C/C,C/F,C/L,C/W"
V+J,mouse,TRAV6N-5,TRAJ18,C/F,1.0,1,TRA,"C/C,C/F,C/L,C/W"
V+J,mouse,TRAV10D,TRAJ44,C/L,1.0,1,TRA,"C/C,C/F,C/L,C/W"
V+J,mouse,TRAV5N-4,TRAJ7,C/L,1.0,1,TRA,"C/C,C/F,C/L,C/W"
V+J,mouse,TRAV13N-2,TRAJ49,C/F,1.0,1,TRA,"C/C,C/F,C/L,C/W"
V+J,mouse,TRAV7N-5,TRAJ37,C/F,1.0,1,TRA,"C/C,C/F,C/L,C/W"
V+J,mouse,TRAV14N-1,TRAJ53,C/F,1.0,1,TRA,"C/C,C/F,C/L,C/W"
V+J,mouse,TRAV7N-4,TRAJ28,C/F,1.0,1,TRA,"C/C,C/F,C/L,C/W"
V+J,mouse,TRAV6N-5,TRAJ44,C/L,1.0,1,TRA,"C/C,C/F,C/L,C/W"
V+J,mouse,TRAV14N-1,TRAJ44,C/L,1.0,1,TRA,"C/C,C/F,C/L,C/W"
V+J,mouse,TRAV8D-1,TRAJ50,C/F,1.0,1,TRA,"C/C,C/F,C/L,C/W"
V+J,mouse,TRAV12N-1,TRAJ24,C/F,1.0,1,TRA,"C/C,C/F,C/L,C/W"
V+J,mouse,TRAV6N-5,TRAJ13,C/F,1.0,1,TRA,"C/C,C/F,C/L,C/W"
V+J,mouse,TRAV7N-5,TRAJ12,C/F,1.0,1,TRA,"C/C,C/F,C/L,C/W"
V+J,mouse,TRAV12N-1,TRAJ45,C/F,1.0,1,TRA,"C/C,C/F,C/L,C/W"
V+J,mouse,TRAV5N-4,TRAJ16,C/F,1.0,1,TRA,"C/C,C/F,C/L,C/W"
V+J,mouse,TRAV3-1,TRAJ42,C/F,1.0,1,TRA,"C/C,C/F,C/L,C/W"
V+J,mouse,TRAV13-1,TRAJ5,C/F,1.0,1,TRA,"C/C,C/F,C/L,C/W"
V+J,mouse,TRAV7N-5,TRAJ49,C/F,1.0,1,TRA,"C/C,C/F,C/L,C/W"
V+J,mouse,TRAV14N-3,TRAJ21,C/F,1.0,1,TRA,"C/C,C/F,C/L,C/W"
V+J,mouse,TRAV5N-4,TRAJ43,C/F,1.0,1,TRA,"C/C,C/F,C/L,C/W"
V+J,mouse,TRAV12N-2,TRAJ33,C/W,1.0,1,TRA,"C/C,C/F,C/L,C/W"
V+J,mouse,TRAV13N-2,TRAJ37,C/F,1.0,1,TRA,"C/C,C/F,C/L,C/W"
V+J,mouse,TRAV9N-4,TRAJ5,C/F,1.0,1,TRA,"C/C,C/F,C/L,C/W"
V+J,mouse,TRAV5N-4,TRAJ49,C/F,1.0,1,TRA,"C/C,C/F,C/L,C/W"
V+J,mouse,TRAV6D-4,TRAJ35,C/F,1.0,1,TRA,"C/C,C/F,C/L,C/W"
V+J,mouse,TRAV6N-5,TRAJ58,C/F,1.0,1,TRA,"C/C,C/F,C/L,C/W"
V+J,mouse,TRAV12N-2,TRAJ56,C/F,1.0,1,TRA,"C/C,C/F,C/L,C/W"
V+J,mouse,TRAV12N-1,TRAJ31,C/F,1.0,1,TRA,"C/C,C/F,C/L,C/W"
V+J,mouse,TRAV6N-7,TRAJ6,C/F,1.0,1,TRA,"C/C,C/F,C/L,C/W"
V+J,mouse,TRAV4-2,TRAJ24,C/F,1.0,1,TRA,"C/C,C/F,C/L,C/W"
V+J,mouse,TRAV9N-3,TRAJ48,C/F,1.0,1,TRA,"C/C,C/F,C/L,C/W"
V+J,mouse,TRAV13-1,TRAJ24,C/F,1.0,1,TRA,"C/C,C/F,C/L,C/W"
V+J,mouse,TRAV12N-1,TRAJ37,C/F,1.0,1,TRA,"C/C,C/F,C/L,C/W"
V+J,mouse,TRAV14N-2,TRAJ43,C/F,1.0,1,TRA,"C/C,C/F,C/L,C/W"
V+J,mouse,TRAV6N-5,TRAJ53,C/F,1.0,1,TRA,"C/C,C/F,C/L,C/W"
V+J,mouse,TRAV14N-1,TRAJ45,C/F,1.0,1,TRA,"C/C,C/F,C/L,C/W"
V+J,mouse,TRAV14N-2,TRAJ21,C/F,1.0,1,TRA,"C/C,C/F,C/L,C/W"
V+J,mouse,TRAV7N-5,TRAJ45,C/F,1.0,1,TRA,"C/C,C/F,C/L,C/W"
V+J,mouse,TRAV6D-4,TRAJ43,C/F,1.0,1,TRA,"C/C,C/F,C/L,C/W"
V+J,mouse,TRAV10N,TRAJ43,C/F,1.0,1,TRA,"C/C,C/F,C/L,C/W"
V+J,mouse,TRAV14N-1,TRAJ17,C/F,1.0,1,TRA,"C/C,C/F,C/L,C/W"
V+J,mouse,TRAV13N-3,TRAJ40,C/F,1.0,1,TRA,"C/C,C/F,C/L,C/W"
V+J,mouse,TRAV14N-1,TRAJ48,C/F,1.0,1,TRA,"C/C,C/F,C/L,C/W"
V+J,mouse,TRAV12-3,TRAJ24,C/F,1.0,1,TRA,"C/C,C/F,C/L,C/W"
V+J,mouse,TRAV7N-6,TRAJ23,C/F,1.0,1,TRA,"C/C,C/F,C/L,C/W"
V+J,mouse,TRAV12N-1,TRAJ58,C/F,1.0,1,TRA,"C/C,C/F,C/L,C/W"
V+J,mouse,TRAV14N-1,TRAJ52,C/F,1.0,1,TRA,"C/C,C/F,C/L,C/W"
V+J,mouse,TRAV14N-3,TRAJ13,C/F,1.0,1,TRA,"C/C,C/F,C/L,C/W"
V+J,mouse,TRAV6D-3,TRAJ45,C/F,1.0,1,TRA,"C/C,C/F,C/L,C/W"
V+J,mouse,TRAV4-2,TRAJ7,C/L,1.0,1,TRA,"C/C,C/F,C/L,C/W"
V+J,mouse,TRAV14N-1,TRAJ16,C/F,1.0,1,TRA,"C/C,C/F,C/L,C/W"
V+J,mouse,TRAV14N-2,TRAJ5,C/F,1.0,1,TRA,"C/C,C/F,C/L,C/W"
V+J,mouse,TRAV4N-4,TRAJ34,C/F,1.0,1,TRA,"C/C,C/F,C/L,C/W"
V+J,mouse,TRAV12N-1,TRAJ7,C/L,1.0,1,TRA,"C/C,C/F,C/L,C/W"
V+J,mouse,TRAV12N-2,TRAJ2,C/F,1.0,1,TRA,"C/C,C/F,C/L,C/W"
V+J,mouse,TRAV12N-1,TRAJ44,C/L,1.0,1,TRA,"C/C,C/F,C/L,C/W"
V+J,mouse,TRAV17,TRAJ12,C/F,1.0,1,TRA,"C/C,C/F,C/L,C/W"
V+J,mouse,TRAV12N-2,TRAJ5,C/F,1.0,1,TRA,"C/C,C/F,C/L,C/W"
V+J,mouse,TRAV13N-3,TRAJ18,C/F,1.0,1,TRA,"C/C,C/F,C/L,C/W"
V+J,mouse,TRAV14-3,TRAJ38,C/W,1.0,1,TRA,"C/C,C/F,C/L,C/W"
V+J,mouse,TRAV7N-6,TRAJ7,C/L,1.0,1,TRA,"C/C,C/F,C/L,C/W"
V+J,mouse,TRAV7N-6,TRAJ22,C/F,1.0,1,TRA,"C/C,C/F,C/L,C/W"
V+J,mouse,TRAV6N-7,TRAJ13,C/F,1.0,1,TRA,"C/C,C/F,C/L,C/W"
V+J,mouse,TRAV7N-6,TRAJ44,C/L,1.0,1,TRA,"C/C,C/F,C/L,C/W"
V+J,mouse,TRAV7N-6,TRAJ9,C/F,1.0,1,TRA,"C/C,C/F,C/L,C/W"
V+J,human,TRAV9-1,TRAJ33,C/W,1.0,1,TRA,"C/C,C/F,C/L,C/W"
V+J,human,TRAV9-1,TRAJ52,C/F,1.0,1,TRA,"C/C,C/F,C/L,C/W"
V+J,human,TRAV14/DV4,TRAJ2,C/F,1.0,1,TRA,"C/C,C/F,C/L,C/W"
V+J,human,TRAV9-1,TRAJ50,C/F,1.0,1,TRA,"C/C,C/F,C/L,C/W"
V+J,human,TRAV12-1,TRAJ14,C/F,1.0,1,TRA,"C/C,C/F,C/L,C/W"
V+J,human,TRAV34,TRAJ31,C/F,1.0,1,TRA,"C/C,C/F,C/L,C/W"
J,human,,TRAJ49,C/F,1.0,71847,TRA,"C/C,C/F,C/L,C/W"
J,human,,TRAJ6,C/F,1.0,70310,TRA,"C/C,C/F,C/L,C/W"
J,human,,TRAJ33,C/W,1.0,65517,TRA,"C/C,C/F,C/L,C/W"
J,human,,TRAJ40,C/F,1.0,63738,TRA,"C/C,C/F,C/L,C/W"
J,human,,TRAJ42,C/F,1.0,63237,TRA,"C/C,C/F,C/L,C/W"
J,human,,TRAJ37,C/F,1.0,60730,TRA,"C/C,C/F,C/L,C/W"
J,human,,TRAJ52,C/F,1.0,59291,TRA,"C/C,C/F,C/L,C/W"
J,human,,TRAJ45,C/F,1.0,54179,TRA,"C/C,C/F,C/L,C/W"
J,human,,TRAJ20,C/F,1.0,53295,TRA,"C/C,C/F,C/L,C/W"
J,human,,TRAJ54,C/F,1.0,52557,TRA,"C/C,C/F,C/L,C/W"
J,human,,TRAJ53,C/F,1.0,52213,TRA,"C/C,C/F,C/L,C/W"
J,human,,TRAJ48,C/F,1.0,51050,TRA,"C/C,C/F,C/L,C/W"
J,human,,TRAJ39,C/F,1.0,49023,TRA,"C/C,C/F,C/L,C/W"
J,human,,TRAJ43,C/F,1.0,48189,TRA,"C/C,C/F,C/L,C/W"
J,human,,TRAJ34,C/F,1.0,47642,TRA,"C/C,C/F,C/L,C/W"
J,human,,TRAJ23,C/F,1.0,47216,TRA,"C/C,C/F,C/L,C/W"
J,human,,TRAJ9,C/F,1.0,45837,TRA,"C/C,C/F,C/L,C/W"
J,human,,TRAJ29,C/F,1.0,42934,TRA,"C/C,C/F,C/L,C/W"
J,human,,TRAJ22,C/F,1.0,41411,TRA,"C/C,C/F,C/L,C/W"
J,human,,TRAJ13,C/F,1.0,40980,TRA,"C/C,C/F,C/L,C/W"
J,human,,TRAJ28,C/F,1.0,38968,TRA,"C/C,C/F,C/L,C/W"
J,human,,TRAJ30,C/F,1.0,38744,TRA,"C/C,C/F,C/L,C/W"
J,human,,TRAJ26,C/F,1.0,38592,TRA,"C/C,C/F,C/L,C/W"
J,human,,TRAJ44,C/F,1.0,36719,TRA,"C/C,C/F,C/L,C/W"
J,human,,TRAJ4,C/F,1.0,36023,TRA,"C/C,C/F,C/L,C/W"
J,human,,TRAJ10,C/F,1.0,35481,TRA,"C/C,C/F,C/L,C/W"
J,human,,TRAJ15,C/F,1.0,35056,TRA,"C/C,C/F,C/L,C/W"
J,human,,TRAJ32,C/F,1.0,33397,TRA,"C/C,C/F,C/L,C/W"
J,human,,TRAJ17,C/F,1.0,32016,TRA,"C/C,C/F,C/L,C/W"
J,human,,TRAJ57,C/F,1.0,31433,TRA,"C/C,C/F,C/L,C/W"
J,human,,TRAJ8,C/F,1.0,30679,TRA,"C/C,C/F,C/L,C/W"
J,human,,TRAJ36,C/F,1.0,29981,TRA,"C/C,C/F,C/L,C/W"
J,human,,TRAJ47,C/F,1.0,29353,TRA,"C/C,C/F,C/L,C/W"
J,human,,TRAJ27,C/F,1.0,29210,TRA,"C/C,C/F,C/L,C/W"
J,human,,TRAJ58,C/F,1.0,28488,TRA,"C/C,C/F,C/L,C/W"
J,human,,TRAJ5,C/F,1.0,28135,TRA,"C/C,C/F,C/L,C/W"
J,human,,TRAJ11,C/F,1.0,27805,TRA,"C/C,C/F,C/L,C/W"
J,human,,TRAJ21,C/F,1.0,27730,TRA,"C/C,C/F,C/L,C/W"
J,human,,TRAJ24,C/F,1.0,25141,TRA,"C/C,C/F,C/L,C/W"
J,human,,TRAJ12,C/F,1.0,25027,TRA,"C/C,C/F,C/L,C/W"
J,human,,TRAJ3,C/F,1.0,24846,TRA,"C/C,C/F,C/L,C/W"
J,human,,TRAJ41,C/F,1.0,23741,TRA,"C/C,C/F,C/L,C/W"
J,human,,TRAJ16,C/F,1.0,20245,TRA,"C/C,C/F,C/L,C/W"
J,human,,TRAJ18,C/F,1.0,19127,TRA,"C/C,C/F,C/L,C/W"
J,human,,TRAJ56,C/F,1.0,18616,TRA,"C/C,C/F,C/L,C/W"
J,human,,TRAJ38,C/W,1.0,17797,TRA,"C/C,C/F,C/L,C/W"
J,human,,TRAJ50,C/F,1.0,15744,TRA,"C/C,C/F,C/L,C/W"
J,human,,TRAJ35,C/C,0.9999316659833265,14633,TRA,"C/C,C/F,C/L,C/W"
J,human,,TRAJ7,C/F,1.0,13942,TRA,"C/C,C/F,C/L,C/W"
J,human,,TRAJ46,C/F,1.0,2222,TRA,"C/C,C/F,C/L,C/W"
J,mouse,,TRAJ26,C/F,1.0,1609,TRA,"C/C,C/F,C/L,C/W"
J,mouse,,TRAJ22,C/F,1.0,1546,TRA,"C/C,C/F,C/L,C/W"
J,mouse,,TRAJ31,C/F,1.0,1486,TRA,"C/C,C/F,C/L,C/W"
J,mouse,,TRAJ12,C/F,1.0,1200,TRA,"C/C,C/F,C/L,C/W"
J,mouse,,TRAJ18,C/F,1.0,1192,TRA,"C/C,C/F,C/L,C/W"
J,mouse,,TRAJ49,C/F,1.0,1183,TRA,"C/C,C/F,C/L,C/W"
J,mouse,,TRAJ40,C/F,1.0,1120,TRA,"C/C,C/F,C/L,C/W"
J,mouse,,TRAJ23,C/F,1.0,1075,TRA,"C/C,C/F,C/L,C/W"
J,mouse,,TRAJ30,C/F,1.0,1063,TRA,"C/C,C/F,C/L,C/W"
J,mouse,,TRAJ21,C/F,1.0,1058,TRA,"C/C,C/F,C/L,C/W"
J,mouse,,TRAJ27,C/F,1.0,1007,TRA,"C/C,C/F,C/L,C/W"
J,mouse,,TRAJ15,C/F,1.0,995,TRA,"C/C,C/F,C/L,C/W"
J,human,,TRAJ31,C/F,1.0,988,TRA,"C/C,C/F,C/L,C/W"
J,mouse,,TRAJ34,C/F,1.0,979,TRA,"C/C,C/F,C/L,C/W"
J,mouse,,TRAJ32,C/F,1.0,978,TRA,"C/C,C/F,C/L,C/W"
J,mouse,,TRAJ37,C/F,1.0,963,TRA,"C/C,C/F,C/L,C/W"
J,mouse,,TRAJ33,C/W,1.0,939,TRA,"C/C,C/F,C/L,C/W"
J,mouse,,TRAJ9,C/F,1.0,916,TRA,"C/C,C/F,C/L,C/W"
J,mouse,,TRAJ42,C/F,1.0,846,TRA,"C/C,C/F,C/L,C/W"
J,mouse,,TRAJ39,C/F,1.0,772,TRA,"C/C,C/F,C/L,C/W"
J,mouse,,TRAJ17,C/F,1.0,715,TRA,"C/C,C/F,C/L,C/W"
J,mouse,,TRAJ48,C/F,1.0,705,TRA,"C/C,C/F,C/L,C/W"
J,mouse,,TRAJ13,C/F,1.0,704,TRA,"C/C,C/F,C/L,C/W"
J,mouse,,TRAJ7,C/L,1.0,694,TRA,"C/C,C/F,C/L,C/W"
J,mouse,,TRAJ57,C/F,1.0,667,TRA,"C/C,C/F,C/L,C/W"
J,mouse,,TRAJ52,C/F,1.0,667,TRA,"C/C,C/F,C/L,C/W"
J,mouse,,TRAJ50,C/F,1.0,662,TRA,"C/C,C/F,C/L,C/W"
J,mouse,,TRAJ45,C/F,1.0,650,TRA,"C/C,C/F,C/L,C/W"
J,mouse,,TRAJ56,C/F,1.0,618,TRA,"C/C,C/F,C/L,C/W"
J,mouse,,TRAJ53,C/F,1.0,616,TRA,"C/C,C/F,C/L,C/W"
J,mouse,,TRAJ6,C/F,1.0,565,TRA,"C/C,C/F,C/L,C/W"
J,mouse,,TRAJ43,C/F,1.0,536,TRA,"C/C,C/F,C/L,C/W"
J,mouse,,TRAJ58,C/F,1.0,513,TRA,"C/C,C/F,C/L,C/W"
J,mouse,,TRAJ4,C/F,1.0,489,TRA,"C/C,C/F,C/L,C/W"
J,mouse,,TRAJ11,C/F,1.0,373,TRA,"C/C,C/F,C/L,C/W"
J,mouse,,TRAJ44,C/L,1.0,333,TRA,"C/C,C/F,C/L,C/W"
J,mouse,,TRAJ16,C/F,1.0,325,TRA,"C/C,C/F,C/L,C/W"
J,mouse,,TRAJ38,C/W,1.0,313,TRA,"C/C,C/F,C/L,C/W"
J,mouse,,TRAJ5,C/F,1.0,289,TRA,"C/C,C/F,C/L,C/W"
J,mouse,,TRAJ2,C/F,1.0,283,TRA,"C/C,C/F,C/L,C/W"
J,mouse,,TRAJ35,C/F,1.0,248,TRA,"C/C,C/F,C/L,C/W"
J,mouse,,TRAJ28,C/F,1.0,205,TRA,"C/C,C/F,C/L,C/W"
J,human,,TRAJ25,C/F,1.0,184,TRA,"C/C,C/F,C/L,C/W"
J,human,,TRAJ61,C/F,1.0,122,TRA,"C/C,C/F,C/L,C/W"
J,mouse,,TRAJ24,C/F,1.0,56,TRA,"C/C,C/F,C/L,C/W"
J,human,,TRAJ14,C/F,1.0,30,TRA,"C/C,C/F,C/L,C/W"
J,human,,TRAJ59,C/F,1.0,3,TRA,"C/C,C/F,C/L,C/W"
J,human,,TRAJ2,C/F,1.0,2,TRA,"C/C,C/F,C/L,C/W"
J/any-species,any,,TRAJ49,C/F,1.0,73030,TRA,"C/C,C/F,C/L,C/W"
J/any-species,any,,TRAJ6,C/F,1.0,70875,TRA,"C/C,C/F,C/L,C/W"
J/any-species,any,,TRAJ33,C/W,1.0,66456,TRA,"C/C,C/F,C/L,C/W"
J/any-species,any,,TRAJ40,C/F,1.0,64858,TRA,"C/C,C/F,C/L,C/W"
J/any-species,any,,TRAJ42,C/F,1.0,64083,TRA,"C/C,C/F,C/L,C/W"
J/any-species,any,,TRAJ37,C/F,1.0,61693,TRA,"C/C,C/F,C/L,C/W"
J/any-species,any,,TRAJ52,C/F,1.0,59958,TRA,"C/C,C/F,C/L,C/W"
J/any-species,any,,TRAJ45,C/F,1.0,54829,TRA,"C/C,C/F,C/L,C/W"
J/any-species,any,,TRAJ20,C/F,1.0,53295,TRA,"C/C,C/F,C/L,C/W"
J/any-species,any,,TRAJ53,C/F,1.0,52829,TRA,"C/C,C/F,C/L,C/W"
J/any-species,any,,TRAJ54,C/F,1.0,52557,TRA,"C/C,C/F,C/L,C/W"
J/any-species,any,,TRAJ48,C/F,1.0,51755,TRA,"C/C,C/F,C/L,C/W"
J/any-species,any,,TRAJ39,C/F,1.0,49795,TRA,"C/C,C/F,C/L,C/W"
J/any-species,any,,TRAJ43,C/F,1.0,48725,TRA,"C/C,C/F,C/L,C/W"
J/any-species,any,,TRAJ34,C/F,1.0,48621,TRA,"C/C,C/F,C/L,C/W"
J/any-species,any,,TRAJ23,C/F,1.0,48291,TRA,"C/C,C/F,C/L,C/W"
J/any-species,any,,TRAJ9,C/F,1.0,46753,TRA,"C/C,C/F,C/L,C/W"
J/any-species,any,,TRAJ22,C/F,1.0,42957,TRA,"C/C,C/F,C/L,C/W"
J/any-species,any,,TRAJ29,C/F,1.0,42934,TRA,"C/C,C/F,C/L,C/W"
J/any-species,any,,TRAJ13,C/F,1.0,41684,TRA,"C/C,C/F,C/L,C/W"
J/any-species,any,,TRAJ26,C/F,1.0,40201,TRA,"C/C,C/F,C/L,C/W"
J/any-species,any,,TRAJ30,C/F,1.0,39807,TRA,"C/C,C/F,C/L,C/W"
J/any-species,any,,TRAJ28,C/F,1.0,39173,TRA,"C/C,C/F,C/L,C/W"
J/any-species,any,,TRAJ44,C/F,0.9910126308971176,36719,TRA,"C/C,C/F,C/L,C/W"
J/any-species,any,,TRAJ4,C/F,1.0,36512,TRA,"C/C,C/F,C/L,C/W"
J/any-species,any,,TRAJ15,C/F,1.0,36051,TRA,"C/C,C/F,C/L,C/W"
J/any-species,any,,TRAJ10,C/F,1.0,35481,TRA,"C/C,C/F,C/L,C/W"
J/any-species,any,,TRAJ32,C/F,1.0,34375,TRA,"C/C,C/F,C/L,C/W"
J/any-species,any,,TRAJ17,C/F,1.0,32731,TRA,"C/C,C/F,C/L,C/W"
J/any-species,any,,TRAJ57,C/F,1.0,32100,TRA,"C/C,C/F,C/L,C/W"
J/any-species,any,,TRAJ8,C/F,1.0,30679,TRA,"C/C,C/F,C/L,C/W"
J/any-species,any,,TRAJ27,C/F,1.0,30217,TRA,"C/C,C/F,C/L,C/W"
J/any-species,any,,TRAJ36,C/F,1.0,29981,TRA,"C/C,C/F,C/L,C/W"
J/any-species,any,,TRAJ47,C/F,1.0,29353,TRA,"C/C,C/F,C/L,C/W"
J/any-species,any,,TRAJ58,C/F,1.0,29001,TRA,"C/C,C/F,C/L,C/W"
J/any-species,any,,TRAJ21,C/F,1.0,28788,TRA,"C/C,C/F,C/L,C/W"
J/any-species,any,,TRAJ5,C/F,1.0,28424,TRA,"C/C,C/F,C/L,C/W"
J/any-species,any,,TRAJ11,C/F,1.0,28178,TRA,"C/C,C/F,C/L,C/W"
J/any-species,any,,TRAJ12,C/F,1.0,26227,TRA,"C/C,C/F,C/L,C/W"
J/any-species,any,,TRAJ24,C/F,1.0,25197,TRA,"C/C,C/F,C/L,C/W"
J/any-species,any,,TRAJ3,C/F,1.0,24846,TRA,"C/C,C/F,C/L,C/W"
J/any-species,any,,TRAJ41,C/F,1.0,23741,TRA,"C/C,C/F,C/L,C/W"
J/any-species,any,,TRAJ16,C/F,1.0,20570,TRA,"C/C,C/F,C/L,C/W"
J/any-species,any,,TRAJ18,C/F,1.0,20319,TRA,"C/C,C/F,C/L,C/W"
J/any-species,any,,TRAJ56,C/F,1.0,19234,TRA,"C/C,C/F,C/L,C/W"
J/any-species,any,,TRAJ38,C/W,1.0,18110,TRA,"C/C,C/F,C/L,C/W"
J/any-species,any,,TRAJ50,C/F,1.0,16406,TRA,"C/C,C/F,C/L,C/W"
J/any-species,any,,TRAJ35,C/C,0.9832683779061954,14633,TRA,"C/C,C/F,C/L,C/W"
J/any-species,any,,TRAJ7,C/F,0.9525826728614375,13942,TRA,"C/C,C/F,C/L,C/W"
J/any-species,any,,TRAJ31,C/F,1.0,2474,TRA,"C/C,C/F,C/L,C/W"
J/any-species,any,,TRAJ46,C/F,1.0,2222,TRA,"C/C,C/F,C/L,C/W"
J/any-species,any,,TRAJ2,C/F,1.0,285,TRA,"C/C,C/F,C/L,C/W"
J/any-species,any,,TRAJ25,C/F,1.0,184,TRA,"C/C,C/F,C/L,C/W"
J/any-species,any,,TRAJ61,C/F,1.0,122,TRA,"C/C,C/F,C/L,C/W"
J/any-species,any,,TRAJ14,C/F,1.0,30,TRA,"C/C,C/F,C/L,C/W"
J/any-species,any,,TRAJ59,C/F,1.0,3,TRA,"C/C,C/F,C/L,C/W"
V+J,mouse,TRAV1-1,TRAJ21,C/F,1.0,114,TRA,"C/C,C/F,C/L,C/W"
V+J,mouse,TRAV5,TRAJ42,C/F,1.0,59,TRA,"C/C,C/F,C/L,C/W"
V+J,mouse,TRAV5,TRAJ45,C/F,1.0,42,TRA,"C/C,C/F,C/L,C/W"
V+J,mouse,TRAV5,TRAJ31,C/F,1.0,39,TRA,"C/C,C/F,C/L,C/W"
V+J,mouse,TRAV5,TRAJ53,C/F,1.0,27,TRA,"C/C,C/F,C/L,C/W"
V+J,mouse,TRAV3,TRAJ22,C/F,1.0,26,TRA,"C/C,C/F,C/L,C/W"
V+J,mouse,TRAV5,TRAJ57,C/F,1.0,23,TRA,"C/C,C/F,C/L,C/W"
V+J,mouse,TRAV1-1,TRAJ33,C/W,1.0,21,TRA,"C/C,C/F,C/L,C/W"
V+J,mouse,TRAV5,TRAJ34,C/F,1.0,21,TRA,"C/C,C/F,C/L,C/W"
V+J,mouse,TRAV1-1,TRAJ26,C/F,1.0,20,TRA,"C/C,C/F,C/L,C/W"
V+J,mouse,TRAV5,TRAJ32,C/F,1.0,20,TRA,"C/C,C/F,C/L,C/W"
V+J,mouse,TRAV7,TRAJ21,C/F,1.0,19,TRA,"C/C,C/F,C/L,C/W"
V+J,mouse,TRAV5,TRAJ12,C/F,1.0,19,TRA,"C/C,C/F,C/L,C/W"
V+J,mouse,TRAV5,TRAJ26,C/F,1.0,19,TRA,"C/C,C/F,C/L,C/W"
V+J,mouse,TRAV5,TRAJ33,C/W,1.0,19,TRA,"C/C,C/F,C/L,C/W"
V+J,mouse,TRAV5,TRAJ40,C/F,1.0,18,TRA,"C/C,C/F,C/L,C/W"
V+J,mouse,TRAV5,TRAJ49,C/F,1.0,18,TRA,"C/C,C/F,C/L,C/W"
V+J,mouse,TRAV5,TRAJ27,C/F,1.0,17,TRA,"C/C,C/F,C/L,C/W"
V+J,mouse,TRAV5,TRAJ22,C/F,1.0,17,TRA,"C/C,C/F,C/L,C/W"
V+J,mouse,TRAV6,TRAJ23,C/F,1.0,16,TRA,"C/C,C/F,C/L,C/W"
V+J,mouse,TRAV5,TRAJ18,C/F,1.0,16,TRA,"C/C,C/F,C/L,C/W"
V+J,mouse,TRAV5,TRAJ56,C/F,1.0,16,TRA,"C/C,C/F,C/L,C/W"
V+J,mouse,TRAV1-1,TRAJ30,C/F,1.0,15,TRA,"C/C,C/F,C/L,C/W"
V+J,mouse,TRAV3,TRAJ7,C/L,1.0,15,TRA,"C/C,C/F,C/L,C/W"
V+J,mouse,TRAV5,TRAJ30,C/F,1.0,15,TRA,"C/C,C/F,C/L,C/W"
V+J,mouse,TRAV7,TRAJ33,C/W,1.0,15,TRA,"C/C,C/F,C/L,C/W"
V+J,mouse,TRAV5,TRAJ17,C/F,1.0,14,TRA,"C/C,C/F,C/L,C/W"
V+J,mouse,TRAV5,TRAJ23,C/F,1.0,14,TRA,"C/C,C/F,C/L,C/W"
V+J,mouse,TRAV1-1,TRAJ17,C/F,1.0,14,TRA,"C/C,C/F,C/L,C/W"
V+J,mouse,TRAV5,TRAJ21,C/F,1.0,14,TRA,"C/C,C/F,C/L,C/W"
V+J,mouse,TRAV6,TRAJ39,C/F,1.0,14,TRA,"C/C,C/F,C/L,C/W"
V+J,mouse,TRAV3,TRAJ9,C/F,1.0,13,TRA,"C/C,C/F,C/L,C/W"
V+J,mouse,TRAV7,TRAJ9,C/F,1.0,13,TRA,"C/C,C/F,C/L,C/W"
V+J,mouse,TRAV5,TRAJ13,C/F,1.0,13,TRA,"C/C,C/F,C/L,C/W"
V+J,mouse,TRAV3,TRAJ21,C/F,1.0,13,TRA,"C/C,C/F,C/L,C/W"
V+J,mouse,TRAV1-1,TRAJ23,C/F,1.0,13,TRA,"C/C,C/F,C/L,C/W"
V+J,mouse,TRAV3,TRAJ27,C/F,1.0,13,TRA,"C/C,C/F,C/L,C/W"
V+J,mouse,TRAV1-1,TRAJ15,C/F,1.0,13,TRA,"C/C,C/F,C/L,C/W"
V+J,mouse,TRAV5,TRAJ9,C/F,1.0,13,TRA,"C/C,C/F,C/L,C/W"
V+J,mouse,TRAV5,TRAJ39,C/F,1.0,13,TRA,"C/C,C/F,C/L,C/W"
V+J,mouse,TRAV3,TRAJ34,C/F,1.0,12,TRA,"C/C,C/F,C/L,C/W"
V+J,mouse,TRAV7,TRAJ6,C/F,1.0,12,TRA,"C/C,C/F,C/L,C/W"
V+J,mouse,TRAV3,TRAJ31,C/F,1.0,12,TRA,"C/C,C/F,C/L,C/W"
V+J,mouse,TRAV5,TRAJ37,C/F,1.0,12,TRA,"C/C,C/F,C/L,C/W"
V+J,mouse,TRAV1-1,TRAJ22,C/F,1.0,12,TRA,"C/C,C/F,C/L,C/W"
V+J,mouse,TRAV5,TRAJ52,C/F,1.0,12,TRA,"C/C,C/F,C/L,C/W"
V+J,mouse,TRAV5,TRAJ50,C/F,1.0,12,TRA,"C/C,C/F,C/L,C/W"
V+J,mouse,TRAV5,TRAJ43,C/F,1.0,12,TRA,"C/C,C/F,C/L,C/W"
V+J,mouse,TRAV1-1,TRAJ27,C/F,1.0,11,TRA,"C/C,C/F,C/L,C/W"
V+J,mouse,TRAV3,TRAJ26,C/F,1.0,11,TRA,"C/C,C/F,C/L,C/W"
V+J,mouse,TRAV7,TRAJ31,C/F,1.0,11,TRA,"C/C,C/F,C/L,C/W"
V+J,mouse,TRAV5,TRAJ48,C/F,1.0,11,TRA,"C/C,C/F,C/L,C/W"
V+J,mouse,TRAV3,TRAJ30,C/F,1.0,11,TRA,"C/C,C/F,C/L,C/W"
V+J,mouse,TRAV7,TRAJ15,C/F,1.0,11,TRA,"C/C,C/F,C/L,C/W"
V+J,mouse,TRAV7,TRAJ30,C/F,1.0,11,TRA,"C/C,C/F,C/L,C/W"
V+J,mouse,TRAV1-1,TRAJ12,C/F,1.0,11,TRA,"C/C,C/F,C/L,C/W"
V+J,mouse,TRAV5,TRAJ7,C/L,1.0,11,TRA,"C/C,C/F,C/L,C/W"
V+J,mouse,TRAV7,TRAJ26,C/F,1.0,10,TRA,"C/C,C/F,C/L,C/W"
V+J,mouse,TRAV7,TRAJ22,C/F,1.0,10,TRA,"C/C,C/F,C/L,C/W"
V+J,mouse,TRAV7,TRAJ7,C/L,1.0,10,TRA,"C/C,C/F,C/L,C/W"
V+J,mouse,TRAV5,TRAJ15,C/F,1.0,10,TRA,"C/C,C/F,C/L,C/W"
V+J,mouse,TRAV3,TRAJ23,C/F,1.0,10,TRA,"C/C,C/F,C/L,C/W"
V+J,mouse,TRAV7,TRAJ39,C/F,1.0,9,TRA,"C/C,C/F,C/L,C/W"
V+J,mouse,TRAV1-1,TRAJ18,C/F,1.0,9,TRA,"C/C,C/F,C/L,C/W"
V+J,mouse,TRAV3,TRAJ12,C/F,1.0,9,TRA,"C/C,C/F,C/L,C/W"
V+J,mouse,TRAV6,TRAJ37,C/F,1.0,9,TRA,"C/C,C/F,C/L,C/W"
V+J,mouse,TRAV1-1,TRAJ32,C/F,1.0,9,TRA,"C/C,C/F,C/L,C/W"
V+J,mouse,TRAV6,TRAJ22,C/F,1.0,9,TRA,"C/C,C/F,C/L,C/W"
V+J,mouse,TRAV6,TRAJ30,C/F,1.0,9,TRA,"C/C,C/F,C/L,C/W"
V+J,mouse,TRAV3,TRAJ4,C/F,1.0,9,TRA,"C/C,C/F,C/L,C/W"
V+J,mouse,TRAV6,TRAJ9,C/F,1.0,9,TRA,"C/C,C/F,C/L,C/W"
V+J,mouse,TRAV6,TRAJ26,C/F,1.0,8,TRA,"C/C,C/F,C/L,C/W"
V+J,mouse,TRAV7,TRAJ12,C/F,1.0,8,TRA,"C/C,C/F,C/L,C/W"
V+J,mouse,TRAV7,TRAJ40,C/F,1.0,8,TRA,"C/C,C/F,C/L,C/W"
V+J,mouse,TRAV5,TRAJ6,C/F,1.0,8,TRA,"C/C,C/F,C/L,C/W"
V+J,mouse,TRAV5,TRAJ11,C/F,1.0,8,TRA,"C/C,C/F,C/L,C/W"
V+J,mouse,TRAV3,TRAJ39,C/F,1.0,8,TRA,"C/C,C/F,C/L,C/W"
V+J,mouse,TRAV6,TRAJ17,C/F,1.0,8,TRA,"C/C,C/F,C/L,C/W"
V+J,mouse,TRAV6,TRAJ31,C/F,1.0,8,TRA,"C/C,C/F,C/L,C/W"
V+J,mouse,TRAV3,TRAJ15,C/F,1.0,8,TRA,"C/C,C/F,C/L,C/W"
V+J,mouse,TRAV6,TRAJ12,C/F,1.0,8,TRA,"C/C,C/F,C/L,C/W"
V+J,mouse,TRAV7,TRAJ23,C/F,1.0,8,TRA,"C/C,C/F,C/L,C/W"
V+J,mouse,TRAV5,TRAJ44,C/L,1.0,8,TRA,"C/C,C/F,C/L,C/W"
V+J,mouse,TRAV7,TRAJ34,C/F,1.0,7,TRA,"C/C,C/F,C/L,C/W"
V+J,mouse,TRAV7,TRAJ27,C/F,1.0,7,TRA,"C/C,C/F,C/L,C/W"
V+J,mouse,TRAV1-1,TRAJ13,C/F,1.0,7,TRA,"C/C,C/F,C/L,C/W"
V+J,mouse,TRAV7,TRAJ18,C/F,1.0,7,TRA,"C/C,C/F,C/L,C/W"
V+J,mouse,TRAV6,TRAJ34,C/F,1.0,7,TRA,"C/C,C/F,C/L,C/W"
V+J,mouse,TRAV6,TRAJ27,C/F,1.0,7,TRA,"C/C,C/F,C/L,C/W"
V+J,mouse,TRAV6,TRAJ11,C/F,1.0,7,TRA,"C/C,C/F,C/L,C/W"
V+J,mouse,TRAV7,TRAJ32,C/F,1.0,7,TRA,"C/C,C/F,C/L,C/W"
V+J,mouse,TRAV3,TRAJ18,C/F,1.0,7,TRA,"C/C,C/F,C/L,C/W"
V+J,mouse,TRAV1-1,TRAJ9,C/F,1.0,7,TRA,"C/C,C/F,C/L,C/W"
V+J,mouse,TRAV6,TRAJ15,C/F,1.0,7,TRA,"C/C,C/F,C/L,C/W"
V+J,mouse,TRAV3,TRAJ13,C/F,1.0,7,TRA,"C/C,C/F,C/L,C/W"
V+J,mouse,TRAV5,TRAJ35,C/F,1.0,7,TRA,"C/C,C/F,C/L,C/W"
V+J,mouse,TRAV7,TRAJ4,C/F,1.0,6,TRA,"C/C,C/F,C/L,C/W"
V+J,mouse,TRAV5,TRAJ2,C/F,1.0,6,TRA,"C/C,C/F,C/L,C/W"
V+J,mouse,TRAV3,TRAJ11,C/F,1.0,6,TRA,"C/C,C/F,C/L,C/W"
V+J,mouse,TRAV5,TRAJ4,C/F,1.0,6,TRA,"C/C,C/F,C/L,C/W"
V+J,mouse,TRAV6,TRAJ33,C/W,1.0,6,TRA,"C/C,C/F,C/L,C/W"
V+J,mouse,TRAV6,TRAJ13,C/F,1.0,6,TRA,"C/C,C/F,C/L,C/W"
V+J,mouse,TRAV6,TRAJ18,C/F,1.0,6,TRA,"C/C,C/F,C/L,C/W"
V+J,mouse,TRAV3,TRAJ32,C/F,1.0,6,TRA,"C/C,C/F,C/L,C/W"
V+J,mouse,TRAV3,TRAJ37,C/F,1.0,6,TRA,"C/C,C/F,C/L,C/W"
V+J,mouse,TRAV7,TRAJ42,C/F,1.0,5,TRA,"C/C,C/F,C/L,C/W"
V+J,mouse,TRAV5,TRAJ38,C/W,1.0,5,TRA,"C/C,C/F,C/L,C/W"
V+J,mouse,TRAV1-1,TRAJ39,C/F,1.0,5,TRA,"C/C,C/F,C/L,C/W"
V+J,mouse,TRAV7,TRAJ17,C/F,1.0,5,TRA,"C/C,C/F,C/L,C/W"
V+J,mouse,TRAV3,TRAJ40,C/F,1.0,5,TRA,"C/C,C/F,C/L,C/W"
V+J,mouse,TRAV1-1,TRAJ37,C/F,1.0,5,TRA,"C/C,C/F,C/L,C/W"
V+J,mouse,TRAV1-1,TRAJ7,C/L,1.0,5,TRA,"C/C,C/F,C/L,C/W"
V+J,mouse,TRAV1-1,TRAJ16,C/F,1.0,5,TRA,"C/C,C/F,C/L,C/W"
V+J,mouse,TRAV1-1,TRAJ34,C/F,1.0,5,TRA,"C/C,C/F,C/L,C/W"
V+J,mouse,TRAV6,TRAJ21,C/F,1.0,5,TRA,"C/C,C/F,C/L,C/W"
V+J,mouse,TRAV5,TRAJ5,C/F,1.0,5,TRA,"C/C,C/F,C/L,C/W"
V+J,mouse,TRAV6,TRAJ4,C/F,1.0,5,TRA,"C/C,C/F,C/L,C/W"
V+J,mouse,TRAV3,TRAJ48,C/F,1.0,5,TRA,"C/C,C/F,C/L,C/W"
V+J,mouse,TRAV5,TRAJ58,C/F,1.0,5,TRA,"C/C,C/F,C/L,C/W"
V+J,mouse,TRAV3,TRAJ57,C/F,1.0,5,TRA,"C/C,C/F,C/L,C/W"
V+J,mouse,TRAV3,TRAJ16,C/F,1.0,4,TRA,"C/C,C/F,C/L,C/W"
V+J,mouse,TRAV6,TRAJ7,C/L,1.0,4,TRA,"C/C,C/F,C/L,C/W"
V+J,mouse,TRAV7,TRAJ28,C/F,1.0,4,TRA,"C/C,C/F,C/L,C/W"
V+J,mouse,TRAV1-1,TRAJ6,C/F,1.0,4,TRA,"C/C,C/F,C/L,C/W"
V+J,mouse,TRAV3,TRAJ17,C/F,1.0,4,TRA,"C/C,C/F,C/L,C/W"
V+J,mouse,TRAV1-1,TRAJ38,C/W,1.0,4,TRA,"C/C,C/F,C/L,C/W"
V+J,mouse,TRAV7,TRAJ45,C/F,1.0,4,TRA,"C/C,C/F,C/L,C/W"
V+J,mouse,TRAV1-1,TRAJ31,C/F,1.0,4,TRA,"C/C,C/F,C/L,C/W"
V+J,mouse,TRAV3,TRAJ6,C/F,1.0,4,TRA,"C/C,C/F,C/L,C/W"
V+J,mouse,TRAV3,TRAJ45,C/F,1.0,4,TRA,"C/C,C/F,C/L,C/W"
V+J,mouse,TRAV3,TRAJ49,C/F,1.0,4,TRA,"C/C,C/F,C/L,C/W"
V+J,mouse,TRAV3,TRAJ58,C/F,1.0,4,TRA,"C/C,C/F,C/L,C/W"
V+J,mouse,TRAV6,TRAJ6,C/F,1.0,3,TRA,"C/C,C/F,C/L,C/W"
V+J,mouse,TRAV1-1,TRAJ11,C/F,1.0,3,TRA,"C/C,C/F,C/L,C/W"
V+J,mouse,TRAV7,TRAJ38,C/W,1.0,3,TRA,"C/C,C/F,C/L,C/W"
V+J,mouse,TRAV7,TRAJ5,C/F,1.0,3,TRA,"C/C,C/F,C/L,C/W"
V+J,mouse,TRAV6,TRAJ42,C/F,1.0,3,TRA,"C/C,C/F,C/L,C/W"
V+J,mouse,TRAV6,TRAJ48,C/F,1.0,3,TRA,"C/C,C/F,C/L,C/W"
V+J,mouse,TRAV3,TRAJ5,C/F,1.0,3,TRA,"C/C,C/F,C/L,C/W"
V+J,mouse,TRAV3,TRAJ33,C/W,1.0,3,TRA,"C/C,C/F,C/L,C/W"
V+J,mouse,TRAV5,TRAJ24,C/F,1.0,3,TRA,"C/C,C/F,C/L,C/W"
V+J,mouse,TRAV6,TRAJ40,C/F,1.0,3,TRA,"C/C,C/F,C/L,C/W"
V+J,mouse,TRAV7,TRAJ13,C/F,1.0,3,TRA,"C/C,C/F,C/L,C/W"
V+J,mouse,TRAV5,TRAJ16,C/F,1.0,3,TRA,"C/C,C/F,C/L,C/W"
V+J,mouse,TRAV3,TRAJ52,C/F,1.0,3,TRA,"C/C,C/F,C/L,C/W"
V+J,mouse,TRAV3,TRAJ50,C/F,1.0,3,TRA,"C/C,C/F,C/L,C/W"
V+J,mouse,TRAV3,TRAJ53,C/F,1.0,3,TRA,"C/C,C/F,C/L,C/W"
V+J,mouse,TRAV6,TRAJ43,C/F,1.0,2,TRA,"C/C,C/F,C/L,C/W"
V+J,mouse,TRAV3,TRAJ2,C/F,1.0,2,TRA,"C/C,C/F,C/L,C/W"
V+J,mouse,TRAV3,TRAJ38,C/W,1.0,2,TRA,"C/C,C/F,C/L,C/W"
V+J,mouse,TRAV1-1,TRAJ42,C/F,1.0,2,TRA,"C/C,C/F,C/L,C/W"
V+J,mouse,TRAV7,TRAJ35,C/F,1.0,2,TRA,"C/C,C/F,C/L,C/W"
V+J,mouse,TRAV6,TRAJ45,C/F,1.0,2,TRA,"C/C,C/F,C/L,C/W"
V+J,mouse,TRAV6,TRAJ38,C/W,1.0,2,TRA,"C/C,C/F,C/L,C/W"
V+J,mouse,TRAV1-1,TRAJ40,C/F,1.0,2,TRA,"C/C,C/F,C/L,C/W"
V+J,mouse,TRAV6,TRAJ16,C/F,1.0,2,TRA,"C/C,C/F,C/L,C/W"
V+J,mouse,TRAV7,TRAJ50,C/F,1.0,2,TRA,"C/C,C/F,C/L,C/W"
V+J,mouse,TRAV6,TRAJ2,C/F,1.0,2,TRA,"C/C,C/F,C/L,C/W"
V+J,mouse,TRAV7,TRAJ49,C/F,1.0,2,TRA,"C/C,C/F,C/L,C/W"
V+J,mouse,TRAV6,TRAJ35,C/F,1.0,2,TRA,"C/C,C/F,C/L,C/W"
V+J,mouse,TRAV6,TRAJ52,C/F,1.0,2,TRA,"C/C,C/F,C/L,C/W"
V+J,mouse,TRAV3,TRAJ43,C/F,1.0,2,TRA,"C/C,C/F,C/L,C/W"
V+J,mouse,TRAV3,TRAJ24,C/F,1.0,2,TRA,"C/C,C/F,C/L,C/W"
V+J,mouse,TRAV3,TRAJ56,C/F,1.0,2,TRA,"C/C,C/F,C/L,C/W"
V+J,mouse,TRAV6,TRAJ32,C/F,1.0,2,TRA,"C/C,C/F,C/L,C/W"
V+J,mouse,TRAV7,TRAJ37,C/F,1.0,1,TRA,"C/C,C/F,C/L,C/W"
V+J,mouse,TRAV1-1,TRAJ4,C/F,1.0,1,TRA,"C/C,C/F,C/L,C/W"
V+J,mouse,TRAV7,TRAJ11,C/F,1.0,1,TRA,"C/C,C/F,C/L,C/W"
V+J,mouse,TRAV1-1,TRAJ28,C/F,1.0,1,TRA,"C/C,C/F,C/L,C/W"
V+J,mouse,TRAV6,TRAJ5,C/F,1.0,1,TRA,"C/C,C/F,C/L,C/W"
V+J,mouse,TRAV1-1,TRAJ5,C/F,1.0,1,TRA,"C/C,C/F,C/L,C/W"
V+J,mouse,TRAV1-1,TRAJ35,C/F,1.0,1,TRA,"C/C,C/F,C/L,C/W"
V+J,mouse,TRAV3,TRAJ28,C/F,1.0,1,TRA,"C/C,C/F,C/L,C/W"
V+J,mouse,TRAV3,TRAJ35,C/F,1.0,1,TRA,"C/C,C/F,C/L,C/W"
V+J,mouse,TRAV6,TRAJ28,C/F,1.0,1,TRA,"C/C,C/F,C/L,C/W"
V+J,mouse,TRAV7,TRAJ48,C/F,1.0,1,TRA,"C/C,C/F,C/L,C/W"
V+J,mouse,TRAV1-1,TRAJ2,C/F,1.0,1,TRA,"C/C,C/F,C/L,C/W"
V+J,mouse,TRAV6,TRAJ57,C/F,1.0,1,TRA,"C/C,C/F,C/L,C/W"
V+J,mouse,TRAV6,TRAJ24,C/F,1.0,1,TRA,"C/C,C/F,C/L,C/W"
V+J,mouse,TRAV1-1,TRAJ24,C/F,1.0,1,TRA,"C/C,C/F,C/L,C/W"
V+J,mouse,TRAV5,TRAJ28,C/F,1.0,1,TRA,"C/C,C/F,C/L,C/W"
V+J,mouse,TRAV3,TRAJ42,C/F,1.0,1,TRA,"C/C,C/F,C/L,C/W"
V+J,human,TRBV6-5,TRBJ2-2,C/F,1.0,35071,TRB,"C/F,C/V"
V+J,human,TRBV5-1,TRBJ2-7,C/F,0.9928130323679727,18649,TRB,"C/F,C/V"
V+J,human,TRBV5-1,TRBJ2-1,C/F,1.0,17712,TRB,"C/F,C/V"
V+J,human,TRBV20-1,TRBJ2-7,C/F,0.9898741418764302,17303,TRB,"C/F,C/V"
V+J,human,TRBV28,TRBJ2-7,C/F,0.9910186859553948,16441,TRB,"C/F,C/V"
V+J,human,TRBV5-1,TRBJ2-3,C/F,1.0,15599,TRB,"C/F,C/V"
V+J,human,TRBV5-1,TRBJ1-1,C/F,1.0,15300,TRB,"C/F,C/V"
V+J,human,TRBV20-1,TRBJ2-1,C/F,1.0,15236,TRB,"C/F,C/V"
V+J,human,TRBV19,TRBJ2-1,C/F,1.0,15132,TRB,"C/F,C/V"
V+J,human,TRBV19,TRBJ1-1,C/F,1.0,14076,TRB,"C/F,C/V"
V+J,human,TRBV19,TRBJ2-7,C/F,0.9961491834842758,13969,TRB,"C/F,C/V"
V+J,human,TRBV7-2,TRBJ2-7,C/F,0.9896892349844978,13726,TRB,"C/F,C/V"
V+J,human,TRBV5-1,TRBJ2-5,C/F,1.0,13143,TRB,"C/F,C/V"
V+J,human,TRBV7-9,TRBJ2-7,C/F,0.9885265700483091,13096,TRB,"C/F,C/V"
V+J,human,TRBV19,TRBJ1-5,C/F,1.0,12624,TRB,"C/F,C/V"
V+J,human,TRBV9,TRBJ2-1,C/F,1.0,12584,TRB,"C/F,C/V"
V+J,human,TRBV27,TRBJ2-7,C/F,0.9917414436591757,12489,TRB,"C/F,C/V"
V+J,human,TRBV6-5,TRBJ2-7,C/F,0.9931818181818182,12236,TRB,"C/F,C/V"
V+J,human,TRBV7-9,TRBJ2-1,C/F,1.0,12230,TRB,"C/F,C/V"
V+J,human,TRBV2,TRBJ2-7,C/F,0.9779345418751538,11922,TRB,"C/F,C/V"
V+J,human,TRBV7-2,TRBJ2-1,C/F,1.0,11835,TRB,"C/F,C/V"
V+J,human,TRBV19,TRBJ1-2,C/F,1.0,11540,TRB,"C/F,C/V"
V+J,human,TRBV20-1,TRBJ2-3,C/F,1.0,10810,TRB,"C/F,C/V"
V+J,human,TRBV7-9,TRBJ1-1,C/F,1.0,10546,TRB,"C/F,C/V"
V+J,human,TRBV6-1,TRBJ2-7,C/F,0.9658599429465354,10496,TRB,"C/F,C/V"
V+J,human,TRBV9,TRBJ2-3,C/F,1.0,10495,TRB,"C/F,C/V"
V+J,human,TRBV3-1,TRBJ2-7,C/F,0.9948553678897302,10249,TRB,"C/F,C/V"
V+J,human,TRBV7-2,TRBJ2-3,C/F,1.0,10226,TRB,"C/F,C/V"
V+J,human,TRBV28,TRBJ1-2,C/F,1.0,10134,TRB,"C/F,C/V"
V+J,human,TRBV5-1,TRBJ2-2,C/F,1.0,10102,TRB,"C/F,C/V"
V+J,human,TRBV28,TRBJ2-1,C/F,1.0,10041,TRB,"C/F,C/V"
V+J,human,TRBV5-1,TRBJ1-2,C/F,1.0,10040,TRB,"C/F,C/V"
V+J,human,TRBV2,TRBJ2-1,C/F,1.0,10026,TRB,"C/F,C/V"
V+J,human,TRBV27,TRBJ2-1,C/F,1.0,9964,TRB,"C/F,C/V"
V+J,human,TRBV6-5,TRBJ1-1,C/F,1.0,9765,TRB,"C/F,C/V"
V+J,human,TRBV19,TRBJ2-3,C/F,1.0,9762,TRB,"C/F,C/V"
V+J,human,TRBV6-2,TRBJ2-7,C/F,0.9793543163647405,9677,TRB,"C/F,C/V"
V+J,human,TRBV28,TRBJ1-1,C/F,1.0,9445,TRB,"C/F,C/V"
V+J,human,TRBV6-5,TRBJ1-2,C/F,1.0,9317,TRB,"C/F,C/V"
V+J,human,TRBV9,TRBJ2-7,C/F,0.9986682943069581,8999,TRB,"C/F,C/V"
V+J,human,TRBV7-9,TRBJ2-3,C/F,1.0,8982,TRB,"C/F,C/V"
V+J,human,TRBV3-1,TRBJ2-1,C/F,1.0,8952,TRB,"C/F,C/V"
V+J,human,TRBV11-2,TRBJ2-7,C/F,0.9815693632049443,8894,TRB,"C/F,C/V"
V+J,human,TRBV6-5,TRBJ2-1,C/F,1.0,8890,TRB,"C/F,C/V"
V+J,human,TRBV7-9,TRBJ1-2,C/F,1.0,8836,TRB,"C/F,C/V"
V+J,human,TRBV7-2,TRBJ2-5,C/F,1.0,8800,TRB,"C/F,C/V"
V+J,human,TRBV20-1,TRBJ2-5,C/F,1.0,8721,TRB,"C/F,C/V"
V+J,human,TRBV18,TRBJ2-7,C/F,0.9895797549524791,8642,TRB,"C/F,C/V"
V+J,human,TRBV2,TRBJ1-1,C/F,1.0,8443,TRB,"C/F,C/V"
V+J,human,TRBV19,TRBJ2-2,C/F,1.0,8440,TRB,"C/F,C/V"
V+J,human,TRBV28,TRBJ1-5,C/F,1.0,8378,TRB,"C/F,C/V"
V+J,human,TRBV20-1,TRBJ1-1,C/F,1.0,8274,TRB,"C/F,C/V"
V+J,human,TRBV2,TRBJ2-3,C/F,1.0,8252,TRB,"C/F,C/V"
V+J,human,TRBV6-2,TRBJ2-1,C/F,1.0,8241,TRB,"C/F,C/V"
V+J,human,TRBV2,TRBJ1-2,C/F,1.0,7987,TRB,"C/F,C/V"
V+J,human,TRBV11-2,TRBJ2-1,C/F,1.0,7871,TRB,"C/F,C/V"
V+J,human,TRBV7-9,TRBJ2-5,C/F,1.0,7805,TRB,"C/F,C/V"
V+J,human,TRBV4-1,TRBJ2-7,C/F,0.9923086783745674,7741,TRB,"C/F,C/V"
V+J,human,TRBV6-1,TRBJ2-1,C/F,1.0,7729,TRB,"C/F,C/V"
V+J,human,TRBV7-2,TRBJ1-2,C/F,1.0,7662,TRB,"C/F,C/V"
V+J,human,TRBV28,TRBJ2-3,C/F,1.0,7536,TRB,"C/F,C/V"
V+J,human,TRBV18,TRBJ1-1,C/F,1.0,7525,TRB,"C/F,C/V"
V+J,human,TRBV2,TRBJ2-5,C/F,1.0,7403,TRB,"C/F,C/V"
V+J,human,TRBV7-2,TRBJ1-1,C/F,1.0,7312,TRB,"C/F,C/V"
V+J,human,TRBV20-1,TRBJ1-2,C/F,1.0,7281,TRB,"C/F,C/V"
V+J,human,TRBV20-1,TRBJ1-5,C/F,1.0,7247,TRB,"C/F,C/V"
V+J,human,TRBV3-1,TRBJ1-2,C/F,1.0,7230,TRB,"C/F,C/V"
V+J,human,TRBV6-1,TRBJ1-1,C/F,1.0,7219,TRB,"C/F,C/V"
V+J,human,TRBV19,TRBJ2-5,C/F,1.0,7199,TRB,"C/F,C/V"
V+J,human,TRBV9,TRBJ2-2,C/F,1.0,7183,TRB,"C/F,C/V"
V+J,human,TRBV9,TRBJ1-1,C/F,1.0,7160,TRB,"C/F,C/V"
V+J,human,TRBV3-1,TRBJ1-1,C/F,1.0,7155,TRB,"C/F,C/V"
V+J,human,TRBV3-1,TRBJ2-3,C/F,1.0,7154,TRB,"C/F,C/V"
V+J,human,TRBV7-3,TRBJ2-1,C/F,1.0,7106,TRB,"C/F,C/V"
V+J,human,TRBV2,TRBJ1-5,C/F,1.0,7103,TRB,"C/F,C/V"
V+J,human,TRBV29-1,TRBJ2-7,C/F,0.9960546709877413,7069,TRB,"C/F,C/V"
V+J,human,TRBV27,TRBJ1-1,C/F,1.0,7045,TRB,"C/F,C/V"
V+J,human,TRBV6-1,TRBJ1-2,C/F,1.0,7033,TRB,"C/F,C/V"
V+J,human,TRBV29-1,TRBJ1-1,C/F,1.0,6917,TRB,"C/F,C/V"
V+J,human,TRBV29-1,TRBJ2-1,C/F,1.0,6897,TRB,"C/F,C/V"
V+J,human,TRBV3-1,TRBJ2-5,C/F,1.0,6810,TRB,"C/F,C/V"
V+J,human,TRBV6-1,TRBJ1-5,C/F,1.0,6779,TRB,"C/F,C/V"
V+J,human,TRBV24-1,TRBJ2-1,C/F,1.0,6747,TRB,"C/F,C/V"
V+J,human,TRBV27,TRBJ2-3,C/F,1.0,6684,TRB,"C/F,C/V"
V+J,human,TRBV27,TRBJ1-2,C/F,1.0,6650,TRB,"C/F,C/V"
V+J,human,TRBV9,TRBJ2-5,C/F,1.0,6634,TRB,"C/F,C/V"
V+J,human,TRBV4-1,TRBJ2-1,C/F,1.0,6626,TRB,"C/F,C/V"
V+J,human,TRBV12-4,TRBJ2-1,C/F,1.0,6604,TRB,"C/F,C/V"
V+J,human,TRBV6-1,TRBJ2-3,C/F,1.0,6597,TRB,"C/F,C/V"
V+J,human,TRBV12-3,TRBJ2-7,C/F,0.9931849159472966,6558,TRB,"C/F,C/V"
V+J,human,TRBV5-4,TRBJ2-7,C/F,0.9924835097407578,6470,TRB,"C/F,C/V"
V+J,human,TRBV6-5,TRBJ2-3,C/F,1.0,6419,TRB,"C/F,C/V"
V+J,human,TRBV9,TRBJ1-2,C/F,1.0,6399,TRB,"C/F,C/V"
V+J,human,TRBV18,TRBJ2-1,C/F,1.0,6394,TRB,"C/F,C/V"
V+J,human,TRBV30,TRBJ2-7,C/F,0.9927786499215071,6324,TRB,"C/F,C/V"
V+J,human,TRBV12-3,TRBJ2-1,C/F,1.0,6288,TRB,"C/F,C/V"
V+J,human,TRBV28,TRBJ2-5,C/F,1.0,6277,TRB,"C/F,C/V"
V+J,human,TRBV5-4,TRBJ2-1,C/F,1.0,6242,TRB,"C/F,C/V"
V+J,human,TRBV5-6,TRBJ2-7,C/F,0.9809598741148702,6234,TRB,"C/F,C/V"
V+J,human,TRBV30,TRBJ1-1,C/F,1.0,6229,TRB,"C/F,C/V"
V+J,human,TRBV10-3,TRBJ2-7,C/F,0.9831703798685687,6134,TRB,"C/F,C/V"
V+J,human,TRBV29-1,TRBJ1-2,C/F,1.0,6010,TRB,"C/F,C/V"
V+J,human,TRBV6-6,TRBJ2-7,C/F,0.9789403309376566,5857,TRB,"C/F,C/V"
V+J,human,TRBV12-4,TRBJ2-7,C/F,0.9950274348422496,5803,TRB,"C/F,C/V"
V+J,human,TRBV12-3,TRBJ1-1,C/F,1.0,5793,TRB,"C/F,C/V"
V+J,human,TRBV2,TRBJ2-2,C/F,1.0,5773,TRB,"C/F,C/V"
V+J,human,TRBV6-2,TRBJ1-1,C/F,1.0,5759,TRB,"C/F,C/V"
V+J,human,TRBV7-9,TRBJ2-2,C/F,1.0,5640,TRB,"C/F,C/V"
V+J,human,TRBV12-4,TRBJ1-1,C/F,1.0,5592,TRB,"C/F,C/V"
V+J,human,TRBV11-2,TRBJ2-3,C/F,1.0,5561,TRB,"C/F,C/V"
V+J,human,TRBV6-2,TRBJ2-3,C/F,1.0,5553,TRB,"C/F,C/V"
V+J,human,TRBV7-3,TRBJ2-3,C/F,1.0,5483,TRB,"C/F,C/V"
V+J,human,TRBV30,TRBJ1-2,C/F,1.0,5470,TRB,"C/F,C/V"
V+J,human,TRBV11-2,TRBJ1-1,C/F,1.0,5462,TRB,"C/F,C/V"
V+J,human,TRBV7-2,TRBJ2-2,C/F,1.0,5446,TRB,"C/F,C/V"
V+J,human,TRBV5-4,TRBJ2-3,C/F,1.0,5420,TRB,"C/F,C/V"
V+J,human,TRBV7-8,TRBJ2-7,C/F,0.9785999274573812,5396,TRB,"C/F,C/V"
V+J,human,TRBV10-3,TRBJ2-1,C/F,1.0,5237,TRB,"C/F,C/V"
V+J,human,TRBV6-5,TRBJ2-5,C/F,1.0,5224,TRB,"C/F,C/V"
V+J,human,TRBV11-2,TRBJ2-5,C/F,1.0,5202,TRB,"C/F,C/V"
V+J,human,TRBV12-4,TRBJ1-2,C/F,1.0,5188,TRB,"C/F,C/V"
V+J,human,TRBV5-1,TRBJ1-4,C/F,1.0,5180,TRB,"C/F,C/V"
V+J,human,TRBV29-1,TRBJ2-3,C/F,1.0,5176,TRB,"C/F,C/V"
V+J,human,TRBV20-1,TRBJ2-2,C/F,1.0,5159,TRB,"C/F,C/V"
V+J,human,TRBV18,TRBJ2-3,C/F,1.0,5128,TRB,"C/F,C/V"
V+J,human,TRBV5-4,TRBJ2-5,C/F,1.0,5058,TRB,"C/F,C/V"
V+J,human,TRBV6-1,TRBJ2-5,C/F,1.0,5053,TRB,"C/F,C/V"
V+J,human,TRBV24-1,TRBJ2-3,C/F,1.0,5028,TRB,"C/F,C/V"
V+J,human,TRBV7-2,TRBJ1-5,C/F,1.0,5019,TRB,"C/F,C/V"
V+J,human,TRBV30,TRBJ2-1,C/F,1.0,5005,TRB,"C/F,C/V"
V+J,human,TRBV28,TRBJ2-2,C/F,1.0,4990,TRB,"C/F,C/V"
V+J,human,TRBV18,TRBJ2-5,C/F,1.0,4968,TRB,"C/F,C/V"
V+J,human,TRBV6-2,TRBJ1-5,C/F,1.0,4946,TRB,"C/F,C/V"
V+J,human,TRBV4-1,TRBJ1-1,C/F,1.0,4891,TRB,"C/F,C/V"
V+J,human,TRBV4-1,TRBJ2-3,C/F,1.0,4846,TRB,"C/F,C/V"
V+J,human,TRBV4-1,TRBJ1-2,C/F,1.0,4829,TRB,"C/F,C/V"
V+J,human,TRBV12-3,TRBJ2-3,C/F,1.0,4824,TRB,"C/F,C/V"
V+J,human,TRBV18,TRBJ1-2,C/F,1.0,4795,TRB,"C/F,C/V"
V+J,human,TRBV27,TRBJ1-5,C/F,1.0,4750,TRB,"C/F,C/V"
V+J,human,TRBV3-1,TRBJ2-2,C/F,1.0,4726,TRB,"C/F,C/V"
V+J,human,TRBV12-4,TRBJ2-3,C/F,1.0,4674,TRB,"C/F,C/V"
V+J,human,TRBV6-6,TRBJ1-1,C/F,1.0,4656,TRB,"C/F,C/V"
V+J,human,TRBV27,TRBJ2-2,C/F,1.0,4615,TRB,"C/F,C/V"
V+J,human,TRBV27,TRBJ2-5,C/F,1.0,4560,TRB,"C/F,C/V"
V+J,human,TRBV12-3,TRBJ1-2,C/F,1.0,4517,TRB,"C/F,C/V"
V+J,human,TRBV7-8,TRBJ2-1,C/F,1.0,4510,TRB,"C/F,C/V"
V+J,human,TRBV10-3,TRBJ1-1,C/F,1.0,4507,TRB,"C/F,C/V"
V+J,human,TRBV5-4,TRBJ1-1,C/F,1.0,4468,TRB,"C/F,C/V"
V+J,human,TRBV5-6,TRBJ2-1,C/F,1.0,4450,TRB,"C/F,C/V"
V+J,human,TRBV6-2,TRBJ2-5,C/F,1.0,4441,TRB,"C/F,C/V"
V+J,human,TRBV10-3,TRBJ2-3,C/F,1.0,4417,TRB,"C/F,C/V"
V+J,human,TRBV5-4,TRBJ1-2,C/F,1.0,4391,TRB,"C/F,C/V"
V+J,human,TRBV6-6,TRBJ2-1,C/F,1.0,4376,TRB,"C/F,C/V"
V+J,human,TRBV4-2,TRBJ2-7,C/F,0.99609375,4335,TRB,"C/F,C/V"
V+J,human,TRBV12-3,TRBJ1-5,C/F,1.0,4335,TRB,"C/F,C/V"
V+J,human,TRBV7-9,TRBJ1-4,C/F,1.0,4326,TRB,"C/F,C/V"
V+J,human,TRBV5-6,TRBJ1-2,C/F,1.0,4325,TRB,"C/F,C/V"
V+J,human,TRBV6-5,TRBJ1-5,C/F,1.0,4316,TRB,"C/F,C/V"
V+J,human,TRBV6-2,TRBJ1-2,C/F,1.0,4273,TRB,"C/F,C/V"
V+J,human,TRBV29-1,TRBJ2-5,C/F,1.0,4259,TRB,"C/F,C/V"
V+J,human,TRBV4-3,TRBJ2-1,C/F,1.0,4184,TRB,"C/F,C/V"
V+J,human,TRBV11-3,TRBJ2-1,C/F,1.0,4182,TRB,"C/F,C/V"
V+J,human,TRBV5-1,TRBJ1-6,C/F,1.0,4108,TRB,"C/F,C/V"
V+J,human,TRBV11-2,TRBJ1-2,C/F,1.0,4102,TRB,"C/F,C/V"
V+J,human,TRBV6-1,TRBJ2-2,C/F,1.0,4096,TRB,"C/F,C/V"
V+J,human,TRBV6-4,TRBJ2-3,C/F,1.0,4096,TRB,"C/F,C/V"
V+J,human,TRBV6-5,TRBJ1-6,C/F,1.0,4075,TRB,"C/F,C/V"
V+J,human,TRBV5-6,TRBJ1-1,C/F,1.0,4062,TRB,"C/F,C/V"
V+J,human,TRBV19,TRBJ1-4,C/F,1.0,4039,TRB,"C/F,C/V"
V+J,human,TRBV6-4,TRBJ2-1,C/F,1.0,3967,TRB,"C/F,C/V"
V+J,human,TRBV4-2,TRBJ2-1,C/F,1.0,3966,TRB,"C/F,C/V"
V+J,human,TRBV12-3,TRBJ2-5,C/F,1.0,3960,TRB,"C/F,C/V"
V+J,human,TRBV30,TRBJ2-3,C/F,1.0,3947,TRB,"C/F,C/V"
V+J,human,TRBV4-3,TRBJ2-7,C/F,0.9984798581200912,3941,TRB,"C/F,C/V"
V+J,human,TRBV12-3,TRBJ2-2,C/F,1.0,3925,TRB,"C/F,C/V"
V+J,human,TRBV7-9,TRBJ1-5,C/F,1.0,3923,TRB,"C/F,C/V"
V+J,human,TRBV10-3,TRBJ1-2,C/F,1.0,3919,TRB,"C/F,C/V"
V+J,human,TRBV28,TRBJ1-4,C/F,1.0,3885,TRB,"C/F,C/V"
V+J,human,TRBV19,TRBJ1-6,C/F,1.0,3877,TRB,"C/F,C/V"
V+J,human,TRBV20-1,TRBJ1-6,C/F,1.0,3868,TRB,"C/F,C/V"
V+J,human,TRBV7-3,TRBJ2-2,C/F,1.0,3836,TRB,"C/F,C/V"
V+J,human,TRBV6-2,TRBJ2-2,C/F,1.0,3834,TRB,"C/F,C/V"
V+J,human,TRBV30,TRBJ1-5,C/F,1.0,3784,TRB,"C/F,C/V"
V+J,human,TRBV4-1,TRBJ2-5,C/F,1.0,3773,TRB,"C/F,C/V"
V+J,human,TRBV11-2,TRBJ2-2,C/F,1.0,3729,TRB,"C/F,C/V"
V+J,human,TRBV7-6,TRBJ2-7,C/F,0.9941317684715925,3727,TRB,"C/F,C/V"
V+J,human,TRBV6-6,TRBJ1-2,C/F,1.0,3644,TRB,"C/F,C/V"
V+J,human,TRBV2,TRBJ1-4,C/F,1.0,3637,TRB,"C/F,C/V"
V+J,human,TRBV28,TRBJ1-6,C/F,1.0,3631,TRB,"C/F,C/V"
V+J,human,TRBV5-6,TRBJ2-3,C/F,1.0,3621,TRB,"C/F,C/V"
V+J,human,TRBV24-1,TRBJ2-2,C/F,1.0,3609,TRB,"C/F,C/V"
V+J,human,TRBV2,TRBJ1-6,C/F,1.0,3606,TRB,"C/F,C/V"
V+J,human,TRBV12-4,TRBJ2-5,C/F,1.0,3593,TRB,"C/F,C/V"
V+J,human,TRBV15,TRBJ2-7,C/F,0.9864902122966639,3578,TRB,"C/F,C/V"
V+J,human,TRBV6-6,TRBJ1-5,C/F,1.0,3578,TRB,"C/F,C/V"
V+J,human,TRBV12-4,TRBJ2-2,C/F,1.0,3542,TRB,"C/F,C/V"
V+J,human,TRBV5-6,TRBJ2-5,C/F,1.0,3541,TRB,"C/F,C/V"
V+J,human,TRBV27,TRBJ1-6,C/F,1.0,3512,TRB,"C/F,C/V"
V+J,human,TRBV7-6,TRBJ2-1,C/F,1.0,3498,TRB,"C/F,C/V"
V+J,human,TRBV12-4,TRBJ1-5,C/F,1.0,3453,TRB,"C/F,C/V"
V+J,human,TRBV4-2,TRBJ2-3,C/F,1.0,3424,TRB,"C/F,C/V"
V+J,human,TRBV5-4,TRBJ2-2,C/F,1.0,3423,TRB,"C/F,C/V"
V+J,human,TRBV15,TRBJ2-1,C/F,1.0,3404,TRB,"C/F,C/V"
V+J,human,TRBV30,TRBJ2-5,C/F,1.0,3398,TRB,"C/F,C/V"
V+J,human,TRBV5-1,TRBJ1-3,C/F,1.0,3396,TRB,"C/F,C/V"
V+J,human,TRBV14,TRBJ2-7,C/F,0.9929577464788732,3384,TRB,"C/F,C/V"
V+J,human,TRBV18,TRBJ1-5,C/F,1.0,3367,TRB,"C/F,C/V"
V+J,human,TRBV6-6,TRBJ2-3,C/F,1.0,3338,TRB,"C/F,C/V"
V+J,human,TRBV18,TRBJ2-2,C/F,1.0,3334,TRB,"C/F,C/V"
V+J,human,TRBV4-1,TRBJ1-5,C/F,1.0,3293,TRB,"C/F,C/V"
V+J,human,TRBV24-1,TRBJ2-5,C/F,1.0,3289,TRB,"C/F,C/V"
V+J,human,TRBV14,TRBJ2-1,C/F,1.0,3272,TRB,"C/F,C/V"
V+J,human,TRBV7-8,TRBJ1-1,C/F,1.0,3248,TRB,"C/F,C/V"
V+J,human,TRBV5-1,TRBJ1-5,C/F,1.0,3247,TRB,"C/F,C/V"
V+J,human,TRBV7-3,TRBJ1-1,C/F,1.0,3245,TRB,"C/F,C/V"
V+J,human,TRBV7-8,TRBJ2-3,C/F,1.0,3209,TRB,"C/F,C/V"
V+J,human,TRBV3-1,TRBJ1-5,C/F,1.0,3202,TRB,"C/F,C/V"
V+J,human,TRBV4-1,TRBJ2-2,C/F,1.0,3157,TRB,"C/F,C/V"
V+J,human,TRBV9,TRBJ1-3,C/F,1.0,3138,TRB,"C/F,C/V"
V+J,human,TRBV4-3,TRBJ2-3,C/F,1.0,3138,TRB,"C/F,C/V"
V+J,human,TRBV10-3,TRBJ2-5,C/F,1.0,3109,TRB,"C/F,C/V"
V+J,human,TRBV7-9,TRBJ1-6,C/F,1.0,3100,TRB,"C/F,C/V"
V+J,human,TRBV7-2,TRBJ1-6,C/F,1.0,3071,TRB,"C/F,C/V"
V+J,human,TRBV30,TRBJ2-2,C/F,1.0,3010,TRB,"C/F,C/V"
V+J,human,TRBV29-1,TRBJ2-2,C/F,1.0,2994,TRB,"C/F,C/V"
V+J,human,TRBV9,TRBJ1-6,C/F,1.0,2986,TRB,"C/F,C/V"
V+J,human,TRBV6-1,TRBJ1-6,C/F,1.0,2931,TRB,"C/F,C/V"
V+J,human,TRBV3-1,TRBJ1-6,C/F,1.0,2929,TRB,"C/F,C/V"
V+J,human,TRBV19,TRBJ1-3,C/F,1.0,2891,TRB,"C/F,C/V"
V+J,human,TRBV6-5,TRBJ1-3,C/F,1.0,2872,TRB,"C/F,C/V"
V+J,human,TRBV6-5,TRBJ1-4,C/F,1.0,2870,TRB,"C/F,C/V"
V+J,human,TRBV7-8,TRBJ2-5,C/F,1.0,2838,TRB,"C/F,C/V"
V+J,human,TRBV6-6,TRBJ2-5,C/F,1.0,2814,TRB,"C/F,C/V"
V+J,human,TRBV7-9,TRBJ1-3,C/F,1.0,2806,TRB,"C/F,C/V"
V+J,human,TRBV13,TRBJ2-7,C/F,0.9872521246458924,2788,TRB,"C/F,C/V"
V+J,human,TRBV10-3,TRBJ2-2,C/F,1.0,2758,TRB,"C/F,C/V"
V+J,human,TRBV7-8,TRBJ1-2,C/F,1.0,2732,TRB,"C/F,C/V"
V+J,human,TRBV20-1,TRBJ1-4,C/F,1.0,2724,TRB,"C/F,C/V"
V+J,human,TRBV15,TRBJ2-3,C/F,1.0,2718,TRB,"C/F,C/V"
V+J,human,TRBV30,TRBJ1-6,C/F,1.0,2718,TRB,"C/F,C/V"
V+J,human,TRBV28,TRBJ1-3,C/F,1.0,2717,TRB,"C/F,C/V"
V+J,human,TRBV4-3,TRBJ1-2,C/F,1.0,2709,TRB,"C/F,C/V"
V+J,human,TRBV7-3,TRBJ2-5,C/F,1.0,2662,TRB,"C/F,C/V"
V+J,human,TRBV7-6,TRBJ2-3,C/F,1.0,2645,TRB,"C/F,C/V"
V+J,human,TRBV14,TRBJ1-1,C/F,1.0,2615,TRB,"C/F,C/V"
V+J,human,TRBV7-2,TRBJ1-3,C/F,1.0,2609,TRB,"C/F,C/V"
V+J,human,TRBV6-1,TRBJ1-4,C/F,1.0,2596,TRB,"C/F,C/V"
V+J,human,TRBV7-2,TRBJ1-4,C/F,1.0,2565,TRB,"C/F,C/V"
V+J,human,TRBV7-8,TRBJ1-5,C/F,1.0,2537,TRB,"C/F,C/V"
V+J,human,TRBV6-6,TRBJ2-2,C/F,1.0,2534,TRB,"C/F,C/V"
V+J,human,TRBV3-1,TRBJ1-4,C/F,1.0,2506,TRB,"C/F,C/V"
V+J,human,TRBV3-1,TRBJ1-3,C/F,1.0,2504,TRB,"C/F,C/V"
V+J,human,TRBV11-3,TRBJ2-3,C/F,1.0,2492,TRB,"C/F,C/V"
V+J,human,TRBV19,TRBJ2-6,C/F,1.0,2490,TRB,"C/F,C/V"
V+J,human,TRBV15,TRBJ2-5,C/F,1.0,2454,TRB,"C/F,C/V"
V+J,human,TRBV24-1,TRBJ1-2,C/F,1.0,2411,TRB,"C/F,C/V"
V+J,human,TRBV10-3,TRBJ1-5,C/F,1.0,2409,TRB,"C/F,C/V"
V+J,human,TRBV7-3,TRBJ2-7,C/F,0.9966638865721434,2390,TRB,"C/F,C/V"
V+J,human,TRBV4-3,TRBJ1-1,C/F,1.0,2384,TRB,"C/F,C/V"
V+J,human,TRBV5-1,TRBJ2-6,C/F,1.0,2364,TRB,"C/F,C/V"
V+J,human,TRBV14,TRBJ1-2,C/F,1.0,2360,TRB,"C/F,C/V"
V+J,human,TRBV9,TRBJ1-4,C/F,1.0,2355,TRB,"C/F,C/V"
V+J,human,TRBV4-2,TRBJ2-5,C/F,1.0,2347,TRB,"C/F,C/V"
V+J,human,TRBV7-6,TRBJ2-5,C/F,1.0,2347,TRB,"C/F,C/V"
V+J,human,TRBV25-1,TRBJ2-7,C/F,0.9974468085106383,2344,TRB,"C/F,C/V"
V+J,human,TRBV18,TRBJ1-4,C/F,1.0,2333,TRB,"C/F,C/V"
V+J,human,TRBV4-2,TRBJ1-2,C/F,1.0,2333,TRB,"C/F,C/V"
V+J,human,TRBV4-1,TRBJ1-4,C/F,1.0,2331,TRB,"C/F,C/V"
V+J,human,TRBV4-2,TRBJ1-1,C/F,1.0,2304,TRB,"C/F,C/V"
V+J,human,TRBV15,TRBJ1-1,C/F,1.0,2276,TRB,"C/F,C/V"
V+J,human,TRBV27,TRBJ1-4,C/F,1.0,2268,TRB,"C/F,C/V"
V+J,human,TRBV5-6,TRBJ2-2,C/F,1.0,2266,TRB,"C/F,C/V"
V+J,human,TRBV13,TRBJ2-1,C/F,1.0,2258,TRB,"C/F,C/V"
V+J,human,TRBV5-6,TRBJ1-5,C/F,1.0,2249,TRB,"C/F,C/V"
V+J,human,TRBV25-1,TRBJ2-1,C/F,1.0,2222,TRB,"C/F,C/V"
V+J,human,TRBV24-1,TRBJ2-7,C/F,0.9990999099909991,2220,TRB,"C/F,C/V"
V+J,human,TRBV6-4,TRBJ2-2,C/F,1.0,2214,TRB,"C/F,C/V"
V+J,human,TRBV14,TRBJ2-3,C/F,1.0,2186,TRB,"C/F,C/V"
V+J,human,TRBV11-3,TRBJ2-7,C/F,0.9949794614331355,2180,TRB,"C/F,C/V"
V+J,human,TRBV15,TRBJ1-2,C/F,1.0,2179,TRB,"C/F,C/V"
V+J,human,TRBV30,TRBJ1-4,C/F,1.0,2169,TRB,"C/F,C/V"
V+J,human,TRBV4-3,TRBJ2-2,C/F,1.0,2159,TRB,"C/F,C/V"
V+J,human,TRBV7-6,TRBJ1-1,C/F,1.0,2153,TRB,"C/F,C/V"
V+J,human,TRBV2,TRBJ1-3,C/F,1.0,2143,TRB,"C/F,C/V"
V+J,human,TRBV7-8,TRBJ2-2,C/F,1.0,2141,TRB,"C/F,C/V"
V+J,human,TRBV11-3,TRBJ2-2,C/F,1.0,2139,TRB,"C/F,C/V"
V+J,human,TRBV5-5,TRBJ2-7,C/F,0.9770536943552088,2129,TRB,"C/F,C/V"
V+J,human,TRBV9,TRBJ1-5,C/F,1.0,2123,TRB,"C/F,C/V"
V+J,human,TRBV25-1,TRBJ1-1,C/F,1.0,2096,TRB,"C/F,C/V"
V+J,human,TRBV4-2,TRBJ2-2,C/F,1.0,2081,TRB,"C/F,C/V"
V+J,human,TRBV6-1,TRBJ1-3,C/F,1.0,2074,TRB,"C/F,C/V"
V+J,human,TRBV12-3,TRBJ1-4,C/F,1.0,2022,TRB,"C/F,C/V"
V+J,human,TRBV7-6,TRBJ2-2,C/F,1.0,1980,TRB,"C/F,C/V"
V+J,human,TRBV25-1,TRBJ1-2,C/F,1.0,1965,TRB,"C/F,C/V"
V+J,human,TRBV15,TRBJ1-5,C/F,1.0,1954,TRB,"C/F,C/V"
V+J,human,TRBV18,TRBJ1-3,C/F,1.0,1930,TRB,"C/F,C/V"
V+J,human,TRBV30,TRBJ1-3,C/F,1.0,1928,TRB,"C/F,C/V"
V+J,human,TRBV10-2,TRBJ2-7,C/F,0.9756345177664975,1922,TRB,"C/F,C/V"
V+J,human,TRBV18,TRBJ1-6,C/F,1.0,1894,TRB,"C/F,C/V"
V+J,human,TRBV24-1,TRBJ1-5,C/F,1.0,1874,TRB,"C/F,C/V"
V+J,human,TRBV14,TRBJ2-5,C/F,1.0,1856,TRB,"C/F,C/V"
V+J,human,TRBV19,TRBJ2-4,C/F,1.0,1834,TRB,"C/F,C/V"
V+J,human,TRBV4-1,TRBJ1-6,C/F,1.0,1828,TRB,"C/F,C/V"
V+J,human,TRBV12-3,TRBJ1-6,C/F,1.0,1826,TRB,"C/F,C/V"
V+J,human,TRBV11-3,TRBJ1-1,C/F,1.0,1796,TRB,"C/F,C/V"
V+J,human,TRBV20-1,TRBJ1-3,C/F,1.0,1791,TRB,"C/F,C/V"
V+J,human,TRBV11-2,TRBJ1-6,C/F,1.0,1768,TRB,"C/F,C/V"
V+J,human,TRBV4-3,TRBJ2-5,C/F,1.0,1750,TRB,"C/F,C/V"
V+J,human,TRBV12-4,TRBJ1-3,C/F,1.0,1731,TRB,"C/F,C/V"
V+J,human,TRBV13,TRBJ2-3,C/F,1.0,1727,TRB,"C/F,C/V"
V+J,human,TRBV6-6,TRBJ1-4,C/F,1.0,1726,TRB,"C/F,C/V"
V+J,human,TRBV11-3,TRBJ2-5,C/F,1.0,1724,TRB,"C/F,C/V"
V+J,human,TRBV20-1,TRBJ2-4,C/F,1.0,1713,TRB,"C/F,C/V"
V+J,human,TRBV28,TRBJ2-4,C/F,1.0,1712,TRB,"C/F,C/V"
V+J,human,TRBV11-2,TRBJ1-4,C/F,1.0,1711,TRB,"C/F,C/V"
V+J,human,TRBV12-4,TRBJ1-6,C/F,1.0,1698,TRB,"C/F,C/V"
V+J,human,TRBV6-6,TRBJ1-6,C/F,1.0,1688,TRB,"C/F,C/V"
V+J,human,TRBV25-1,TRBJ2-3,C/F,1.0,1683,TRB,"C/F,C/V"
V+J,human,TRBV29-1,TRBJ1-4,C/F,1.0,1663,TRB,"C/F,C/V"
V+J,human,TRBV12-3,TRBJ1-3,C/F,1.0,1661,TRB,"C/F,C/V"
V+J,human,TRBV6-5,TRBJ2-6,C/F,1.0,1653,TRB,"C/F,C/V"
V+J,human,TRBV13,TRBJ1-1,C/F,1.0,1647,TRB,"C/F,C/V"
V+J,human,TRBV15,TRBJ2-2,C/F,1.0,1619,TRB,"C/F,C/V"
V+J,human,TRBV28,TRBJ2-6,C/F,1.0,1613,TRB,"C/F,C/V"
V+J,human,TRBV12-4,TRBJ1-4,C/F,1.0,1601,TRB,"C/F,C/V"
V+J,human,TRBV7-7,TRBJ2-5,C/F,1.0,1596,TRB,"C/F,C/V"
V+J,human,TRBV11-2,TRBJ1-3,C/F,1.0,1566,TRB,"C/F,C/V"
V+J,human,TRBV10-2,TRBJ2-1,C/F,1.0,1551,TRB,"C/F,C/V"
V+J,human,TRBV5-1,TRBJ2-4,C/F,1.0,1550,TRB,"C/F,C/V"
V+J,human,TRBV5-6,TRBJ1-6,C/F,1.0,1532,TRB,"C/F,C/V"
V+J,human,TRBV4-1,TRBJ1-3,C/F,1.0,1530,TRB,"C/F,C/V"
V+J,human,TRBV5-5,TRBJ1-1,C/F,1.0,1530,TRB,"C/F,C/V"
V+J,human,TRBV25-1,TRBJ2-5,C/F,1.0,1519,TRB,"C/F,C/V"
V+J,human,TRBV24-1,TRBJ1-1,C/F,1.0,1511,TRB,"C/F,C/V"
V+J,human,TRBV11-1,TRBJ2-7,C/F,0.9906229068988613,1479,TRB,"C/F,C/V"
V+J,human,TRBV6-6,TRBJ1-3,C/F,1.0,1476,TRB,"C/F,C/V"
V+J,human,TRBV5-5,TRBJ2-1,C/F,1.0,1471,TRB,"C/F,C/V"
V+J,human,TRBV7-3,TRBJ1-2,C/F,1.0,1470,TRB,"C/F,C/V"
V+J,human,TRBV10-1,TRBJ2-1,C/F,1.0,1468,TRB,"C/F,C/V"
V+J,human,TRBV29-1,TRBJ1-5,C/F,1.0,1460,TRB,"C/F,C/V"
V+J,human,TRBV7-9,TRBJ2-6,C/F,1.0,1442,TRB,"C/F,C/V"
V+J,human,TRBV2,TRBJ2-6,C/F,1.0,1435,TRB,"C/F,C/V"
V+J,human,TRBV6-2,TRBJ1-6,C/F,1.0,1433,TRB,"C/F,C/V"
V+J,human,TRBV6-1,TRBJ2-6,C/F,1.0,1421,TRB,"C/F,C/V"
V+J,human,TRBV7-2,TRBJ2-4,C/F,1.0,1410,TRB,"C/F,C/V"
V+J,human,TRBV11-1,TRBJ2-1,C/F,1.0,1406,TRB,"C/F,C/V"
V+J,human,TRBV5-6,TRBJ1-4,C/F,1.0,1403,TRB,"C/F,C/V"
V+J,human,TRBV5-4,TRBJ1-6,C/F,1.0,1402,TRB,"C/F,C/V"
V+J,human,TRBV11-2,TRBJ1-5,C/F,1.0,1393,TRB,"C/F,C/V"
V+J,human,TRBV10-3,TRBJ1-6,C/F,1.0,1392,TRB,"C/F,C/V"
V+J,human,TRBV14,TRBJ2-2,C/F,1.0,1391,TRB,"C/F,C/V"
V+J,human,TRBV2,TRBJ2-4,C/F,1.0,1385,TRB,"C/F,C/V"
V+J,human,TRBV10-2,TRBJ1-1,C/F,1.0,1375,TRB,"C/F,C/V"
V+J,human,TRBV5-5,TRBJ1-2,C/F,1.0,1373,TRB,"C/F,C/V"
V+J,human,TRBV25-1,TRBJ2-2,C/F,1.0,1370,TRB,"C/F,C/V"
V+J,human,TRBV5-4,TRBJ1-4,C/F,1.0,1364,TRB,"C/F,C/V"
V+J,human,TRBV4-2,TRBJ1-5,C/F,1.0,1331,TRB,"C/F,C/V"
V+J,human,TRBV27,TRBJ2-6,C/F,1.0,1324,TRB,"C/F,C/V"
V+J,human,TRBV7-7,TRBJ2-1,C/F,1.0,1323,TRB,"C/F,C/V"
V+J,human,TRBV5-5,TRBJ2-3,C/F,1.0,1313,TRB,"C/F,C/V"
V+J,human,TRBV4-3,TRBJ1-4,C/F,1.0,1311,TRB,"C/F,C/V"
V+J,human,TRBV10-1,TRBJ2-3,C/F,1.0,1280,TRB,"C/F,C/V"
V+J,human,TRBV13,TRBJ2-5,C/F,1.0,1271,TRB,"C/F,C/V"
V+J,human,TRBV9,TRBJ2-6,C/F,1.0,1247,TRB,"C/F,C/V"
V+J,human,TRBV10-3,TRBJ1-3,C/F,1.0,1246,TRB,"C/F,C/V"
V+J,human,TRBV7-9,TRBJ2-4,C/F,1.0,1245,TRB,"C/F,C/V"
V+J,human,TRBV13,TRBJ1-2,C/F,1.0,1230,TRB,"C/F,C/V"
V+J,human,TRBV10-3,TRBJ1-4,C/F,1.0,1218,TRB,"C/F,C/V"
V+J,human,TRBV29-1,TRBJ1-3,C/F,1.0,1206,TRB,"C/F,C/V"
V+J,human,TRBV12-5,TRBJ2-1,C/F,1.0,1201,TRB,"C/F,C/V"
V+J,human,TRBV6-2,TRBJ2-6,C/F,1.0,1195,TRB,"C/F,C/V"
V+J,human,TRBV15,TRBJ1-4,C/F,1.0,1194,TRB,"C/F,C/V"
V+J,human,TRBV20-1,TRBJ2-6,C/F,1.0,1184,TRB,"C/F,C/V"
V+J,human,TRBV7-2,TRBJ2-6,C/F,1.0,1180,TRB,"C/F,C/V"
V+J,human,TRBV5-5,TRBJ2-5,C/F,1.0,1176,TRB,"C/F,C/V"
V+J,human,TRBV10-2,TRBJ2-3,C/F,1.0,1143,TRB,"C/F,C/V"
V+J,human,TRBV7-8,TRBJ1-4,C/F,1.0,1140,TRB,"C/F,C/V"
V+J,human,TRBV4-2,TRBJ1-4,C/F,1.0,1138,TRB,"C/F,C/V"
V+J,human,TRBV5-6,TRBJ1-3,C/F,1.0,1122,TRB,"C/F,C/V"
V+J,human,TRBV6-1,TRBJ2-4,C/F,1.0,1119,TRB,"C/F,C/V"
V+J,human,TRBV12-5,TRBJ2-7,C/F,0.9928888888888889,1117,TRB,"C/F,C/V"
V+J,human,TRBV3-1,TRBJ2-4,C/F,1.0,1115,TRB,"C/F,C/V"
V+J,human,TRBV4-3,TRBJ1-6,C/F,1.0,1105,TRB,"C/F,C/V"
V+J,human,TRBV10-1,TRBJ2-7,C/F,0.9981916817359855,1104,TRB,"C/F,C/V"
V+J,human,TRBV3-1,TRBJ2-6,C/F,1.0,1096,TRB,"C/F,C/V"
V+J,human,TRBV7-8,TRBJ1-6,C/F,1.0,1088,TRB,"C/F,C/V"
V+J,human,TRBV27,TRBJ1-3,C/F,1.0,1078,TRB,"C/F,C/V"
V+J,human,TRBV5-8,TRBJ2-1,C/F,1.0,1072,TRB,"C/F,C/V"
V+J,human,TRBV4-3,TRBJ1-5,C/F,1.0,1064,TRB,"C/F,C/V"
V+J,human,TRBV12-5,TRBJ1-1,C/F,1.0,1052,TRB,"C/F,C/V"
V+J,human,TRBV6-4,TRBJ1-1,C/F,1.0,1044,TRB,"C/F,C/V"
V+J,human,TRBV7-6,TRBJ1-2,C/F,1.0,1043,TRB,"C/F,C/V"
V+J,human,TRBV6-2,TRBJ2-4,C/F,1.0,1030,TRB,"C/F,C/V"
V+J,human,TRBV11-1,TRBJ1-1,C/F,1.0,1023,TRB,"C/F,C/V"
V+J,human,TRBV14,TRBJ1-6,C/F,1.0,1022,TRB,"C/F,C/V"
V+J,human,TRBV18,TRBJ2-6,C/F,1.0,1017,TRB,"C/F,C/V"
V+J,human,TRBV6-5,TRBJ2-4,C/F,1.0,1009,TRB,"C/F,C/V"
V+J,human,TRBV6-2,TRBJ1-4,C/F,1.0,1008,TRB,"C/F,C/V"
V+J,human,TRBV10-2,TRBJ1-2,C/F,1.0,1006,TRB,"C/F,C/V"
V+J,human,TRBV10-1,TRBJ2-2,C/F,1.0,991,TRB,"C/F,C/V"
V+J,human,TRBV7-8,TRBJ1-3,C/F,1.0,990,TRB,"C/F,C/V"
V+J,human,TRBV11-1,TRBJ2-3,C/F,1.0,989,TRB,"C/F,C/V"
V+J,human,TRBV5-5,TRBJ1-5,C/F,1.0,984,TRB,"C/F,C/V"
V+J,human,TRBV7-7,TRBJ2-2,C/F,1.0,984,TRB,"C/F,C/V"
V+J,human,TRBV13,TRBJ2-2,C/F,1.0,983,TRB,"C/F,C/V"
V+J,human,TRBV5-8,TRBJ2-7,C/F,0.9625615763546798,977,TRB,"C/F,C/V"
V+J,human,TRBV5-4,TRBJ1-3,C/F,1.0,975,TRB,"C/F,C/V"
V+J,human,TRBV27,TRBJ2-4,C/F,1.0,937,TRB,"C/F,C/V"
V+J,human,TRBV10-2,TRBJ2-5,C/F,1.0,927,TRB,"C/F,C/V"
V+J,human,TRBV10-2,TRBJ1-5,C/F,1.0,926,TRB,"C/F,C/V"
V+J,human,TRBV4-2,TRBJ1-6,C/F,1.0,924,TRB,"C/F,C/V"
V+J,human,TRBV11-1,TRBJ2-5,C/F,1.0,922,TRB,"C/F,C/V"
V+J,human,TRBV25-1,TRBJ1-4,C/F,1.0,911,TRB,"C/F,C/V"
V+J,human,TRBV9,TRBJ2-4,C/F,1.0,908,TRB,"C/F,C/V"
V+J,human,TRBV12-5,TRBJ2-3,C/F,1.0,905,TRB,"C/F,C/V"
V+J,human,TRBV7-3,TRBJ1-6,C/F,1.0,896,TRB,"C/F,C/V"
V+J,human,TRBV7-6,TRBJ1-5,C/F,1.0,883,TRB,"C/F,C/V"
V+J,human,TRBV10-1,TRBJ1-1,C/F,1.0,878,TRB,"C/F,C/V"
V+J,human,TRBV30,TRBJ2-6,C/F,1.0,877,TRB,"C/F,C/V"
V+J,human,TRBV5-8,TRBJ2-3,C/F,1.0,876,TRB,"C/F,C/V"
V+J,human,TRBV4-1,TRBJ2-4,C/F,1.0,871,TRB,"C/F,C/V"
V+J,human,TRBV5-5,TRBJ2-2,C/F,1.0,860,TRB,"C/F,C/V"
V+J,human,TRBV5-8,TRBJ1-1,C/F,1.0,846,TRB,"C/F,C/V"
V+J,human,TRBV25-1,TRBJ1-6,C/F,1.0,843,TRB,"C/F,C/V"
V+J,human,TRBV11-2,TRBJ2-4,C/F,1.0,840,TRB,"C/F,C/V"
V+J,human,TRBV18,TRBJ2-4,C/F,1.0,833,TRB,"C/F,C/V"
V+J,human,TRBV7-6,TRBJ1-4,C/F,1.0,830,TRB,"C/F,C/V"
V+J,human,TRBV7-3,TRBJ2-6,C/F,1.0,828,TRB,"C/F,C/V"
V+J,human,TRBV4-1,TRBJ2-6,C/F,1.0,827,TRB,"C/F,C/V"
V+J,human,TRBV5-4,TRBJ2-6,C/F,1.0,824,TRB,"C/F,C/V"
V+J,human,TRBV7-6,TRBJ1-3,C/F,1.0,822,TRB,"C/F,C/V"
V+J,human,TRBV4-2,TRBJ1-3,C/F,1.0,822,TRB,"C/F,C/V"
V+J,human,TRBV6-4,TRBJ1-2,C/F,1.0,817,TRB,"C/F,C/V"
V+J,human,TRBV12-3,TRBJ2-6,C/F,1.0,808,TRB,"C/F,C/V"
V+J,human,TRBV12-4,TRBJ2-6,C/F,1.0,808,TRB,"C/F,C/V"
V+J,human,TRBV4-3,TRBJ2-6,C/F,1.0,793,TRB,"C/F,C/V"
V+J,human,TRBV10-2,TRBJ2-2,C/F,1.0,784,TRB,"C/F,C/V"
V+J,human,TRBV7-7,TRBJ2-3,C/F,1.0,784,TRB,"C/F,C/V"
V+J,human,TRBV4-3,TRBJ1-3,C/F,1.0,783,TRB,"C/F,C/V"
V+J,human,TRBV12-4,TRBJ2-4,C/F,1.0,778,TRB,"C/F,C/V"
V+J,human,TRBV15,TRBJ1-6,C/F,1.0,769,TRB,"C/F,C/V"
V+J,human,TRBV15,TRBJ1-3,C/F,1.0,766,TRB,"C/F,C/V"
V+J,human,TRBV14,TRBJ1-4,C/F,1.0,756,TRB,"C/F,C/V"
V+J,human,TRBV7-6,TRBJ1-6,C/F,1.0,750,TRB,"C/F,C/V"
V+J,human,TRBV5-8,TRBJ1-2,C/F,1.0,741,TRB,"C/F,C/V"
V+J,human,TRBV12-3,TRBJ2-4,C/F,1.0,740,TRB,"C/F,C/V"
V+J,human,TRBV5-8,TRBJ1-5,C/F,1.0,733,TRB,"C/F,C/V"
V+J,human,TRBV6-2,TRBJ1-3,C/F,1.0,715,TRB,"C/F,C/V"
V+J,human,TRBV5-8,TRBJ2-5,C/F,1.0,712,TRB,"C/F,C/V"
V+J,mouse,TRBV13-2,TRBJ2-7,C/F,1.0,711,TRB,"C/F,C/V"
V+J,human,TRBV11-2,TRBJ2-6,C/F,1.0,704,TRB,"C/F,C/V"
V+J,human,TRBV12-5,TRBJ1-5,C/F,1.0,700,TRB,"C/F,C/V"
V+J,human,TRBV29-1,TRBJ2-6,C/F,1.0,698,TRB,"C/F,C/V"
V+J,human,TRBV12-5,TRBJ2-5,C/F,1.0,693,TRB,"C/F,C/V"
V+J,human,TRBV5-4,TRBJ1-5,C/F,1.0,691,TRB,"C/F,C/V"
V+J,human,TRBV30,TRBJ2-4,C/F,1.0,671,TRB,"C/F,C/V"
V+J,human,TRBV14,TRBJ1-3,C/F,1.0,670,TRB,"C/F,C/V"
V+J,human,TRBV10-3,TRBJ2-6,C/F,1.0,668,TRB,"C/F,C/V"
V+J,human,TRBV25-1,TRBJ1-5,C/F,1.0,664,TRB,"C/F,C/V"
V+J,human,TRBV11-1,TRBJ2-2,C/F,1.0,654,TRB,"C/F,C/V"
V+J,human,TRBV5-6,TRBJ2-4,C/F,1.0,652,TRB,"C/F,C/V"
V+J,human,TRBV29-1,TRBJ2-4,C/F,1.0,647,TRB,"C/F,C/V"
V+J,human,TRBV5-6,TRBJ2-6,C/F,1.0,647,TRB,"C/F,C/V"
V+J,human,TRBV5-5,TRBJ1-4,C/F,1.0,640,TRB,"C/F,C/V"
V+J,human,TRBV12-5,TRBJ2-2,C/F,1.0,640,TRB,"C/F,C/V"
V+J,human,TRBV10-1,TRBJ2-5,C/F,1.0,628,TRB,"C/F,C/V"
V+J,human,TRBV4-2,TRBJ2-6,C/F,1.0,625,TRB,"C/F,C/V"
V+J,human,TRBV6-6,TRBJ2-6,C/F,1.0,614,TRB,"C/F,C/V"
V+J,human,TRBV12-5,TRBJ1-2,C/F,1.0,609,TRB,"C/F,C/V"
V+J,human,TRBV7-7,TRBJ2-7,C/F,1.0,604,TRB,"C/F,C/V"
V+J,human,TRBV11-3,TRBJ1-2,C/F,1.0,604,TRB,"C/F,C/V"
V+J,human,TRBV15,TRBJ2-6,C/F,1.0,579,TRB,"C/F,C/V"
V+J,human,TRBV5-4,TRBJ2-4,C/F,1.0,577,TRB,"C/F,C/V"
V+J,human,TRBV6-4,TRBJ2-6,C/F,1.0,576,TRB,"C/F,C/V"
V+J,human,TRBV25-1,TRBJ1-3,C/F,1.0,564,TRB,"C/F,C/V"
V+J,human,TRBV5-5,TRBJ1-6,C/F,1.0,560,TRB,"C/F,C/V"
V+J,human,TRBV6-6,TRBJ2-4,C/F,1.0,551,TRB,"C/F,C/V"
V+J,human,TRBV24-1,TRBJ2-6,C/F,1.0,550,TRB,"C/F,C/V"
V+J,mouse,TRBV5,TRBJ2-7,C/F,1.0,516,TRB,"C/F,C/V"
V+J,human,TRBV5-8,TRBJ2-2,C/F,1.0,510,TRB,"C/F,C/V"
V+J,human,TRBV13,TRBJ1-6,C/F,1.0,495,TRB,"C/F,C/V"
V+J,mouse,TRBV13-3,TRBJ2-7,C/F,1.0,493,TRB,"C/F,C/V"
V+J,human,TRBV13,TRBJ1-3,C/F,1.0,487,TRB,"C/F,C/V"
V+J,human,TRBV11-1,TRBJ1-2,C/F,1.0,484,TRB,"C/F,C/V"
V+J,human,TRBV10-2,TRBJ1-6,C/F,1.0,472,TRB,"C/F,C/V"
V+J,human,TRBV7-8,TRBJ2-6,C/F,1.0,472,TRB,"C/F,C/V"
V+J,mouse,TRBV13-2,TRBJ2-5,C/F,1.0,465,TRB,"C/F,C/V"
V+J,human,TRBV24-1,TRBJ1-4,C/F,1.0,465,TRB,"C/F,C/V"
V+J,human,TRBV5-5,TRBJ1-3,C/F,1.0,463,TRB,"C/F,C/V"
V+J,human,TRBV15,TRBJ2-4,C/F,1.0,454,TRB,"C/F,C/V"
V+J,mouse,TRBV19,TRBJ2-7,C/F,1.0,448,TRB,"C/F,C/V"
V+J,human,TRBV13,TRBJ1-4,C/F,1.0,434,TRB,"C/F,C/V"
V+J,human,TRBV7-8,TRBJ2-4,C/F,1.0,433,TRB,"C/F,C/V"
V+J,human,TRBV4-2,TRBJ2-4,C/F,1.0,431,TRB,"C/F,C/V"
V+J,human,TRBV6-4,TRBJ1-5,C/F,1.0,426,TRB,"C/F,C/V"
V+J,human,TRBV6-4,TRBJ1-6,C/F,1.0,424,TRB,"C/F,C/V"
V+J,human,TRBV10-3,TRBJ2-4,C/F,1.0,421,TRB,"C/F,C/V"
V+J,mouse,TRBV13-1,TRBJ2-7,C/F,1.0,414,TRB,"C/F,C/V"
V+J,mouse,TRBV3,TRBJ2-7,C/F,1.0,392,TRB,"C/F,C/V"
V+J,mouse,TRBV16,TRBJ2-7,C/F,1.0,389,TRB,"C/F,C/V"
V+J,mouse,TRBV12-1,TRBJ2-7,C/F,1.0,389,TRB,"C/F,C/V"
V+J,human,TRBV4-3,TRBJ2-4,C/F,1.0,388,TRB,"C/F,C/V"
V+J,human,TRBV7-6,TRBJ2-6,C/F,1.0,376,TRB,"C/F,C/V"
V+J,mouse,TRBV13-2,TRBJ2-1,C/F,1.0,369,TRB,"C/F,C/V"
V+J,human,TRBV7-3,TRBJ1-3,C/F,1.0,345,TRB,"C/F,C/V"
V+J,human,TRBV13,TRBJ1-5,C/F,1.0,343,TRB,"C/F,C/V"
V+J,human,TRBV14,TRBJ2-4,C/F,1.0,341,TRB,"C/F,C/V"
V+J,human,TRBV14,TRBJ2-6,C/F,1.0,340,TRB,"C/F,C/V"
V+J,human,TRBV6-4,TRBJ2-5,C/F,1.0,340,TRB,"C/F,C/V"
V+J,human,TRBV7-3,TRBJ1-5,C/F,1.0,334,TRB,"C/F,C/V"
V+J,mouse,TRBV13-2,TRBJ2-3,C/F,1.0,331,TRB,"C/F,C/V"
V+J,mouse,TRBV1,TRBJ2-7,C/F,1.0,329,TRB,"C/F,C/V"
V+J,mouse,TRBV19,TRBJ2-1,C/F,1.0,328,TRB,"C/F,C/V"
V+J,mouse,TRBV5,TRBJ2-5,C/F,1.0,324,TRB,"C/F,C/V"
V+J,human,TRBV25-1,TRBJ2-6,C/F,1.0,323,TRB,"C/F,C/V"
V+J,mouse,TRBV13-2,TRBJ2-4,C/F,1.0,318,TRB,"C/F,C/V"
V+J,mouse,TRBV29,TRBJ2-7,C/F,1.0,315,TRB,"C/F,C/V"
V+J,human,TRBV29-1,TRBJ1-6,C/F,1.0,313,TRB,"C/F,C/V"
V+J,mouse,TRBV31,TRBJ2-7,C/F,1.0,305,TRB,"C/F,C/V"
V+J,human,TRBV10-2,TRBJ1-4,C/F,1.0,297,TRB,"C/F,C/V"
V+J,human,TRBV13,TRBJ2-6,C/F,1.0,295,TRB,"C/F,C/V"
V+J,human,TRBV11-3,TRBJ1-6,C/F,1.0,295,TRB,"C/F,C/V"
V+J,human,TRBV10-1,TRBJ1-2,C/F,1.0,292,TRB,"C/F,C/V"
V+J,human,TRBV10-2,TRBJ1-3,C/F,1.0,291,TRB,"C/F,C/V"
V+J,human,TRBV11-3,TRBJ1-3,C/F,1.0,290,TRB,"C/F,C/V"
V+J,human,TRBV16,TRBJ1-1,C/F,1.0,289,TRB,"C/F,C/V"
V+J,human,TRBV6-4,TRBJ2-7,C/F,0.9828178694158075,286,TRB,"C/F,C/V"
V+J,human,TRBV16,TRBJ1-2,C/F,1.0,286,TRB,"C/F,C/V"
V+J,human,TRBV12-5,TRBJ1-3,C/F,1.0,282,TRB,"C/F,C/V"
V+J,human,TRBV5-8,TRBJ1-4,C/F,1.0,282,TRB,"C/F,C/V"
V+J,mouse,TRBV19,TRBJ2-3,C/F,1.0,281,TRB,"C/F,C/V"
V+J,mouse,TRBV19,TRBJ2-5,C/F,1.0,281,TRB,"C/F,C/V"
V+J,human,TRBV12-5,TRBJ1-6,C/F,1.0,281,TRB,"C/F,C/V"
V+J,mouse,TRBV12-1,TRBJ2-1,C/F,1.0,278,TRB,"C/F,C/V"
V+J,human,TRBV14,TRBJ1-5,C/F,1.0,278,TRB,"C/F,C/V"
V+J,mouse,TRBV13-2,TRBJ1-1,C/F,1.0,277,TRB,"C/F,C/V"
V+J,human,TRBV16,TRBJ2-7,C/F,0.9892086330935251,275,TRB,"C/F,C/V"
V+J,human,TRBV7-7,TRBJ1-1,C/F,1.0,271,TRB,"C/F,C/V"
V+J,mouse,TRBV2,TRBJ2-7,C/F,1.0,269,TRB,"C/F,C/V"
V+J,human,TRBV5-5,TRBJ2-6,C/F,1.0,269,TRB,"C/F,C/V"
V+J,mouse,TRBV19,TRBJ1-1,C/F,1.0,265,TRB,"C/F,C/V"
V+J,mouse,TRBV5,TRBJ2-1,C/F,1.0,262,TRB,"C/F,C/V"
V+J,human,TRBV12-5,TRBJ1-4,C/F,1.0,261,TRB,"C/F,C/V"
V+J,mouse,TRBV15,TRBJ2-7,C/F,1.0,260,TRB,"C/F,C/V"
V+J,mouse,TRBV5,TRBJ1-1,C/F,1.0,260,TRB,"C/F,C/V"
V+J,mouse,TRBV1,TRBJ2-1,C/F,1.0,260,TRB,"C/F,C/V"
V+J,human,TRBV13,TRBJ2-4,C/F,1.0,259,TRB,"C/F,C/V"
V+J,human,TRBV5-8,TRBJ1-6,C/F,1.0,258,TRB,"C/F,C/V"
V+J,human,TRBV11-3,TRBJ2-6,C/F,1.0,255,TRB,"C/F,C/V"
V+J,mouse,TRBV3,TRBJ2-5,C/F,1.0,254,TRB,"C/F,C/V"
V+J,mouse,TRBV16,TRBJ2-5,C/F,1.0,251,TRB,"C/F,C/V"
V+J,mouse,TRBV13-1,TRBJ1-1,C/F,1.0,249,TRB,"C/F,C/V"
V+J,human,TRBV24-1,TRBJ2-4,C/F,1.0,244,TRB,"C/F,C/V"
V+J,human,TRBV25-1,TRBJ2-4,C/F,1.0,242,TRB,"C/F,C/V"
V+J,mouse,TRBV31,TRBJ2-5,C/F,1.0,241,TRB,"C/F,C/V"
V+J,mouse,TRBV13-3,TRBJ2-5,C/F,1.0,241,TRB,"C/F,C/V"
V+J,human,TRBV11-3,TRBJ2-4,C/F,1.0,241,TRB,"C/F,C/V"
V+J,mouse,TRBV13-1,TRBJ2-1,C/F,1.0,238,TRB,"C/F,C/V"
V+J,human,TRBV11-1,TRBJ1-6,C/F,1.0,238,TRB,"C/F,C/V"
V+J,mouse,TRBV13-1,TRBJ2-2,C/F,1.0,236,TRB,"C/F,C/V"
V+J,human,TRBV24-1,TRBJ1-3,C/F,1.0,236,TRB,"C/F,C/V"
V+J,mouse,TRBV5,TRBJ2-3,C/F,1.0,234,TRB,"C/F,C/V"
V+J,mouse,TRBV4,TRBJ2-7,C/F,1.0,233,TRB,"C/F,C/V"
V+J,human,TRBV11-3,TRBJ1-4,C/F,1.0,231,TRB,"C/F,C/V"
V+J,mouse,TRBV12-2,TRBJ2-7,C/F,1.0,228,TRB,"C/F,C/V"
V+J,mouse,TRBV3,TRBJ2-1,C/F,1.0,224,TRB,"C/F,C/V"
V+J,human,TRBV16,TRBJ1-5,C/F,1.0,222,TRB,"C/F,C/V"
V+J,mouse,TRBV29,TRBJ1-1,C/F,1.0,220,TRB,"C/F,C/V"
V+J,mouse,TRBV1,TRBJ1-1,C/F,1.0,220,TRB,"C/F,C/V"
V+J,mouse,TRBV13-3,TRBJ1-1,C/F,1.0,219,TRB,"C/F,C/V"
V+J,mouse,TRBV13-1,TRBJ2-5,C/F,1.0,219,TRB,"C/F,C/V"
V+J,human,TRBV16,TRBJ2-1,C/F,1.0,219,TRB,"C/F,C/V"
V+J,mouse,TRBV3,TRBJ2-3,C/F,1.0,210,TRB,"C/F,C/V"
V+J,mouse,TRBV12-1,TRBJ2-5,C/F,1.0,208,TRB,"C/F,C/V"
V+J,human,TRBV10-1,TRBJ1-6,C/F,1.0,208,TRB,"C/F,C/V"
V+J,mouse,TRBV13-3,TRBJ2-1,C/F,1.0,207,TRB,"C/F,C/V"
V+J,mouse,TRBV13-2,TRBJ1-2,C/F,1.0,205,TRB,"C/F,C/V"
V+J,mouse,TRBV3,TRBJ1-1,C/F,1.0,202,TRB,"C/F,C/V"
V+J,human,TRBV5-8,TRBJ1-3,C/F,1.0,201,TRB,"C/F,C/V"
V+J,human,TRBV7-3,TRBJ2-4,C/F,1.0,198,TRB,"C/F,C/V"
V+J,mouse,TRBV16,TRBJ2-1,C/F,1.0,196,TRB,"C/F,C/V"
V+J,mouse,TRBV1,TRBJ2-5,C/F,1.0,192,TRB,"C/F,C/V"
V+J,mouse,TRBV16,TRBJ2-3,C/F,1.0,191,TRB,"C/F,C/V"
V+J,mouse,TRBV3,TRBJ2-4,C/F,1.0,188,TRB,"C/F,C/V"
V+J,mouse,TRBV16,TRBJ1-1,C/F,1.0,187,TRB,"C/F,C/V"
V+J,mouse,TRBV5,TRBJ2-4,C/F,1.0,186,TRB,"C/F,C/V"
V+J,mouse,TRBV12-2,TRBJ2-5,C/F,1.0,186,TRB,"C/F,C/V"
V+J,mouse,TRBV13-1,TRBJ2-4,C/F,1.0,185,TRB,"C/F,C/V"
V+J,mouse,TRBV13-1,TRBJ2-3,C/F,1.0,184,TRB,"C/F,C/V"
V+J,mouse,TRBV13-2,TRBJ1-4,C/F,1.0,184,TRB,"C/F,C/V"
V+J,mouse,TRBV4,TRBJ2-5,C/F,1.0,182,TRB,"C/F,C/V"
V+J,mouse,TRBV31,TRBJ2-3,C/F,1.0,182,TRB,"C/F,C/V"
V+J,mouse,TRBV2,TRBJ1-1,C/F,1.0,182,TRB,"C/F,C/V"
V+J,mouse,TRBV19,TRBJ2-4,C/F,1.0,181,TRB,"C/F,C/V"
V+J,human,TRBV5-5,TRBJ2-4,C/F,1.0,181,TRB,"C/F,C/V"
V+J,mouse,TRBV13-3,TRBJ2-4,C/F,1.0,177,TRB,"C/F,C/V"
V+J,mouse,TRBV16,TRBJ2-4,C/F,1.0,176,TRB,"C/F,C/V"
V+J,mouse,TRBV13-3,TRBJ2-3,C/F,1.0,174,TRB,"C/F,C/V"
V+J,human,TRBV24-1,TRBJ1-6,C/F,1.0,174,TRB,"C/F,C/V"
V+J,mouse,TRBV14,TRBJ2-7,C/F,1.0,173,TRB,"C/F,C/V"
V+J,mouse,TRBV1,TRBJ2-3,C/F,1.0,172,TRB,"C/F,C/V"
V+J,human,TRBV10-2,TRBJ2-4,C/F,1.0,170,TRB,"C/F,C/V"
V+J,mouse,TRBV2,TRBJ2-1,C/F,1.0,169,TRB,"C/F,C/V"
V+J,human,TRBV10-1,TRBJ1-5,C/F,1.0,169,TRB,"C/F,C/V"
V+J,mouse,TRBV2,TRBJ2-4,C/F,1.0,168,TRB,"C/F,C/V"
V+J,mouse,TRBV26,TRBJ2-7,C/F,1.0,166,TRB,"C/F,C/V"
V+J,human,TRBV5-8,TRBJ2-4,C/F,1.0,166,TRB,"C/F,C/V"
V+J,human,TRBV7-3,TRBJ1-4,C/F,1.0,165,TRB,"C/F,C/V"
V+J,mouse,TRBV29,TRBJ2-1,C/F,1.0,164,TRB,"C/F,C/V"
V+J,mouse,TRBV12-1,TRBJ1-2,C/F,1.0,163,TRB,"C/F,C/V"
V+J,mouse,TRBV12-1,TRBJ2-3,C/F,1.0,163,TRB,"C/F,C/V"
V+J,mouse,TRBV31,TRBJ2-1,C/F,1.0,160,TRB,"C/F,C/V"
V+J,mouse,TRBV2,TRBJ2-5,C/F,1.0,160,TRB,"C/F,C/V"
V+J,human,TRBV11-1,TRBJ2-6,C/F,1.0,160,TRB,"C/F,C/V"
V+J,mouse,TRBV20,TRBJ2-7,C/F,1.0,158,TRB,"C/F,C/V"
V+J,mouse,TRBV12-1,TRBJ2-4,C/F,1.0,157,TRB,"C/F,C/V"
V+J,mouse,TRBV19,TRBJ1-4,C/F,1.0,156,TRB,"C/F,C/V"
V+J,mouse,TRBV19,TRBJ1-3,C/F,1.0,155,TRB,"C/F,C/V"
V+J,human,TRBV10-2,TRBJ2-6,C/F,1.0,154,TRB,"C/F,C/V"
V+J,human,TRBV12-5,TRBJ2-6,C/F,1.0,153,TRB,"C/F,C/V"
V+J,mouse,TRBV13-2,TRBJ2-2,C/F,1.0,152,TRB,"C/F,C/V"
V+J,mouse,TRBV4,TRBJ2-3,C/F,1.0,152,TRB,"C/F,C/V"
V+J,mouse,TRBV1,TRBJ1-4,C/F,1.0,151,TRB,"C/F,C/V"
V+J,human,TRBV5-8,TRBJ2-6,C/F,1.0,151,TRB,"C/F,C/V"
V+J,mouse,TRBV13-2,TRBJ1-3,C/F,1.0,150,TRB,"C/F,C/V"
V+J,mouse,TRBV5,TRBJ2-2,C/F,1.0,149,TRB,"C/F,C/V"
V+J,mouse,TRBV31,TRBJ1-1,C/F,1.0,147,TRB,"C/F,C/V"
V+J,human,TRBV7-6,TRBJ2-4,C/F,1.0,147,TRB,"C/F,C/V"
V+J,mouse,TRBV13-3,TRBJ1-4,C/F,1.0,144,TRB,"C/F,C/V"
V+J,mouse,TRBV4,TRBJ2-1,C/F,1.0,141,TRB,"C/F,C/V"
V+J,human,TRBV12-5,TRBJ2-4,C/F,1.0,141,TRB,"C/F,C/V"
V+J,mouse,TRBV5,TRBJ1-4,C/F,1.0,140,TRB,"C/F,C/V"
V+J,human,TRBV6-3,TRBJ2-1,C/F,1.0,140,TRB,"C/F,C/V"
V+J,mouse,TRBV3,TRBJ2-2,C/F,1.0,137,TRB,"C/F,C/V"
V+J,human,TRBV11-1,TRBJ1-4,C/F,1.0,137,TRB,"C/F,C/V"
V+J,human,TRBV11-1,TRBJ1-3,C/F,1.0,137,TRB,"C/F,C/V"
V+J,mouse,TRBV14,TRBJ2-3,C/F,1.0,136,TRB,"C/F,C/V"
V+J,mouse,TRBV13-3,TRBJ2-2,C/F,1.0,135,TRB,"C/F,C/V"
V+J,mouse,TRBV19,TRBJ2-2,C/F,1.0,135,TRB,"C/F,C/V"
V+J,mouse,TRBV2,TRBJ2-3,C/F,1.0,135,TRB,"C/F,C/V"
V+J,mouse,TRBV12-2,TRBJ2-1,C/F,1.0,134,TRB,"C/F,C/V"
V+J,mouse,TRBV29,TRBJ2-3,C/F,1.0,134,TRB,"C/F,C/V"
V+J,mouse,TRBV3,TRBJ1-4,C/F,1.0,132,TRB,"C/F,C/V"
V+J,mouse,TRBV1,TRBJ2-4,C/F,1.0,132,TRB,"C/F,C/V"
V+J,mouse,TRBV26,TRBJ1-1,C/F,1.0,131,TRB,"C/F,C/V"
V+J,mouse,TRBV17,TRBJ2-7,C/F,1.0,130,TRB,"C/F,C/V"
V+J,mouse,TRBV20,TRBJ1-1,C/F,1.0,127,TRB,"C/F,C/V"
V+J,mouse,TRBV3,TRBJ1-3,C/F,1.0,127,TRB,"C/F,C/V"
V+J,mouse,TRBV13-1,TRBJ1-4,C/F,1.0,127,TRB,"C/F,C/V"
V+J,mouse,TRBV15,TRBJ1-1,C/F,1.0,126,TRB,"C/F,C/V"
V+J,mouse,TRBV15,TRBJ2-3,C/F,1.0,126,TRB,"C/F,C/V"
V+J,mouse,TRBV2,TRBJ1-4,C/F,1.0,125,TRB,"C/F,C/V"
V+J,mouse,TRBV31,TRBJ2-4,C/F,1.0,124,TRB,"C/F,C/V"
V+J,mouse,TRBV15,TRBJ2-1,C/F,1.0,123,TRB,"C/F,C/V"
V+J,mouse,TRBV31,TRBJ1-4,C/F,1.0,123,TRB,"C/F,C/V"
V+J,mouse,TRBV17,TRBJ2-3,C/F,1.0,122,TRB,"C/F,C/V"
V+J,human,TRBV10-1,TRBJ1-3,C/F,1.0,120,TRB,"C/F,C/V"
V+J,mouse,TRBV29,TRBJ2-4,C/F,1.0,118,TRB,"C/F,C/V"
V+J,mouse,TRBV12-1,TRBJ1-4,C/F,1.0,118,TRB,"C/F,C/V"
V+J,mouse,TRBV12-1,TRBJ1-1,C/F,1.0,118,TRB,"C/F,C/V"
V+J,human,TRBV16,TRBJ2-3,C/F,1.0,118,TRB,"C/F,C/V"
V+J,human,TRBV11-1,TRBJ2-4,C/F,1.0,118,TRB,"C/F,C/V"
V+J,mouse,TRBV3,TRBJ1-2,C/F,1.0,117,TRB,"C/F,C/V"
V+J,mouse,TRBV31,TRBJ1-2,C/F,1.0,116,TRB,"C/F,C/V"
V+J,mouse,TRBV14,TRBJ2-5,C/F,1.0,116,TRB,"C/F,C/V"
V+J,mouse,TRBV13-1,TRBJ1-2,C/F,1.0,115,TRB,"C/F,C/V"
V+J,mouse,TRBV29,TRBJ2-5,C/F,1.0,114,TRB,"C/F,C/V"
V+J,mouse,TRBV26,TRBJ2-5,C/F,1.0,113,TRB,"C/F,C/V"
V+J,mouse,TRBV12-2,TRBJ2-4,C/F,1.0,112,TRB,"C/F,C/V"
V+J,mouse,TRBV13-2,TRBJ1-6,C/F,1.0,112,TRB,"C/F,C/V"
V+J,mouse,TRBV16,TRBJ2-2,C/F,1.0,111,TRB,"C/F,C/V"
V+J,mouse,TRBV13-2,TRBJ1-5,C/F,1.0,109,TRB,"C/F,C/V"
V+J,mouse,TRBV26,TRBJ2-1,C/F,1.0,108,TRB,"C/F,C/V"
V+J,mouse,TRBV2,TRBJ1-2,C/F,1.0,108,TRB,"C/F,C/V"
V+J,mouse,TRBV17,TRBJ2-5,C/F,1.0,107,TRB,"C/F,C/V"
V+J,mouse,TRBV19,TRBJ1-6,C/F,1.0,106,TRB,"C/F,C/V"
V+J,mouse,TRBV29,TRBJ1-2,C/F,1.0,105,TRB,"C/F,C/V"
V+J,mouse,TRBV19,TRBJ1-2,C/F,1.0,104,TRB,"C/F,C/V"
V+J,mouse,TRBV13-3,TRBJ1-3,C/F,1.0,103,TRB,"C/F,C/V"
V+J,human,TRBV10-1,TRBJ2-4,C/F,1.0,102,TRB,"C/F,C/V"
V+J,mouse,TRBV4,TRBJ2-4,C/F,1.0,101,TRB,"C/F,C/V"
V+J,human,TRBV16,TRBJ1-4,C/F,1.0,101,TRB,"C/F,C/V"
V+J,mouse,TRBV20,TRBJ2-1,C/F,1.0,100,TRB,"C/F,C/V"
V+J,mouse,TRBV15,TRBJ2-5,C/F,1.0,100,TRB,"C/F,C/V"
V+J,human,TRBV11-3,TRBJ1-5,C/F,1.0,100,TRB,"C/F,C/V"
V+J,mouse,TRBV16,TRBJ1-4,C/F,1.0,99,TRB,"C/F,C/V"
V+J,human,TRBV7-7,TRBJ1-3,C/F,1.0,99,TRB,"C/F,C/V"
V+J,human,TRBV11-1,TRBJ1-5,C/F,1.0,99,TRB,"C/F,C/V"
V+J,mouse,TRBV29,TRBJ1-3,C/F,1.0,98,TRB,"C/F,C/V"
V+J,mouse,TRBV20,TRBJ1-2,C/F,1.0,98,TRB,"C/F,C/V"
V+J,mouse,TRBV20,TRBJ2-5,C/F,1.0,97,TRB,"C/F,C/V"
V+J,mouse,TRBV13-1,TRBJ1-3,C/F,1.0,97,TRB,"C/F,C/V"
V+J,human,TRBV10-1,TRBJ1-4,C/F,1.0,97,TRB,"C/F,C/V"
V+J,mouse,TRBV17,TRBJ2-1,C/F,1.0,96,TRB,"C/F,C/V"
V+J,mouse,TRBV12-1,TRBJ2-2,C/F,1.0,95,TRB,"C/F,C/V"
V+J,human,TRBV7-7,TRBJ1-4,C/F,1.0,95,TRB,"C/F,C/V"
V+J,mouse,TRBV20,TRBJ2-3,C/F,1.0,93,TRB,"C/F,C/V"
V+J,mouse,TRBV2,TRBJ2-2,C/F,1.0,92,TRB,"C/F,C/V"
V+J,mouse,TRBV20,TRBJ2-4,C/F,1.0,92,TRB,"C/F,C/V"
V+J,mouse,TRBV29,TRBJ1-5,C/F,1.0,92,TRB,"C/F,C/V"
V+J,mouse,TRBV26,TRBJ1-4,C/F,1.0,92,TRB,"C/F,C/V"
V+J,mouse,TRBV5,TRBJ1-3,C/F,1.0,91,TRB,"C/F,C/V"
V+J,mouse,TRBV1,TRBJ2-2,C/F,1.0,91,TRB,"C/F,C/V"
V+J,mouse,TRBV31,TRBJ2-2,C/F,1.0,89,TRB,"C/F,C/V"
V+J,mouse,TRBV26,TRBJ2-4,C/F,1.0,89,TRB,"C/F,C/V"
V+J,mouse,TRBV14,TRBJ2-1,C/F,1.0,89,TRB,"C/F,C/V"
V+J,mouse,TRBV13-3,TRBJ1-2,C/F,1.0,88,TRB,"C/F,C/V"
V+J,mouse,TRBV4,TRBJ1-1,C/F,1.0,88,TRB,"C/F,C/V"
V+J,mouse,TRBV31,TRBJ1-3,C/F,1.0,88,TRB,"C/F,C/V"
V+J,mouse,TRBV16,TRBJ1-3,C/F,1.0,85,TRB,"C/F,C/V"
V+J,mouse,TRBV29,TRBJ1-4,C/F,1.0,85,TRB,"C/F,C/V"
V+J,mouse,TRBV1,TRBJ1-3,C/F,1.0,85,TRB,"C/F,C/V"
V+J,human,TRBV16,TRBJ1-6,C/F,1.0,84,TRB,"C/F,C/V"
V+J,mouse,TRBV5,TRBJ1-6,C/F,1.0,81,TRB,"C/F,C/V"
V+J,mouse,TRBV15,TRBJ2-2,C/F,1.0,81,TRB,"C/F,C/V"
V+J,human,TRBV6-4,TRBJ1-4,C/F,1.0,81,TRB,"C/F,C/V"
V+J,mouse,TRBV26,TRBJ2-3,C/F,1.0,80,TRB,"C/F,C/V"
V+J,mouse,TRBV14,TRBJ1-1,C/F,1.0,80,TRB,"C/F,C/V"
V+J,mouse,TRBV12-2,TRBJ2-3,C/F,1.0,79,TRB,"C/F,C/V"
V+J,human,TRBV16,TRBJ2-2,C/F,1.0,78,TRB,"C/F,C/V"
V+J,mouse,TRBV13-1,TRBJ1-5,C/F,1.0,77,TRB,"C/F,C/V"
V+J,human,TRBV16,TRBJ1-3,C/F,1.0,77,TRB,"C/F,C/V"
V+J,mouse,TRBV20,TRBJ1-4,C/F,1.0,76,TRB,"C/F,C/V"
V+J,human,TRBV16,TRBJ2-5,C/F,1.0,76,TRB,"C/F,C/V"
V+J,mouse,TRBV12-2,TRBJ1-1,C/F,1.0,75,TRB,"C/F,C/V"
V+J,mouse,TRBV5,TRBJ1-5,C/F,1.0,74,TRB,"C/F,C/V"
V+J,mouse,TRBV15,TRBJ2-4,C/F,1.0,74,TRB,"C/F,C/V"
V+J,mouse,TRBV14,TRBJ1-4,C/F,1.0,73,TRB,"C/F,C/V"
V+J,mouse,TRBV1,TRBJ1-2,C/F,1.0,72,TRB,"C/F,C/V"
V+J,mouse,TRBV1,TRBJ1-5,C/F,1.0,71,TRB,"C/F,C/V"
V+J,mouse,TRBV1,TRBJ1-6,C/F,1.0,71,TRB,"C/F,C/V"
V+J,mouse,TRBV26,TRBJ1-3,C/F,1.0,71,TRB,"C/F,C/V"
V+J,mouse,TRBV12-2,TRBJ1-4,C/F,1.0,70,TRB,"C/F,C/V"
V+J,mouse,TRBV2,TRBJ1-3,C/F,1.0,70,TRB,"C/F,C/V"
V+J,mouse,TRBV12-1,TRBJ1-3,C/F,1.0,70,TRB,"C/F,C/V"
V+J,mouse,TRBV16,TRBJ1-2,C/F,1.0,69,TRB,"C/F,C/V"
V+J,mouse,TRBV14,TRBJ2-4,C/F,1.0,69,TRB,"C/F,C/V"
V+J,mouse,TRBV2,TRBJ1-6,C/F,1.0,68,TRB,"C/F,C/V"
V+J,mouse,TRBV2,TRBJ1-5,C/F,1.0,67,TRB,"C/F,C/V"
V+J,mouse,TRBV13-3,TRBJ1-6,C/F,1.0,66,TRB,"C/F,C/V"
V+J,mouse,TRBV26,TRBJ2-2,C/F,1.0,66,TRB,"C/F,C/V"
V+J,mouse,TRBV20,TRBJ1-3,C/F,1.0,65,TRB,"C/F,C/V"
V+J,mouse,TRBV29,TRBJ2-2,C/F,1.0,65,TRB,"C/F,C/V"
V+J,mouse,TRBV12-2,TRBJ2-2,C/F,1.0,64,TRB,"C/F,C/V"
V+J,mouse,TRBV20,TRBJ2-2,C/F,1.0,63,TRB,"C/F,C/V"
V+J,human,TRBV6-4,TRBJ2-4,C/F,1.0,63,TRB,"C/F,C/V"
V+J,mouse,TRBV4,TRBJ1-4,C/F,1.0,62,TRB,"C/F,C/V"
V+J,mouse,TRBV14,TRBJ2-2,C/F,1.0,60,TRB,"C/F,C/V"
V+J,mouse,TRBV3,TRBJ1-5,C/F,1.0,59,TRB,"C/F,C/V"
V+J,mouse,TRBV13-1,TRBJ1-6,C/F,1.0,59,TRB,"C/F,C/V"
V+J,mouse,TRBV12-2,TRBJ1-2,C/F,1.0,59,TRB,"C/F,C/V"
V+J,mouse,TRBV31,TRBJ1-5,C/F,1.0,59,TRB,"C/F,C/V"
V+J,human,TRBV6-3,TRBJ2-7,C/F,1.0,59,TRB,"C/F,C/V"
V+J,mouse,TRBV12-2,TRBJ1-3,C/F,1.0,58,TRB,"C/F,C/V"
V+J,human,TRBV7-7,TRBJ2-6,C/F,1.0,57,TRB,"C/F,C/V"
V+J,mouse,TRBV19,TRBJ1-5,C/F,1.0,56,TRB,"C/F,C/V"
V+J,mouse,TRBV4,TRBJ1-2,C/F,1.0,56,TRB,"C/F,C/V"
V+J,human,TRBV6-3,TRBJ2-3,C/F,1.0,56,TRB,"C/F,C/V"
V+J,mouse,TRBV17,TRBJ1-1,C/F,1.0,55,TRB,"C/F,C/V"
V+J,mouse,TRBV17,TRBJ2-2,C/F,1.0,54,TRB,"C/F,C/V"
V+J,mouse,TRBV26,TRBJ1-2,C/F,1.0,54,TRB,"C/F,C/V"
V+J,human,TRBV10-1,TRBJ2-6,C/F,1.0,54,TRB,"C/F,C/V"
V+J,human,TRBV7-7,TRBJ1-5,C/F,1.0,53,TRB,"C/F,C/V"
V+J,mouse,TRBV5,TRBJ1-2,C/F,1.0,52,TRB,"C/F,C/V"
V+J,mouse,TRBV31,TRBJ1-6,C/F,1.0,51,TRB,"C/F,C/V"
V+J,mouse,TRBV13-3,TRBJ1-5,C/F,1.0,50,TRB,"C/F,C/V"
V+J,human,TRBV6-3,TRBJ1-5,C/F,1.0,50,TRB,"C/F,C/V"
V+J,mouse,TRBV4,TRBJ2-2,C/F,1.0,49,TRB,"C/F,C/V"
V+J,mouse,TRBV4,TRBJ1-3,C/F,1.0,48,TRB,"C/F,C/V"
V+J,human,TRBV6-3,TRBJ2-2,C/F,1.0,47,TRB,"C/F,C/V"
V+J,human,TRBV6-3,TRBJ1-1,C/F,1.0,46,TRB,"C/F,C/V"
V+J,mouse,TRBV12-2,TRBJ1-6,C/F,1.0,44,TRB,"C/F,C/V"
V+J,human,TRBV6-3,TRBJ1-2,C/F,1.0,42,TRB,"C/F,C/V"
V+J,mouse,TRBV12-1,TRBJ1-6,C/F,1.0,39,TRB,"C/F,C/V"
V+J,human,TRBV6-4,TRBJ1-3,C/F,1.0,39,TRB,"C/F,C/V"
V+J,mouse,TRBV15,TRBJ1-4,C/F,1.0,38,TRB,"C/F,C/V"
V+J,mouse,TRBV26,TRBJ1-6,C/F,1.0,38,TRB,"C/F,C/V"
V+J,mouse,TRBV14,TRBJ1-3,C/F,1.0,38,TRB,"C/F,C/V"
V+J,mouse,TRBV12-1,TRBJ1-5,C/F,1.0,36,TRB,"C/F,C/V"
V+J,human,TRBV6-3,TRBJ2-5,C/F,1.0,36,TRB,"C/F,C/V"
V+J,mouse,TRBV29,TRBJ1-6,C/F,1.0,35,TRB,"C/F,C/V"
V+J,mouse,TRBV20,TRBJ1-5,C/F,1.0,34,TRB,"C/F,C/V"
V+J,mouse,TRBV4,TRBJ1-6,C/F,1.0,34,TRB,"C/F,C/V"
V+J,mouse,TRBV17,TRBJ1-4,C/F,1.0,33,TRB,"C/F,C/V"
V+J,mouse,TRBV30,TRBJ2-7,C/F,1.0,33,TRB,"C/F,C/V"
V+J,mouse,TRBV23,TRBJ2-7,C/F,1.0,32,TRB,"C/F,C/V"
V+J,mouse,TRBV12-2,TRBJ1-5,C/F,1.0,32,TRB,"C/F,C/V"
V+J,human,TRBV7-7,TRBJ1-6,C/F,1.0,32,TRB,"C/F,C/V"
V+J,mouse,TRBV15,TRBJ1-3,C/F,1.0,30,TRB,"C/F,C/V"
V+J,human,TRBV16,TRBJ2-4,C/F,1.0,30,TRB,"C/F,C/V"
V+J,mouse,TRBV16,TRBJ1-5,C/F,1.0,27,TRB,"C/F,C/V"
V+J,mouse,TRBV17,TRBJ2-4,C/F,1.0,27,TRB,"C/F,C/V"
V+J,human,TRBV16,TRBJ2-6,C/F,1.0,26,TRB,"C/F,C/V"
V+J,mouse,TRBV17,TRBJ1-3,C/F,1.0,25,TRB,"C/F,C/V"
V+J,mouse,TRBV15,TRBJ1-5,C/F,1.0,22,TRB,"C/F,C/V"
V+J,mouse,TRBV14,TRBJ1-6,C/F,1.0,22,TRB,"C/F,C/V"
V+J,mouse,TRBV3,TRBJ1-6,C/F,1.0,22,TRB,"C/F,C/V"
V+J,mouse,TRBV23,TRBJ2-4,C/F,1.0,22,TRB,"C/F,C/V"
V+J,mouse,TRBV26,TRBJ1-5,C/F,1.0,22,TRB,"C/F,C/V"
V+J,mouse,TRBV23,TRBJ2-5,C/F,1.0,22,TRB,"C/F,C/V"
V+J,mouse,TRBV14,TRBJ1-5,C/F,1.0,22,TRB,"C/F,C/V"
V+J,human,TRBV7-7,TRBJ1-2,C/F,1.0,22,TRB,"C/F,C/V"
V+J,human,TRBV7-4,TRBJ2-7,C/F,0.9545454545454546,21,TRB,"C/F,C/V"
V+J,mouse,TRBV23,TRBJ1-1,C/F,1.0,19,TRB,"C/F,C/V"
V+J,mouse,TRBV20,TRBJ1-6,C/F,1.0,18,TRB,"C/F,C/V"
V+J,mouse,TRBV23,TRBJ2-1,C/F,1.0,18,TRB,"C/F,C/V"
V+J,human,TRBV7-4,TRBJ1-1,C/F,1.0,18,TRB,"C/F,C/V"
V+J,mouse,TRBV30,TRBJ2-3,C/F,1.0,17,TRB,"C/F,C/V"
V+J,human,TRBV6-9,TRBJ2-7,C/F,1.0,17,TRB,"C/F,C/V"
V+J,mouse,TRBV15,TRBJ1-2,C/F,1.0,16,TRB,"C/F,C/V"
V+J,mouse,TRBV30,TRBJ2-1,C/F,1.0,16,TRB,"C/F,C/V"
V+J,mouse,TRBV14,TRBJ1-2,C/F,1.0,16,TRB,"C/F,C/V"
V+J,mouse,TRBV23,TRBJ1-2,C/F,1.0,16,TRB,"C/F,C/V"
V+J,human,TRBV7-4,TRBJ2-1,C/F,1.0,16,TRB,"C/F,C/V"
V+J,human,TRBV6-7,TRBJ2-7,C/F,0.9411764705882353,16,TRB,"C/F,C/V"
V+J,mouse,TRBV30,TRBJ1-1,C/F,1.0,15,TRB,"C/F,C/V"
V+J,mouse,TRBV16,TRBJ1-6,C/F,1.0,13,TRB,"C/F,C/V"
V+J,human,TRBV7-7,TRBJ2-4,C/F,1.0,13,TRB,"C/F,C/V"
V+J,human,TRBV6-8,TRBJ2-7,C/F,0.9285714285714286,13,TRB,"C/F,C/V"
V+J,mouse,TRBV23,TRBJ1-4,C/F,1.0,12,TRB,"C/F,C/V"
V+J,mouse,TRBV4,TRBJ1-5,C/F,1.0,12,TRB,"C/F,C/V"
V+J,mouse,TRBV30,TRBJ2-5,C/F,1.0,12,TRB,"C/F,C/V"
V+J,human,TRBV5-7,TRBJ2-7,C/F,0.9230769230769231,12,TRB,"C/F,C/V"
V+J,human,TRBV6-8,TRBJ2-1,C/F,1.0,12,TRB,"C/F,C/V"
V+J,mouse,TRBV23,TRBJ2-3,C/F,1.0,11,TRB,"C/F,C/V"
V+J,mouse,TRBV17,TRBJ1-6,C/F,1.0,11,TRB,"C/F,C/V"
V+J,human,TRBV6-9,TRBJ2-3,C/F,1.0,11,TRB,"C/F,C/V"
V+J,human,TRBV6-3,TRBJ1-6,C/F,1.0,11,TRB,"C/F,C/V"
V+J,mouse,TRBV17,TRBJ1-5,C/F,1.0,10,TRB,"C/F,C/V"
V+J,human,TRBV7-4,TRBJ1-2,C/F,1.0,10,TRB,"C/F,C/V"
V+J,human,TRBV6-9,TRBJ2-5,C/F,1.0,10,TRB,"C/F,C/V"
V+J,human,TRBV6-7,TRBJ2-2,C/F,1.0,10,TRB,"C/F,C/V"
V+J,human,TRBV6-7,TRBJ2-1,C/F,1.0,10,TRB,"C/F,C/V"
V+J,human,TRBV6-7,TRBJ1-5,C/F,1.0,10,TRB,"C/F,C/V"
V+J,mouse,TRBV23,TRBJ2-2,C/F,1.0,9,TRB,"C/F,C/V"
V+J,mouse,TRBV17,TRBJ1-2,C/F,1.0,9,TRB,"C/F,C/V"
V+J,human,TRBV6-9,TRBJ2-2,C/F,1.0,9,TRB,"C/F,C/V"
V+J,human,TRBV7-4,TRBJ1-5,C/F,1.0,9,TRB,"C/F,C/V"
V+J,human,TRBV6-3,TRBJ1-4,C/F,1.0,9,TRB,"C/F,C/V"
V+J,mouse,TRBV30,TRBJ1-2,C/F,1.0,8,TRB,"C/F,C/V"
V+J,human,TRBV6-7,TRBJ1-2,C/F,1.0,8,TRB,"C/F,C/V"
V+J,human,TRBV6-8,TRBJ2-2,C/F,1.0,8,TRB,"C/F,C/V"
V+J,human,TRBV6-8,TRBJ1-5,C/F,1.0,8,TRB,"C/F,C/V"
V+J,human,TRBV6-9,TRBJ1-2,C/F,1.0,8,TRB,"C/F,C/V"
V+J,human,TRBV21-1,TRBJ1-5,C/F,1.0,8,TRB,"C/F,C/V"
V+J,mouse,TRBV30,TRBJ2-4,C/F,1.0,7,TRB,"C/F,C/V"
V+J,mouse,TRBV30,TRBJ2-2,C/F,1.0,7,TRB,"C/F,C/V"
V+J,human,TRBV6-9,TRBJ2-1,C/F,1.0,7,TRB,"C/F,C/V"
V+J,human,TRBV6-7,TRBJ1-1,C/F,1.0,7,TRB,"C/F,C/V"
V+J,human,TRBV6-7,TRBJ2-5,C/F,1.0,7,TRB,"C/F,C/V"
V+J,human,TRBV6-8,TRBJ2-3,C/F,1.0,7,TRB,"C/F,C/V"
V+J,human,TRBV6-7,TRBJ2-3,C/F,1.0,7,TRB,"C/F,C/V"
V+J,human,TRBV21-1,TRBJ2-7,C/F,1.0,7,TRB,"C/F,C/V"
V+J,human,TRBV6-3,TRBJ1-3,C/F,1.0,7,TRB,"C/F,C/V"
V+J,mouse,TRBV23,TRBJ1-5,C/F,1.0,6,TRB,"C/F,C/V"
V+J,mouse,TRBV23,TRBJ1-6,C/F,1.0,6,TRB,"C/F,C/V"
V+J,mouse,TRBV30,TRBJ1-4,C/F,1.0,6,TRB,"C/F,C/V"
V+J,human,TRBV6-9,TRBJ1-5,C/F,1.0,6,TRB,"C/F,C/V"
V+J,human,TRBV7-4,TRBJ2-3,C/F,1.0,6,TRB,"C/F,C/V"
V+J,human,TRBV7-4,TRBJ2-5,C/F,1.0,6,TRB,"C/F,C/V"
V+J,human,TRBV21-1,TRBJ2-1,C/F,1.0,6,TRB,"C/F,C/V"
V+J,human,TRBV21-1,TRBJ2-2,C/F,1.0,6,TRB,"C/F,C/V"
V+J,mouse,TRBV23,TRBJ1-3,C/F,1.0,5,TRB,"C/F,C/V"
V+J,human,TRBV6-8,TRBJ1-1,C/F,1.0,5,TRB,"C/F,C/V"
V+J,human,TRBV7-4,TRBJ2-2,C/F,1.0,5,TRB,"C/F,C/V"
V+J,human,TRBV5-7,TRBJ2-2,C/F,1.0,5,TRB,"C/F,C/V"
V+J,human,TRBV21-1,TRBJ1-2,C/F,1.0,5,TRB,"C/F,C/V"
V+J,human,TRBV21-1,TRBJ2-4,C/F,1.0,5,TRB,"C/F,C/V"
V+J,mouse,TRBV15,TRBJ1-6,C/F,1.0,4,TRB,"C/F,C/V"
V+J,human,TRBV6-8,TRBJ1-2,C/F,1.0,4,TRB,"C/F,C/V"
V+J,human,TRBV6-7,TRBJ2-6,C/F,1.0,4,TRB,"C/F,C/V"
V+J,human,TRBV6-8,TRBJ2-5,C/F,1.0,4,TRB,"C/F,C/V"
V+J,human,TRBV6-7,TRBJ1-4,C/F,1.0,4,TRB,"C/F,C/V"
V+J,human,TRBV6-8,TRBJ1-6,C/F,1.0,4,TRB,"C/F,C/V"
V+J,human,TRBV5-7,TRBJ2-3,C/F,1.0,4,TRB,"C/F,C/V"
V+J,human,TRBV7-4,TRBJ2-6,C/F,1.0,4,TRB,"C/F,C/V"
V+J,human,TRBV6-7,TRBJ1-3,C/F,1.0,4,TRB,"C/F,C/V"
V+J,human,TRBV6-3,TRBJ2-4,C/F,1.0,4,TRB,"C/F,C/V"
V+J,human,TRBV6-3,TRBJ2-6,C/F,1.0,4,TRB,"C/F,C/V"
V+J,human,TRBV5-7,TRBJ2-4,C/F,1.0,3,TRB,"C/F,C/V"
V+J,human,TRBV5-7,TRBJ2-1,C/F,1.0,3,TRB,"C/F,C/V"
V+J,human,TRBV6-9,TRBJ1-1,C/F,1.0,3,TRB,"C/F,C/V"
V+J,human,TRBV7-4,TRBJ1-3,C/F,1.0,3,TRB,"C/F,C/V"
V+J,human,TRBV6-9,TRBJ1-4,C/F,1.0,3,TRB,"C/F,C/V"
V+J,human,TRBV7-4,TRBJ1-6,C/F,1.0,3,TRB,"C/F,C/V"
V+J,human,TRBV5-7,TRBJ2-5,C/F,1.0,3,TRB,"C/F,C/V"
V+J,human,TRBV21-1,TRBJ2-3,C/F,1.0,3,TRB,"C/F,C/V"
V+J,mouse,TRBV30,TRBJ1-3,C/F,1.0,2,TRB,"C/F,C/V"
V+J,human,TRBV7-4,TRBJ1-4,C/F,1.0,2,TRB,"C/F,C/V"
V+J,human,TRBV6-7,TRBJ1-6,C/F,1.0,2,TRB,"C/F,C/V"
V+J,human,TRBV6-9,TRBJ2-4,C/F,1.0,2,TRB,"C/F,C/V"
V+J,human,TRBV7-4,TRBJ2-4,C/F,1.0,2,TRB,"C/F,C/V"
V+J,mouse,TRBV24,TRBJ2-4,C/F,1.0,2,TRB,"C/F,C/V"
V+J,human,TRBV23-1,TRBJ1-5,C/F,1.0,2,TRB,"C/F,C/V"
V+J,human,TRBV23-1,TRBJ1-2,C/F,1.0,2,TRB,"C/F,C/V"
V+J,human,TRBV24/OR9-2,TRBJ2-5,C/F,1.0,2,TRB,"C/F,C/V"
V+J,human,TRBV21-1,TRBJ1-1,C/F,1.0,2,TRB,"C/F,C/V"
V+J,human,TRBV21-1,TRBJ1-3,C/F,1.0,2,TRB,"C/F,C/V"
V+J,human,TRBV21-1,TRBJ1-4,C/F,1.0,2,TRB,"C/F,C/V"
V+J,human,TRBV21-1,TRBJ2-5,C/F,1.0,2,TRB,"C/F,C/V"
V+J,mouse,TRBV30,TRBJ1-5,C/F,1.0,1,TRB,"C/F,C/V"
V+J,human,TRBV6-9,TRBJ2-6,C/F,1.0,1,TRB,"C/F,C/V"
V+J,human,TRBV6-9,TRBJ1-3,C/F,1.0,1,TRB,"C/F,C/V"
V+J,human,TRBV5-7,TRBJ1-4,C/F,1.0,1,TRB,"C/F,C/V"
V+J,human,TRBV6-9,TRBJ1-6,C/F,1.0,1,TRB,"C/F,C/V"
V+J,human,TRBV5-7,TRBJ1-5,C/F,1.0,1,TRB,"C/F,C/V"
V+J,human,TRBV23-1,TRBJ2-5,C/F,1.0,1,TRB,"C/F,C/V"
V+J,human,TRBV20/OR9-2,TRBJ1-2,C/F,1.0,1,TRB,"C/F,C/V"
V+J,human,TRBV24/OR9-2,TRBJ2-6,C/F,1.0,1,TRB,"C/F,C/V"
V+J,human,TRBV24/OR9-2,TRBJ2-1,C/F,1.0,1,TRB,"C/F,C/V"
V+J,human,TRBV23-1,TRBJ2-7,C/F,1.0,1,TRB,"C/F,C/V"
V+J,human,TRBV21-1,TRBJ2-6,C/F,1.0,1,TRB,"C/F,C/V"
V+J,human,TRBV23-1,TRBJ2-1,C/F,1.0,1,TRB,"C/F,C/V"
V+J,human,TRBV23-1,TRBJ2-3,C/F,1.0,1,TRB,"C/F,C/V"
J,human,,TRBJ2-7,C/F,0.9889830076898267,291300,TRB,"C/F,C/V"
J,human,,TRBJ2-1,C/F,1.0,273785,TRB,"C/F,C/V"
J,human,,TRBJ1-1,C/F,1.0,211265,TRB,"C/F,C/V"
J,human,,TRBJ2-3,C/F,1.0,210353,TRB,"C/F,C/V"
J,human,,TRBJ1-2,C/F,1.0,182318,TRB,"C/F,C/V"
J,human,,TRBJ2-2,C/F,1.0,170860,TRB,"C/F,C/V"
J,human,,TRBJ2-5,C/F,1.0,166943,TRB,"C/F,C/V"
J,human,,TRBJ1-5,C/F,1.0,119437,TRB,"C/F,C/V"
J,human,,TRBJ1-6,C/F,1.0,72125,TRB,"C/F,C/V"
J,human,,TRBJ1-4,C/F,1.0,70087,TRB,"C/F,C/V"
J,human,,TRBJ1-3,C/F,1.0,55606,TRB,"C/F,C/V"
J,human,,TRBJ2-6,C/F,1.0,35187,TRB,"C/F,C/V"
J,human,,TRBJ2-4,C/F,1.0,28926,TRB,"C/F,C/V"
J,mouse,,TRBJ2-7,C/F,1.0,6383,TRB,"C/F,C/V"
J,mouse,,TRBJ2-5,C/F,1.0,3885,TRB,"C/F,C/V"
J,mouse,,TRBJ2-1,C/F,1.0,3680,TRB,"C/F,C/V"
J,mouse,,TRBJ1-1,C/F,1.0,3262,TRB,"C/F,C/V"
J,mouse,,TRBJ2-3,C/F,1.0,3207,TRB,"C/F,C/V"
J,mouse,,TRBJ2-4,C/F,1.0,2705,TRB,"C/F,C/V"
J,mouse,,TRBJ1-4,C/F,1.0,2046,TRB,"C/F,C/V"
J,mouse,,TRBJ2-2,C/F,1.0,1940,TRB,"C/F,C/V"
J,mouse,,TRBJ1-2,C/F,1.0,1646,TRB,"C/F,C/V"
J,mouse,,TRBJ1-3,C/F,1.0,1561,TRB,"C/F,C/V"
J,mouse,,TRBJ1-5,C/F,1.0,938,TRB,"C/F,C/V"
J,mouse,,TRBJ1-6,C/F,1.0,900,TRB,"C/F,C/V"
J/any-species,any,,TRBJ2-7,C/F,0.9892166897065079,297683,TRB,"C/F,C/V"
J/any-species,any,,TRBJ2-1,C/F,1.0,277465,TRB,"C/F,C/V"
J/any-species,any,,TRBJ1-1,C/F,1.0,214527,TRB,"C/F,C/V"
J/any-species,any,,TRBJ2-3,C/F,1.0,213560,TRB,"C/F,C/V"
J/any-species,any,,TRBJ1-2,C/F,1.0,183964,TRB,"C/F,C/V"
J/any-species,any,,TRBJ2-2,C/F,1.0,172800,TRB,"C/F,C/V"
J/any-species,any,,TRBJ2-5,C/F,1.0,170828,TRB,"C/F,C/V"
J/any-species,any,,TRBJ1-5,C/F,1.0,120375,TRB,"C/F,C/V"
J/any-species,any,,TRBJ1-6,C/F,1.0,73025,TRB,"C/F,C/V"
J/any-species,any,,TRBJ1-4,C/F,1.0,72133,TRB,"C/F,C/V"
J/any-species,any,,TRBJ1-3,C/F,1.0,57167,TRB,"C/F,C/V"
J/any-species,any,,TRBJ2-6,C/F,1.0,35187,TRB,"C/F,C/V"
J/any-species,any,,TRBJ2-4,C/F,1.0,31631,TRB,"C/F,C/V"
V+J,mouse,TRBV5-1,TRBJ2-7,C/F,1.0,516,TRB,"C/F,C/V"
V+J,mouse,TRBV13,TRBJ2-7,C/F,1.0,414,TRB,"C/F,C/V"
V+J,mouse,TRBV3-1,TRBJ2-7,C/F,1.0,392,TRB,"C/F,C/V"
V+J,mouse,TRBV5-1,TRBJ2-5,C/F,1.0,324,TRB,"C/F,C/V"
V+J,mouse,TRBV29-1,TRBJ2-7,C/F,1.0,315,TRB,"C/F,C/V"
V+J,mouse,TRBV5-1,TRBJ2-1,C/F,1.0,262,TRB,"C/F,C/V"
V+J,mouse,TRBV5-1,TRBJ1-1,C/F,1.0,260,TRB,"C/F,C/V"
V+J,mouse,TRBV3-1,TRBJ2-5,C/F,1.0,254,TRB,"C/F,C/V"
V+J,mouse,TRBV13,TRBJ1-1,C/F,1.0,249,TRB,"C/F,C/V"
V+J,mouse,TRBV13,TRBJ2-1,C/F,1.0,238,TRB,"C/F,C/V"
V+J,mouse,TRBV13,TRBJ2-2,C/F,1.0,236,TRB,"C/F,C/V"
V+J,mouse,TRBV5-1,TRBJ2-3,C/F,1.0,234,TRB,"C/F,C/V"
V+J,mouse,TRBV4-1,TRBJ2-7,C/F,1.0,233,TRB,"C/F,C/V"
V+J,mouse,TRBV3-1,TRBJ2-1,C/F,1.0,224,TRB,"C/F,C/V"
V+J,mouse,TRBV29-1,TRBJ1-1,C/F,1.0,220,TRB,"C/F,C/V"
V+J,mouse,TRBV13,TRBJ2-5,C/F,1.0,219,TRB,"C/F,C/V"
V+J,mouse,TRBV3-1,TRBJ2-3,C/F,1.0,210,TRB,"C/F,C/V"
V+J,mouse,TRBV3-1,TRBJ1-1,C/F,1.0,202,TRB,"C/F,C/V"
V+J,mouse,TRBV3-1,TRBJ2-4,C/F,1.0,188,TRB,"C/F,C/V"
V+J,mouse,TRBV5-1,TRBJ2-4,C/F,1.0,186,TRB,"C/F,C/V"
V+J,mouse,TRBV13,TRBJ2-4,C/F,1.0,185,TRB,"C/F,C/V"
V+J,mouse,TRBV13,TRBJ2-3,C/F,1.0,184,TRB,"C/F,C/V"
V+J,mouse,TRBV4-1,TRBJ2-5,C/F,1.0,182,TRB,"C/F,C/V"
V+J,mouse,TRBV29-1,TRBJ2-1,C/F,1.0,164,TRB,"C/F,C/V"
V+J,mouse,TRBV20-1,TRBJ2-7,C/F,1.0,158,TRB,"C/F,C/V"
V+J,mouse,TRBV4-1,TRBJ2-3,C/F,1.0,152,TRB,"C/F,C/V"
V+J,mouse,TRBV5-1,TRBJ2-2,C/F,1.0,149,TRB,"C/F,C/V"
V+J,mouse,TRBV4-1,TRBJ2-1,C/F,1.0,141,TRB,"C/F,C/V"
V+J,mouse,TRBV5-1,TRBJ1-4,C/F,1.0,140,TRB,"C/F,C/V"
V+J,mouse,TRBV3-1,TRBJ2-2,C/F,1.0,137,TRB,"C/F,C/V"
V+J,mouse,TRBV29-1,TRBJ2-3,C/F,1.0,134,TRB,"C/F,C/V"
V+J,mouse,TRBV3-1,TRBJ1-4,C/F,1.0,132,TRB,"C/F,C/V"
V+J,mouse,TRBV20-1,TRBJ1-1,C/F,1.0,127,TRB,"C/F,C/V"
V+J,mouse,TRBV3-1,TRBJ1-3,C/F,1.0,127,TRB,"C/F,C/V"
V+J,mouse,TRBV13,TRBJ1-4,C/F,1.0,127,TRB,"C/F,C/V"
V+J,mouse,TRBV29-1,TRBJ2-4,C/F,1.0,118,TRB,"C/F,C/V"
V+J,mouse,TRBV3-1,TRBJ1-2,C/F,1.0,117,TRB,"C/F,C/V"
V+J,mouse,TRBV13,TRBJ1-2,C/F,1.0,115,TRB,"C/F,C/V"
V+J,mouse,TRBV29-1,TRBJ2-5,C/F,1.0,114,TRB,"C/F,C/V"
V+J,mouse,TRBV29-1,TRBJ1-2,C/F,1.0,105,TRB,"C/F,C/V"
V+J,mouse,TRBV4-1,TRBJ2-4,C/F,1.0,101,TRB,"C/F,C/V"
V+J,mouse,TRBV20-1,TRBJ2-1,C/F,1.0,100,TRB,"C/F,C/V"
V+J,mouse,TRBV29-1,TRBJ1-3,C/F,1.0,98,TRB,"C/F,C/V"
V+J,mouse,TRBV20-1,TRBJ1-2,C/F,1.0,98,TRB,"C/F,C/V"
V+J,mouse,TRBV20-1,TRBJ2-5,C/F,1.0,97,TRB,"C/F,C/V"
V+J,mouse,TRBV13,TRBJ1-3,C/F,1.0,97,TRB,"C/F,C/V"
V+J,mouse,TRBV20-1,TRBJ2-3,C/F,1.0,93,TRB,"C/F,C/V"
V+J,mouse,TRBV20-1,TRBJ2-4,C/F,1.0,92,TRB,"C/F,C/V"
V+J,mouse,TRBV29-1,TRBJ1-5,C/F,1.0,92,TRB,"C/F,C/V"
V+J,mouse,TRBV5-1,TRBJ1-3,C/F,1.0,91,TRB,"C/F,C/V"
V+J,mouse,TRBV4-1,TRBJ1-1,C/F,1.0,88,TRB,"C/F,C/V"
V+J,mouse,TRBV29-1,TRBJ1-4,C/F,1.0,85,TRB,"C/F,C/V"
V+J,mouse,TRBV5-1,TRBJ1-6,C/F,1.0,81,TRB,"C/F,C/V"
V+J,mouse,TRBV13,TRBJ1-5,C/F,1.0,77,TRB,"C/F,C/V"
V+J,mouse,TRBV20-1,TRBJ1-4,C/F,1.0,76,TRB,"C/F,C/V"
V+J,mouse,TRBV5-1,TRBJ1-5,C/F,1.0,74,TRB,"C/F,C/V"
V+J,mouse,TRBV20-1,TRBJ1-3,C/F,1.0,65,TRB,"C/F,C/V"
V+J,mouse,TRBV29-1,TRBJ2-2,C/F,1.0,65,TRB,"C/F,C/V"
V+J,mouse,TRBV20-1,TRBJ2-2,C/F,1.0,63,TRB,"C/F,C/V"
V+J,mouse,TRBV4-1,TRBJ1-4,C/F,1.0,62,TRB,"C/F,C/V"
V+J,mouse,TRBV3-1,TRBJ1-5,C/F,1.0,59,TRB,"C/F,C/V"
V+J,mouse,TRBV13,TRBJ1-6,C/F,1.0,59,TRB,"C/F,C/V"
V+J,mouse,TRBV4-1,TRBJ1-2,C/F,1.0,56,TRB,"C/F,C/V"
V+J,mouse,TRBV5-1,TRBJ1-2,C/F,1.0,52,TRB,"C/F,C/V"
V+J,mouse,TRBV3-1,TRBJ1-6,C/F,1.0,51,TRB,"C/F,C/V"
V+J,mouse,TRBV4-1,TRBJ2-2,C/F,1.0,49,TRB,"C/F,C/V"
V+J,mouse,TRBV4-1,TRBJ1-3,C/F,1.0,48,TRB,"C/F,C/V"
V+J,mouse,TRBV29-1,TRBJ1-6,C/F,1.0,35,TRB,"C/F,C/V"
V+J,mouse,TRBV20-1,TRBJ1-5,C/F,1.0,34,TRB,"C/F,C/V"
V+J,mouse,TRBV4-1,TRBJ1-6,C/F,1.0,34,TRB,"C/F,C/V"
V+J,mouse,TRBV23-1,TRBJ2-7,C/F,1.0,32,TRB,"C/F,C/V"
V+J,mouse,TRBV23-1,TRBJ2-4,C/F,1.0,22,TRB,"C/F,C/V"
V+J,mouse,TRBV23-1,TRBJ2-5,C/F,1.0,22,TRB,"C/F,C/V"
V+J,mouse,TRBV23-1,TRBJ1-1,C/F,1.0,19,TRB,"C/F,C/V"
V+J,mouse,TRBV20-1,TRBJ1-6,C/F,1.0,18,TRB,"C/F,C/V"
V+J,mouse,TRBV23-1,TRBJ2-1,C/F,1.0,18,TRB,"C/F,C/V"
V+J,mouse,TRBV23-1,TRBJ1-2,C/F,1.0,16,TRB,"C/F,C/V"
V+J,mouse,TRBV23-1,TRBJ1-4,C/F,1.0,12,TRB,"C/F,C/V"
V+J,mouse,TRBV4-1,TRBJ1-5,C/F,1.0,12,TRB,"C/F,C/V"
V+J,mouse,TRBV23-1,TRBJ2-3,C/F,1.0,11,TRB,"C/F,C/V"
V+J,mouse,TRBV23-1,TRBJ2-2,C/F,1.0,9,TRB,"C/F,C/V"
V+J,mouse,TRBV23-1,TRBJ1-5,C/F,1.0,6,TRB,"C/F,C/V"
V+J,mouse,TRBV23-1,TRBJ1-6,C/F,1.0,6,TRB,"C/F,C/V"
V+J,mouse,TRBV23-1,TRBJ1-3,C/F,1.0,5,TRB,"C/F,C/V"
V+J,mouse,TRBV24-1,TRBJ2-4,C/F,1.0,2,TRB,"C/F,C/V"
